customer_id,signup_date,last_active_date,monthly_spend,total_orders,support_tickets,plan_type,region,satisfaction_score,churned
C-50000,2023-09-11,2025-06-30,28.89,70,1,Basic,Europe,7.0,False
C-50001,2024-08-01,2025-06-30,79.15,85,1,Pro,North America,8.0,False
C-50002,2024-05-31,2024-11-26,87.36,10,1,Pro,Asia Pacific,7.0,False
C-50003,2024-04-09,2024-07-15,25.7,5,2,Basic,North America,7.0,False
C-50004,2022-06-10,2023-04-18,30.16,18,1,Basic,Asia Pacific,5.0,True
C-50005,2024-05-16,2025-04-13,30.48,17,3,Basic,Asia Pacific,8.0,False
C-50006,2022-06-19,2022-08-24,63.36,6,1,Pro,Asia Pacific,5.0,False
C-50007,2024-02-21,2024-10-17,17.3,18,2,Basic,Latin America,7.0,False
C-50008,2023-03-01,2024-10-07,31.91,29,3,Basic,Latin America,8.0,False
C-50009,2024-08-09,2025-06-30,26.61,57,0,Basic,Latin America,7.0,False
C-50010,2023-08-16,2024-02-22,32.42,13,3,Basic,Latin America,8.0,True
C-50011,2024-07-11,2024-09-24,34.96,4,1,Basic,Europe,6.0,False
C-50012,2022-11-12,2023-01-08,21.21,2,2,Basic,Europe,9.0,False
C-50013,2022-11-25,2024-04-16,33.07,31,0,Basic,Latin America,6.0,False
C-50014,2024-09-25,2025-06-30,21.4,39,2,Basic,Asia Pacific,4.0,True
C-50015,2022-10-11,2023-12-16,30.76,36,2,Basic,Asia Pacific,5.0,False
C-50016,2022-10-24,2024-02-05,33.64,28,2,Basic,Latin America,4.0,False
C-50017,2023-09-03,2025-04-17,78.44,37,1,Pro,Asia Pacific,5.0,False
C-50018,2024-09-04,2025-06-30,24.78,34,2,Basic,Latin America,5.0,False
C-50019,2022-09-09,2022-10-13,23.69,0,0,Basic,Latin America,9.0,False
C-50020,2024-02-23,2024-04-21,19.79,3,2,Basic,North America,6.0,False
C-50021,2024-04-23,2025-04-03,72.38,14,0,Pro,Asia Pacific,6.0,False
C-50022,2023-05-22,2024-07-31,102.78,26,1,Pro,Latin America,10.0,False
C-50023,2022-12-23,2023-04-19,99.63,10,1,Pro,Latin America,4.0,False
C-50024,2023-12-15,2025-02-23,44.08,28,1,Pro,Asia Pacific,8.0,False
C-50025,2024-06-18,2025-06-30,70.22,25,2,Pro,North America,7.0,False
C-50026,2023-09-30,2024-04-14,,13,1,Enterprise,Asia Pacific,7.0,False
C-50027,2024-09-08,2025-06-30,28.25,37,3,Basic,Latin America,7.0,False
C-50028,2022-08-25,2023-01-31,74.65,8,1,Pro,Latin America,6.0,False
C-50029,2022-11-21,2023-10-06,27.33,22,0,Basic,Latin America,5.0,False
C-50030,2022-07-15,2022-10-03,155.83,9,1,Enterprise,North America,6.0,False
C-50031,2022-09-23,2024-06-13,100.36,54,1,Pro,Latin America,6.0,True
C-50032,2024-01-29,2024-12-11,60.15,13,3,Pro,Europe,8.0,False
C-50033,2023-10-08,2024-01-01,77.03,3,1,Pro,Asia Pacific,6.0,True
C-50034,2022-10-22,2025-04-03,83.1,56,4,Pro,Europe,6.0,False
C-50035,2024-07-29,2024-10-29,25.19,12,1,Basic,Latin America,7.0,False
C-50036,2022-06-06,2022-09-09,24.12,3,1,Basic,North America,5.0,False
C-50037,2023-07-21,2023-11-30,25.56,9,0,Basic,Latin America,8.0,False
C-50038,2024-03-12,2024-11-25,28.52,9,3,Basic,Latin America,6.0,False
C-50039,2022-10-11,2022-11-28,171.14,1,3,Enterprise,Europe,5.0,False
C-50040,2022-10-28,2022-12-02,28.64,3,0,Basic,Asia Pacific,8.0,False
C-50041,2023-06-21,2023-07-31,172.73,2,0,Enterprise,Asia Pacific,8.0,True
C-50042,2024-07-05,2024-10-30,,7,4,Basic,Latin America,4.0,False
C-50043,2022-08-28,2023-02-20,29.14,10,1,Basic,North America,6.0,True
C-50044,2023-07-24,2024-01-24,23.92,14,1,Basic,Asia Pacific,8.0,False
C-50045,2022-06-03,2022-12-23,28.86,13,1,Basic,Europe,8.0,False
C-50046,2024-12-21,2025-02-12,31.8,2,2,Basic,Europe,9.0,False
C-50047,2025-01-31,2025-06-30,132.29,150,1,Enterprise,North America,6.0,False
C-50048,2023-04-23,2023-11-21,87.79,16,0,Pro,Latin America,6.0,False
C-50049,2023-09-21,2023-12-18,35.4,9,2,Basic,North America,5.0,True
C-50050,2024-01-02,2024-10-06,204.91,19,4,Enterprise,Asia Pacific,7.0,False
C-50051,2024-08-05,2025-04-02,68.47,19,0,Pro,Europe,7.0,False
C-50052,2022-10-29,2023-06-03,235.32,19,2,Enterprise,Europe,9.0,True
C-50053,2023-11-25,2025-01-08,91.27,18,0,Pro,Asia Pacific,9.0,False
C-50054,2023-08-14,2024-01-16,32.66,8,3,Basic,North America,7.0,False
C-50055,2023-08-24,2023-12-09,66.44,5,3,Pro,Europe,5.0,False
C-50056,2024-09-04,2025-02-09,227.28,6,2,Enterprise,North America,8.0,False
C-50057,2023-01-20,2023-08-22,96.51,8,0,Pro,Europe,7.0,False
C-50058,2022-06-25,2022-08-20,21.45,2,4,Basic,Asia Pacific,7.0,False
C-50059,2022-09-18,2025-06-30,168.83,105,1,Enterprise,Asia Pacific,8.0,False
C-50060,2024-03-11,2024-05-22,21.43,5,2,Basic,Latin America,8.0,False
C-50061,2022-07-11,2023-02-06,32.87,8,5,Basic,North America,8.0,True
C-50062,2024-03-07,2024-09-06,26.27,10,2,Basic,Latin America,7.0,True
C-50063,2024-09-25,2025-06-30,72.37,26,1,Pro,Asia Pacific,7.0,True
C-50064,2022-10-16,2023-10-13,37.33,28,1,Basic,Latin America,8.0,False
C-50065,2023-04-21,2023-11-24,29.7,15,2,Basic,Asia Pacific,9.0,False
C-50066,2022-10-08,2025-06-30,81.96,72,4,Pro,Latin America,6.0,True
C-50067,2024-09-28,2025-06-30,223.33,24,1,Enterprise,Europe,6.0,False
C-50068,2023-10-12,2024-02-15,41.1,5,1,Basic,Latin America,8.0,False
C-50069,2024-08-27,2025-06-30,166.84,15,0,Enterprise,Latin America,7.0,False
C-50070,2024-03-26,2024-04-25,30.06,1,2,Basic,Asia Pacific,8.0,False
C-50071,2024-08-22,2025-06-30,67.54,22,2,Pro,Asia Pacific,7.0,True
C-50072,2022-11-04,2024-03-10,31.33,35,0,Basic,Latin America,8.0,False
C-50073,2023-02-12,2025-03-27,165.76,55,2,Enterprise,Asia Pacific,7.0,False
C-50074,2023-02-01,2024-02-03,30.5,24,3,Basic,Asia Pacific,6.0,False
C-50075,2023-05-29,2023-10-08,167.8,15,1,Enterprise,North America,5.0,True
C-50076,2023-01-19,2025-02-11,28.47,48,1,Basic,Latin America,6.0,False
C-50077,2024-05-31,2024-08-14,74.3,4,1,Pro,Europe,6.0,False
C-50078,2024-05-06,2025-06-30,68.25,47,0,Pro,North America,6.0,False
C-50079,2024-06-04,2024-10-05,90.27,8,1,Pro,Latin America,,True
C-50080,2024-03-06,2025-01-07,35.14,17,1,Basic,North America,5.0,True
C-50081,2022-08-16,2022-10-01,102.87,5,0,Pro,Asia Pacific,8.0,False
C-50082,2024-04-01,2025-06-30,59.01,43,3,Pro,North America,6.0,True
C-50083,2024-08-08,2025-06-30,258.92,22,1,Enterprise,North America,8.0,False
C-50084,2024-03-10,2024-04-09,78.57,2,5,Pro,North America,5.0,False
C-50085,2024-07-16,2025-06-30,26.65,39,3,Basic,North America,7.0,False
C-50086,2023-04-28,2025-06-30,22.78,86,0,Basic,North America,4.0,False
C-50087,2024-12-07,2025-06-30,35.8,44,1,Basic,Latin America,5.0,False
C-50088,2023-05-22,2023-11-11,34.76,14,2,Basic,North America,9.0,False
C-50089,2022-10-18,2025-05-30,59.69,69,3,Pro,Latin America,7.0,False
C-50090,2023-01-02,2023-03-27,32.03,1,0,Basic,Europe,6.0,False
C-50091,2024-04-23,2024-12-19,79.3,15,3,Pro,North America,9.0,False
C-50092,2024-03-24,2025-06-30,75.84,58,5,Pro,Europe,9.0,True
C-50093,2024-01-16,2025-01-17,26.19,30,1,Basic,Europe,6.0,False
C-50094,2022-12-09,2023-05-16,34.78,10,4,Basic,Latin America,,True
C-50095,2024-05-02,2024-07-06,159.96,2,2,Enterprise,Latin America,5.0,False
C-50096,2023-10-27,2024-08-22,23.81,23,3,Basic,North America,7.0,True
C-50097,2023-08-04,2025-06-30,32.43,47,1,Basic,Asia Pacific,6.0,False
C-50098,2022-12-02,2024-04-22,24.21,32,1,Basic,North America,7.0,False
C-50099,2023-01-17,2025-06-30,177.76,65,1,Enterprise,Latin America,9.0,False
C-50100,2024-12-16,2025-06-30,15.64,33,0,Basic,Asia Pacific,7.0,False
C-50101,2025-01-18,2025-06-30,75.7,22,2,Pro,Europe,10.0,False
C-50102,2022-06-09,2022-11-16,80.06,6,2,Pro,North America,5.0,False
C-50103,2024-05-17,2024-07-06,24.37,5,0,Basic,Europe,7.0,False
C-50104,2024-12-23,2025-06-30,38.71,29,4,Basic,Asia Pacific,7.0,False
C-50105,2024-01-28,2024-11-05,82.22,28,2,Pro,Latin America,7.0,False
C-50106,2023-02-02,2024-06-06,32.33,29,2,Basic,Asia Pacific,9.0,False
C-50107,2023-11-26,2024-02-20,111.62,7,2,Pro,Asia Pacific,10.0,False
C-50108,2024-04-06,2024-06-07,198.83,5,1,Enterprise,Europe,8.0,False
C-50109,2023-05-20,2023-06-19,103.53,2,1,Pro,North America,5.0,False
C-50110,2022-11-02,2023-06-07,20.71,9,0,Basic,Latin America,4.0,True
C-50111,2024-12-08,2025-03-20,219.63,8,0,Enterprise,Asia Pacific,6.0,True
C-50112,2024-08-23,2025-06-30,18.35,31,2,Basic,North America,8.0,False
C-50113,2024-05-20,2025-06-30,83.7,101,3,Pro,Asia Pacific,8.0,False
C-50114,2023-11-16,2025-06-30,76.76,42,2,Pro,North America,6.0,False
C-50115,2023-06-19,2024-02-11,91.08,20,1,Pro,North America,8.0,False
C-50116,2023-09-04,2025-06-22,69.17,52,0,Pro,Asia Pacific,8.0,False
C-50117,2022-12-31,2023-09-30,,12,4,Pro,Europe,6.0,True
C-50118,2023-04-18,2023-05-18,71.89,0,3,Pro,North America,10.0,False
C-50119,2022-11-24,2023-07-20,23.82,14,1,Basic,North America,6.0,False
C-50120,2023-03-23,2023-05-29,90.41,4,0,Pro,Latin America,8.0,False
C-50121,2024-04-06,2025-06-30,71.99,29,2,Pro,Latin America,5.0,False
C-50122,2024-03-07,2024-06-17,223.57,8,1,Enterprise,Asia Pacific,9.0,False
C-50123,2024-07-14,2024-11-04,73.01,3,3,Pro,Europe,5.0,False
C-50124,2023-06-19,2024-08-22,32.72,25,3,Basic,North America,7.0,False
C-50125,2023-12-03,2024-01-30,74.41,1,1,Pro,Latin America,6.0,False
C-50126,2023-11-30,2025-06-30,29.25,44,3,Basic,North America,6.0,True
C-50127,2024-02-24,2025-06-30,147.05,41,2,Enterprise,Latin America,6.0,False
C-50128,2022-06-27,2022-08-10,24.29,2,2,Basic,Asia Pacific,6.0,False
C-50129,2023-12-06,2024-01-10,30.22,1,1,Basic,Latin America,6.0,False
C-50130,2022-07-02,2024-04-02,33.46,47,1,Basic,Europe,9.0,False
C-50131,2023-05-29,2023-06-28,25.06,3,1,Basic,North America,8.0,False
C-50132,2024-08-23,2024-09-22,189.58,1,3,Enterprise,Latin America,7.0,False
C-50133,2023-04-15,2023-08-03,107.57,4,0,Pro,North America,5.0,False
C-50134,2023-01-16,2023-08-28,27.06,16,1,Basic,Latin America,4.0,False
C-50135,2023-11-26,2025-06-30,30.07,38,0,Basic,Asia Pacific,6.0,True
C-50136,2024-02-14,2024-08-06,32.21,6,2,Basic,North America,7.0,True
C-50137,2022-08-07,2025-06-18,229.62,75,1,Enterprise,North America,6.0,False
C-50138,2023-09-15,2025-06-30,78.79,69,1,Pro,Europe,6.0,False
C-50139,2024-06-10,2024-09-13,26.32,8,2,Basic,Asia Pacific,8.0,True
C-50140,2022-11-16,2024-01-23,20.65,26,0,Basic,Europe,6.0,False
C-50141,2022-08-31,2024-12-18,78.16,50,0,Pro,North America,6.0,True
C-50142,2024-01-11,2025-06-12,159.09,33,1,Enterprise,Europe,7.0,False
C-50143,2023-02-28,2024-07-19,101.9,44,2,Pro,Europe,9.0,False
C-50144,2023-08-07,2023-12-05,65.83,11,2,Pro,Latin America,6.0,False
C-50145,2024-11-08,2025-06-30,239.05,26,1,Enterprise,North America,4.0,False
C-50146,2024-04-26,2025-06-30,22.03,42,1,Basic,Latin America,7.0,True
C-50147,2022-10-06,2022-11-05,83.52,3,0,Pro,Latin America,8.0,False
C-50148,2023-05-08,2023-06-07,182.3,5,3,Enterprise,Asia Pacific,5.0,False
C-50149,2022-07-02,2024-10-27,25.65,55,2,Basic,North America,9.0,True
C-50150,2024-06-27,2025-06-30,36.88,76,3,Basic,Asia Pacific,9.0,True
C-50151,2024-11-22,2025-03-08,29.9,6,1,Basic,Asia Pacific,7.0,False
C-50152,2023-06-26,2025-05-03,14.54,49,2,Basic,Asia Pacific,8.0,False
C-50153,2022-12-27,2024-02-13,96.34,28,2,Pro,Asia Pacific,8.0,False
C-50154,2022-11-18,2022-12-22,79.79,1,1,Pro,North America,8.0,False
C-50155,2024-10-19,2025-05-15,26.19,17,0,Basic,North America,7.0,False
C-50156,2022-07-18,2023-02-15,26.52,15,1,Basic,North America,8.0,False
C-50157,2022-12-16,2023-01-15,32.14,0,2,Basic,Latin America,8.0,False
C-50158,2022-09-16,2022-12-25,22.39,7,3,Basic,North America,6.0,False
C-50159,2023-05-14,2025-01-13,30.89,43,3,Basic,North America,,False
C-50160,2024-04-20,2024-08-25,29.7,13,2,Basic,Europe,7.0,False
C-50161,2022-07-27,2023-09-12,77.38,24,2,Pro,Latin America,7.0,False
C-50162,2024-10-02,2024-11-01,228.26,0,1,Enterprise,Europe,5.0,False
C-50163,2024-01-21,2025-06-30,177.48,56,0,Enterprise,Asia Pacific,8.0,False
C-50164,2022-07-11,2022-11-25,37.2,9,0,Basic,Latin America,10.0,False
C-50165,2023-12-25,2024-04-10,34.83,3,4,Basic,North America,6.0,True
C-50166,2022-10-05,2023-03-27,34.45,8,0,Basic,Europe,8.0,False
C-50167,2023-08-29,2025-06-30,76.68,59,2,Pro,Latin America,7.0,False
C-50168,2024-03-20,2024-06-13,100.46,1,2,Pro,Europe,5.0,False
C-50169,2023-09-07,2024-07-10,66.78,16,2,Pro,Europe,8.0,False
C-50170,2024-07-07,2025-06-30,25.59,58,1,Basic,Asia Pacific,8.0,True
C-50171,2023-12-02,2024-07-07,155.79,12,0,Enterprise,Asia Pacific,9.0,False
C-50172,2022-09-15,2025-01-08,171.02,55,1,Enterprise,Latin America,7.0,False
C-50173,2024-06-12,2025-01-25,29.1,11,1,Basic,North America,6.0,False
C-50174,2023-03-22,2023-05-11,88.27,3,2,Pro,North America,6.0,True
C-50175,2023-09-05,2024-05-13,180.52,11,0,Enterprise,North America,6.0,False
C-50176,2024-06-07,2025-04-03,231.83,30,1,Enterprise,Latin America,6.0,False
C-50177,2023-05-13,2024-09-26,82.41,41,1,Pro,Latin America,8.0,False
C-50178,2023-10-09,2023-12-23,212.24,7,0,Enterprise,North America,8.0,False
C-50179,2023-09-23,2024-01-05,81.61,9,5,Pro,Latin America,8.0,False
C-50180,2023-11-04,2024-10-24,28.58,21,2,Basic,Asia Pacific,6.0,False
C-50181,2024-05-11,2025-06-30,83.44,58,2,Pro,North America,10.0,False
C-50182,2023-08-25,2024-07-17,22.08,19,1,Basic,Latin America,9.0,False
C-50183,2024-09-12,2025-06-30,25.61,86,2,Basic,Asia Pacific,4.0,True
C-50184,2024-03-28,2024-11-14,86.41,9,2,Pro,Europe,5.0,False
C-50185,2023-07-06,2025-06-30,34.4,48,2,Basic,North America,8.0,False
C-50186,2023-05-03,2023-08-28,48.61,10,1,Pro,North America,3.0,True
C-50187,2024-04-14,2025-02-13,77.07,14,0,Pro,Europe,7.0,False
C-50188,2024-03-13,2024-08-06,72.62,11,2,Pro,North America,8.0,True
C-50189,2023-06-08,2023-08-09,32.28,5,1,Basic,North America,7.0,False
C-50190,2023-12-20,2024-05-01,241.16,12,2,Enterprise,Asia Pacific,6.0,False
C-50191,2023-01-04,2023-03-11,30.52,2,3,Basic,Europe,7.0,False
C-50192,2022-12-12,2023-11-22,24.43,27,2,Basic,Latin America,6.0,False
C-50193,2022-06-28,2022-12-16,32.32,8,0,Basic,Latin America,7.0,True
C-50194,2025-01-18,2025-06-30,30.77,28,3,Basic,Latin America,8.0,True
C-50195,2024-05-10,2024-11-07,38.43,11,1,Basic,Europe,6.0,False
C-50196,2024-01-15,2025-06-30,36.16,63,2,Basic,Europe,8.0,False
C-50197,2024-05-25,2024-06-24,23.4,5,0,Basic,North America,7.0,True
C-50198,2024-10-24,2025-06-30,85.85,22,1,Pro,Latin America,7.0,False
C-50199,2023-07-23,2023-11-08,83.46,3,3,Pro,Latin America,7.0,False
C-50200,2023-10-11,2024-04-01,86.48,12,0,Pro,North America,7.0,False
C-50201,2024-11-26,2025-06-30,37.37,20,1,Basic,North America,4.0,True
C-50202,2023-05-26,2025-01-06,30.53,41,2,Basic,Europe,6.0,False
C-50203,2023-01-21,2023-04-14,24.02,6,2,Basic,Europe,6.0,False
C-50204,2023-06-25,2023-10-08,51.82,7,0,Pro,Europe,,False
C-50205,2025-01-24,2025-06-30,12.81,11,5,Basic,Asia Pacific,9.0,False
C-50206,2023-04-24,2023-07-05,215.17,5,1,Enterprise,Asia Pacific,7.0,False
C-50207,2024-04-14,2024-08-04,31.74,8,0,Basic,Europe,7.0,True
C-50208,2023-11-12,2024-03-25,24.15,15,2,Basic,North America,8.0,False
C-50209,2022-09-26,2023-05-19,27.58,17,1,Basic,Europe,8.0,True
C-50210,2024-03-04,2024-04-03,52.59,2,2,Pro,Europe,3.0,False
C-50211,2024-06-18,2025-06-30,91.34,70,0,Enterprise,Asia Pacific,9.0,False
C-50212,2023-06-25,2024-04-23,93.28,17,1,Pro,North America,9.0,False
C-50213,2023-12-06,2024-10-10,295.86,15,0,Enterprise,Latin America,7.0,False
C-50214,2022-12-02,2023-02-28,24.3,7,0,Basic,North America,8.0,False
C-50215,2023-11-24,2025-02-19,85.34,35,0,Pro,Latin America,10.0,False
C-50216,2022-09-05,2022-12-03,26.11,8,2,Basic,North America,7.0,False
C-50217,2023-10-14,2024-02-14,28.63,5,0,Basic,Asia Pacific,6.0,False
C-50218,2024-03-24,2025-06-30,37.28,44,1,Basic,North America,10.0,False
C-50219,2024-05-13,2024-12-01,37.26,10,0,Basic,Latin America,6.0,False
C-50220,2023-01-04,2023-08-21,32.21,9,1,Basic,North America,7.0,True
C-50221,2022-08-10,2025-04-07,170.02,48,2,Enterprise,Latin America,6.0,True
C-50222,2023-07-19,2025-06-30,249.6,83,4,Enterprise,Europe,7.0,False
C-50223,2024-06-24,2025-06-30,22.29,35,3,Basic,Asia Pacific,10.0,True
C-50224,2024-10-05,2025-06-30,35.64,34,0,Basic,North America,5.0,True
C-50225,2023-02-21,2024-03-28,23.77,33,0,Basic,Europe,7.0,False
C-50226,2024-10-10,2025-06-30,26.91,75,1,Basic,Asia Pacific,7.0,False
C-50227,2023-11-22,2025-06-30,90.13,69,0,Pro,Latin America,6.0,False
C-50228,2022-07-31,2022-11-29,36.46,9,0,Basic,Latin America,10.0,False
C-50229,2024-02-09,2024-05-15,78.2,5,0,Pro,Latin America,6.0,False
C-50230,2023-08-05,2023-12-08,32.76,10,0,Basic,Asia Pacific,6.0,False
C-50231,2023-05-08,2023-09-17,64.07,7,2,Pro,North America,5.0,False
C-50232,2024-10-20,2025-06-30,242.44,43,2,Enterprise,Latin America,7.0,False
C-50233,2024-09-13,2024-10-25,23.63,1,3,Basic,Latin America,7.0,False
C-50234,2022-06-26,2022-07-26,32.24,0,0,Basic,Latin America,7.0,False
C-50235,2025-01-31,2025-03-02,27.9,1,6,Basic,Asia Pacific,4.0,True
C-50236,2024-10-03,2025-01-06,95.62,3,1,Pro,Latin America,8.0,False
C-50237,2023-07-11,2024-05-12,32.02,20,0,Basic,Latin America,6.0,False
C-50238,2022-11-09,2023-05-03,28.0,14,0,Basic,North America,8.0,False
C-50239,2022-12-12,2023-10-13,30.84,18,1,Basic,Asia Pacific,7.0,False
C-50240,2024-06-08,2025-06-30,29.41,40,1,Basic,Asia Pacific,6.0,True
C-50241,2023-07-31,2024-08-24,21.3,19,1,Basic,Europe,8.0,False
C-50242,2022-12-04,2023-05-26,88.54,13,0,Pro,Europe,8.0,False
C-50243,2025-01-06,2025-06-30,66.77,9,2,Pro,Asia Pacific,6.0,False
C-50244,2022-10-25,2025-04-17,27.23,70,1,Basic,North America,7.0,False
C-50245,2022-09-10,2023-09-24,67.38,27,3,Pro,Asia Pacific,7.0,False
C-50246,2023-02-22,2023-03-24,35.55,0,1,Basic,North America,6.0,False
C-50247,2024-06-07,2024-07-29,17.23,7,1,Basic,Asia Pacific,7.0,True
C-50248,2022-12-12,2025-06-30,70.85,64,0,Pro,North America,7.0,False
C-50249,2024-08-26,2025-02-14,28.57,16,3,Basic,North America,7.0,True
C-50250,2023-03-03,2023-12-11,31.36,24,1,Basic,Asia Pacific,6.0,True
C-50251,2023-06-03,2024-10-22,28.82,34,1,Basic,Europe,8.0,False
C-50252,2023-12-26,2024-04-30,35.14,8,5,Basic,Latin America,8.0,False
C-50253,2023-11-22,2024-07-06,12.13,12,2,Basic,Asia Pacific,9.0,False
C-50254,2024-09-11,2024-12-17,66.82,7,1,Pro,Latin America,5.0,False
C-50255,2022-12-16,2024-03-18,50.4,25,0,Pro,Europe,9.0,False
C-50256,2023-03-09,2024-09-21,27.76,45,0,Basic,Latin America,7.0,True
C-50257,2022-06-12,2023-08-12,32.03,29,1,Basic,North America,9.0,False
C-50258,2023-06-13,2024-01-09,112.51,18,2,Enterprise,Asia Pacific,10.0,False
C-50259,2022-09-05,2023-07-27,88.25,19,2,Pro,Latin America,7.0,False
C-50260,2022-11-07,2023-12-31,29.3,18,3,Basic,North America,10.0,False
C-50261,2022-10-11,2023-04-30,37.76,10,2,Basic,Europe,7.0,False
C-50262,2022-10-11,2022-11-10,35.64,2,1,Basic,Europe,8.0,False
C-50263,2022-07-12,2023-07-04,30.54,23,1,Basic,Europe,10.0,False
C-50264,2022-06-25,2022-08-15,69.47,6,0,Pro,North America,6.0,False
C-50265,2023-02-25,2023-03-27,93.86,3,1,Pro,Asia Pacific,6.0,False
C-50266,2023-06-03,2023-09-10,190.29,9,2,Enterprise,Europe,7.0,False
C-50267,2023-10-18,2023-12-13,22.92,3,1,Basic,Europe,6.0,False
C-50268,2024-05-11,2024-06-10,135.13,2,1,Enterprise,Asia Pacific,5.0,False
C-50269,2024-11-11,2025-06-04,21.51,18,0,Basic,North America,5.0,False
C-50270,2024-09-21,2024-12-05,26.44,1,1,Basic,Latin America,8.0,False
C-50271,2024-01-27,2025-04-11,29.04,25,1,Basic,North America,8.0,False
C-50272,2024-07-02,2025-06-30,69.55,57,3,Pro,Latin America,5.0,False
C-50273,2024-09-04,2025-06-30,192.63,51,1,Enterprise,North America,5.0,False
C-50274,2023-10-17,2024-07-31,83.77,18,3,Pro,Latin America,8.0,False
C-50275,2022-09-11,2023-09-09,38.37,30,2,Basic,Europe,7.0,False
C-50276,2022-10-11,2022-11-10,71.79,3,0,Pro,Latin America,5.0,False
C-50277,2024-08-25,2025-06-30,30.66,23,1,Basic,Europe,6.0,True
C-50278,2023-03-19,2023-06-07,25.91,9,2,Basic,Europe,7.0,False
C-50279,2024-03-27,2024-11-23,40.88,18,0,Pro,Europe,4.0,False
C-50280,2022-11-13,2025-06-30,93.84,129,3,Pro,Asia Pacific,8.0,False
C-50281,2023-04-21,2023-06-12,89.93,4,2,Pro,Latin America,10.0,False
C-50282,2023-09-26,2023-10-26,51.74,2,1,Pro,Asia Pacific,6.0,False
C-50283,2023-01-07,2024-06-03,171.24,32,0,Enterprise,Asia Pacific,9.0,False
C-50284,2024-01-20,2024-11-28,36.13,27,0,Basic,Asia Pacific,10.0,False
C-50285,2022-08-31,2022-10-27,24.22,6,2,Basic,North America,5.0,False
C-50286,2024-02-14,2024-08-08,85.7,9,0,Pro,North America,8.0,False
C-50287,2022-06-22,2023-05-20,31.86,18,2,Basic,Europe,,False
C-50288,2023-09-17,2025-06-30,76.31,71,3,Pro,Europe,,True
C-50289,2024-07-13,2025-04-12,33.11,21,1,Basic,Europe,7.0,False
C-50290,2024-03-07,2024-05-15,142.23,3,1,Enterprise,Asia Pacific,8.0,False
C-50291,2024-03-28,2025-06-30,24.31,41,2,Basic,Europe,8.0,False
C-50292,2022-09-20,2023-07-04,78.55,17,2,Pro,Latin America,6.0,True
C-50293,2024-06-16,2024-12-15,175.87,13,2,Enterprise,Latin America,6.0,False
C-50294,2024-02-14,2025-06-30,27.57,40,1,Basic,Latin America,6.0,False
C-50295,2023-09-05,2024-09-05,109.34,14,0,Pro,North America,7.0,False
C-50296,2024-06-22,2024-12-15,28.14,9,0,Basic,Europe,5.0,False
C-50297,2022-06-14,2022-11-28,74.8,17,3,Pro,Latin America,10.0,True
C-50298,2024-06-01,2024-07-21,286.54,3,1,Enterprise,Europe,6.0,False
C-50299,2025-01-03,2025-05-02,24.4,9,3,Basic,Europe,6.0,False
C-50300,2023-09-06,2025-06-30,21.39,66,3,Basic,Europe,7.0,True
C-50301,2024-03-27,2024-08-30,58.67,10,2,Pro,Asia Pacific,5.0,False
C-50302,2022-11-01,2024-02-05,31.47,33,3,Basic,Asia Pacific,6.0,False
C-50303,2024-02-26,2025-05-03,108.53,26,1,Pro,Asia Pacific,6.0,False
C-50304,2024-12-21,2025-06-30,20.28,55,0,Basic,Latin America,7.0,False
C-50305,2023-11-01,2024-08-17,186.89,20,3,Enterprise,Asia Pacific,8.0,True
C-50306,2023-07-19,2023-08-30,24.61,1,3,Basic,Latin America,6.0,False
C-50307,2023-06-18,2023-09-17,92.24,5,0,Pro,North America,6.0,False
C-50308,2023-02-13,2024-06-22,29.57,37,1,Basic,Latin America,,True
C-50309,2023-07-16,2023-10-23,103.43,6,0,Pro,North America,6.0,False
C-50310,2023-01-05,2023-11-19,25.71,22,1,Basic,Latin America,7.0,False
C-50311,2024-09-22,2025-06-30,79.23,43,1,Pro,Latin America,7.0,False
C-50312,2022-08-22,2025-03-06,18.28,58,0,Basic,Europe,5.0,False
C-50313,2023-01-01,2023-05-08,82.0,5,1,Pro,Europe,5.0,True
C-50314,2023-11-01,2024-01-22,93.47,4,4,Pro,Europe,8.0,False
C-50315,2024-06-03,2024-12-28,75.82,13,1,Pro,Latin America,9.0,False
C-50316,2024-06-02,2025-06-30,72.8,67,1,Pro,Latin America,6.0,False
C-50317,2025-01-28,2025-06-30,31.36,10,0,Basic,Europe,9.0,False
C-50318,2024-08-16,2025-06-30,28.48,33,0,Basic,North America,4.0,False
C-50319,2023-08-28,2023-09-27,82.21,1,2,Pro,Latin America,6.0,False
C-50320,2024-07-31,2025-06-30,110.52,45,1,Pro,Latin America,6.0,False
C-50321,2023-11-30,2025-01-20,19.03,27,2,Basic,Latin America,6.0,False
C-50322,2024-10-14,2025-06-30,83.86,58,1,Pro,Europe,7.0,False
C-50323,2022-09-01,2022-10-23,219.12,4,2,Enterprise,Asia Pacific,10.0,False
C-50324,2022-10-12,2023-01-11,23.29,11,2,Basic,Europe,8.0,True
C-50325,2023-10-19,2024-11-10,54.12,29,2,Pro,Asia Pacific,6.0,False
C-50326,2024-03-12,2024-05-06,27.62,4,0,Basic,Latin America,7.0,False
C-50327,2023-03-11,2023-08-11,87.74,12,1,Pro,Asia Pacific,6.0,False
C-50328,2023-06-09,2024-06-13,39.0,30,0,Pro,Asia Pacific,8.0,False
C-50329,2024-11-21,2025-06-30,34.59,45,2,Basic,Europe,9.0,False
C-50330,2022-06-06,2023-04-04,85.11,15,2,Pro,North America,7.0,False
C-50331,2022-08-30,2024-01-14,34.0,41,1,Basic,Europe,8.0,False
C-50332,2022-09-23,2023-08-06,34.35,22,1,Basic,Asia Pacific,9.0,True
C-50333,2024-06-07,2025-06-05,23.16,23,1,Basic,North America,7.0,False
C-50334,2023-06-08,2024-07-10,197.63,25,0,Enterprise,Latin America,9.0,False
C-50335,2024-03-08,2024-06-24,27.53,9,0,Basic,Europe,9.0,True
C-50336,2022-07-26,2024-09-27,66.46,53,2,Pro,Europe,6.0,False
C-50337,2022-07-09,2023-11-30,34.26,34,0,Basic,Asia Pacific,6.0,True
C-50338,2024-06-06,2024-07-06,30.67,0,0,Basic,North America,7.0,True
C-50339,2022-09-14,2024-04-18,28.45,32,0,Basic,North America,6.0,False
C-50340,2022-12-14,2024-06-25,24.62,37,3,Basic,North America,8.0,False
C-50341,2023-12-18,2025-06-30,17.69,59,0,Basic,Asia Pacific,7.0,False
C-50342,2023-06-14,2023-07-22,49.44,1,3,Pro,Asia Pacific,8.0,False
C-50343,2022-12-29,2023-06-06,25.81,15,4,Basic,North America,6.0,False
C-50344,2024-07-05,2024-12-10,70.75,17,1,Pro,Latin America,7.0,True
C-50345,2022-10-14,2023-01-06,76.65,11,3,Pro,Europe,5.0,False
C-50346,2022-07-12,2023-12-21,16.03,44,1,Basic,Latin America,8.0,False
C-50347,2023-04-19,2023-10-31,193.62,18,1,Enterprise,Europe,9.0,False
C-50348,2022-07-05,2022-11-21,86.41,5,1,Pro,Latin America,5.0,False
C-50349,2022-08-11,2022-09-10,26.1,1,2,Basic,North America,6.0,False
C-50350,2024-10-30,2025-06-30,72.38,32,7,Pro,Europe,7.0,True
C-50351,2023-01-29,2025-06-30,31.34,91,2,Basic,Asia Pacific,10.0,False
C-50352,2022-07-30,2023-10-03,197.9,20,0,Enterprise,Europe,8.0,False
C-50353,2023-08-06,2025-02-23,67.27,38,3,Pro,Latin America,6.0,False
C-50354,2023-09-27,2023-10-29,70.01,0,2,Pro,Asia Pacific,7.0,False
C-50355,2022-11-15,2023-07-08,26.32,20,1,Basic,Europe,7.0,False
C-50356,2024-08-02,2025-06-30,34.05,16,3,Basic,Latin America,9.0,False
C-50357,2024-08-08,2024-12-26,28.32,12,1,Basic,Latin America,5.0,False
C-50358,2024-02-09,2024-04-07,33.52,4,0,Basic,Asia Pacific,6.0,False
C-50359,2023-12-28,2025-03-15,35.77,22,0,Basic,North America,9.0,True
C-50360,2023-03-20,2024-01-07,29.69,14,0,Basic,Latin America,7.0,True
C-50361,2022-11-23,2023-11-20,34.28,19,3,Basic,Europe,7.0,False
C-50362,2024-06-16,2024-07-16,19.69,1,2,Basic,North America,7.0,False
C-50363,2023-02-15,2025-06-30,271.73,84,1,Enterprise,Asia Pacific,6.0,False
C-50364,2023-05-25,2024-06-23,32.73,29,3,Basic,North America,6.0,True
C-50365,2024-01-19,2024-06-15,237.09,11,0,Enterprise,Latin America,7.0,False
C-50366,2022-08-13,2023-04-29,21.8,18,3,Basic,Asia Pacific,9.0,False
C-50367,2023-11-29,2024-02-09,23.47,6,0,Basic,Latin America,7.0,False
C-50368,2023-04-05,2024-11-05,36.22,41,2,Basic,Europe,6.0,True
C-50369,2022-09-10,2024-12-24,60.45,51,3,Pro,North America,8.0,False
C-50370,2023-07-10,2023-08-12,102.96,2,3,Pro,Latin America,5.0,False
C-50371,2023-04-25,2024-07-23,70.04,26,0,Pro,Asia Pacific,6.0,True
C-50372,2023-05-25,2023-11-03,22.42,10,3,Basic,Asia Pacific,9.0,True
C-50373,2022-08-10,2023-06-22,63.35,24,1,Pro,Europe,7.0,False
C-50374,2024-06-06,2025-06-30,32.66,28,0,Basic,Asia Pacific,8.0,False
C-50375,2024-11-04,2025-06-30,45.15,11,1,Pro,Europe,7.0,True
C-50376,2023-01-09,2023-03-14,30.75,4,3,Basic,North America,7.0,True
C-50377,2023-12-07,2024-09-09,23.49,8,1,Basic,Europe,9.0,False
C-50378,2023-01-16,2023-06-05,31.71,7,2,Basic,Asia Pacific,7.0,False
C-50379,2022-09-26,2025-06-30,86.88,97,2,Pro,Latin America,8.0,False
C-50380,2023-05-01,2025-06-30,23.55,57,0,Basic,Asia Pacific,8.0,False
C-50381,2023-11-07,2023-12-28,82.26,2,1,Pro,North America,7.0,True
C-50382,2024-07-27,2025-03-06,41.9,13,0,Basic,Latin America,8.0,False
C-50383,2022-06-28,2023-03-12,104.75,12,1,Pro,Latin America,6.0,False
C-50384,2024-03-10,2024-06-13,17.98,8,4,Basic,Latin America,7.0,True
C-50385,2023-10-19,2024-02-08,166.61,9,3,Enterprise,North America,7.0,False
C-50386,2023-12-11,2024-01-10,73.46,3,2,Pro,Asia Pacific,8.0,False
C-50387,2024-01-31,2024-09-26,26.24,22,1,Basic,Asia Pacific,10.0,False
C-50388,2023-10-22,2024-02-22,217.83,12,2,Enterprise,Asia Pacific,8.0,False
C-50389,2024-12-11,2025-03-18,40.98,2,0,Basic,North America,5.0,True
C-50390,2024-01-30,2025-06-30,23.3,47,2,Basic,North America,8.0,True
C-50391,2024-09-06,2025-06-30,30.31,27,2,Basic,North America,6.0,True
C-50392,2023-04-30,2024-01-10,24.15,20,4,Basic,North America,5.0,False
C-50393,2023-03-02,2025-06-30,74.98,88,0,Pro,Europe,7.0,False
C-50394,2022-11-18,2024-05-18,57.13,27,1,Pro,North America,9.0,False
C-50395,2024-07-08,2025-06-30,212.36,44,3,Enterprise,Europe,6.0,False
C-50396,2023-08-24,2024-05-25,87.28,18,1,Pro,North America,5.0,False
C-50397,2022-11-03,2023-07-27,78.42,17,3,Pro,Europe,6.0,True
C-50398,2024-10-26,2025-06-30,43.99,68,2,Basic,Europe,8.0,False
C-50399,2023-11-16,2023-12-31,28.01,5,0,Basic,Europe,7.0,False
C-50400,2024-02-10,2025-01-23,61.57,21,1,Pro,Latin America,7.0,False
C-50401,2023-03-30,2025-06-30,84.13,67,2,Pro,Latin America,6.0,True
C-50402,2024-07-12,2024-12-09,94.0,9,2,Pro,Europe,7.0,False
C-50403,2024-07-02,2025-05-20,72.67,11,1,Pro,Asia Pacific,9.0,False
C-50404,2023-03-14,2023-12-25,61.87,25,0,Pro,Latin America,7.0,False
C-50405,2025-01-27,2025-04-29,30.37,6,2,Basic,Europe,7.0,False
C-50406,2023-02-16,2025-06-30,83.15,79,1,Pro,Latin America,7.0,False
C-50407,2024-02-21,2024-07-10,21.43,15,1,Basic,Latin America,7.0,False
C-50408,2025-01-20,2025-06-30,69.5,70,1,Pro,Latin America,9.0,False
C-50409,2023-11-30,2025-06-30,28.9,53,1,Basic,Europe,8.0,False
C-50410,2023-03-10,2023-04-12,72.69,2,0,Pro,Latin America,5.0,False
C-50411,2022-09-11,2023-11-30,26.54,30,2,Basic,Europe,10.0,False
C-50412,2023-10-19,2023-11-18,87.04,2,1,Pro,North America,6.0,False
C-50413,2023-11-17,2025-01-15,99.5,29,1,Pro,Asia Pacific,5.0,False
C-50414,2024-04-16,2024-07-21,,4,3,Basic,Europe,7.0,False
C-50415,2024-03-04,2024-07-21,220.34,7,1,Enterprise,Asia Pacific,6.0,False
C-50416,2022-08-01,2024-07-04,77.18,44,3,Pro,Europe,5.0,True
C-50417,2024-03-17,2025-06-30,76.06,72,1,Pro,Latin America,9.0,False
C-50418,2022-07-02,2022-08-14,82.0,1,3,Pro,Latin America,7.0,False
C-50419,2023-08-23,2025-06-30,32.78,39,2,Basic,Latin America,9.0,True
C-50420,2023-12-19,2024-02-19,197.74,8,1,Enterprise,North America,5.0,False
C-50421,2024-03-13,2024-08-19,206.92,12,1,Enterprise,Asia Pacific,8.0,False
C-50422,2024-02-08,2025-06-30,26.05,45,2,Basic,Asia Pacific,6.0,True
C-50423,2023-04-05,2023-10-29,97.99,12,0,Pro,North America,6.0,False
C-50424,2024-12-14,2025-01-13,90.85,4,5,Pro,Europe,,True
C-50425,2023-04-17,2023-07-07,77.7,3,1,Pro,Asia Pacific,8.0,True
C-50426,2023-12-21,2024-05-11,217.59,7,0,Enterprise,Europe,8.0,False
C-50427,2023-02-14,2023-04-22,119.6,6,2,Pro,Europe,8.0,False
C-50428,2025-01-15,2025-05-13,26.26,8,1,Basic,Asia Pacific,6.0,False
C-50429,2023-04-19,2023-05-19,33.69,1,5,Basic,Europe,6.0,False
C-50430,2022-08-22,2023-05-28,260.57,17,1,Enterprise,Latin America,8.0,False
C-50431,2023-03-31,2025-06-30,215.83,120,3,Enterprise,Asia Pacific,9.0,False
C-50432,2024-04-12,2024-06-01,180.77,5,4,Enterprise,Latin America,5.0,False
C-50433,2024-01-07,2024-07-06,76.72,13,1,Pro,Latin America,7.0,False
C-50434,2023-06-04,2025-06-30,30.69,76,0,Basic,North America,5.0,False
C-50435,2024-05-28,2025-04-26,57.03,23,2,Pro,Latin America,8.0,False
C-50436,2024-07-22,2025-06-30,31.54,33,1,Basic,Europe,6.0,False
C-50437,2024-01-29,2025-06-30,86.08,38,1,Pro,Europe,7.0,False
C-50438,2022-10-07,2025-06-30,19.2,72,3,Basic,North America,6.0,False
C-50439,2024-02-25,2025-03-18,102.61,26,4,Pro,Latin America,8.0,True
C-50440,2024-08-08,2025-06-30,232.63,45,0,Enterprise,North America,8.0,False
C-50441,2024-08-07,2024-10-25,82.04,7,2,Pro,Europe,6.0,False
C-50442,2024-05-25,2024-08-03,285.35,7,0,Enterprise,Asia Pacific,9.0,False
C-50443,2024-06-22,2024-10-23,31.86,5,2,Basic,Asia Pacific,6.0,True
C-50444,2023-02-16,2023-10-16,19.25,13,4,Basic,Latin America,7.0,True
C-50445,2023-10-29,2023-11-28,18.53,2,0,Basic,Europe,7.0,False
C-50446,2024-08-07,2024-09-06,82.98,2,1,Pro,Latin America,5.0,False
C-50447,2022-08-15,2023-02-01,28.85,19,1,Basic,Europe,8.0,False
C-50448,2023-10-06,2025-02-07,226.1,28,0,Enterprise,Asia Pacific,7.0,False
C-50449,2023-04-21,2024-05-13,150.82,10,2,Enterprise,North America,7.0,False
C-50450,2023-06-02,2024-06-24,217.41,22,0,Enterprise,Europe,6.0,False
C-50451,2024-12-21,2025-06-30,99.16,17,1,Pro,Latin America,8.0,False
C-50452,2022-12-30,2024-03-17,23.88,34,1,Basic,Europe,7.0,False
C-50453,2024-02-06,2024-04-13,34.03,3,1,Basic,North America,10.0,True
C-50454,2022-10-09,2025-06-13,211.29,60,1,Enterprise,Europe,9.0,False
C-50455,2024-08-07,2024-09-17,28.11,3,0,Basic,Asia Pacific,8.0,False
C-50456,2024-05-06,2024-09-30,32.14,2,1,Basic,Europe,7.0,True
C-50457,2023-08-02,2023-09-01,92.77,5,0,Pro,North America,8.0,False
C-50458,2022-12-22,2023-11-25,237.19,25,0,Enterprise,North America,8.0,False
C-50459,2024-02-09,2025-05-05,64.38,32,3,Pro,Latin America,9.0,True
C-50460,2024-11-28,2024-12-28,72.0,3,2,Pro,Latin America,7.0,True
C-50461,2022-06-23,2022-08-16,35.22,4,3,Basic,Europe,6.0,False
C-50462,2023-01-17,2023-09-22,102.46,11,1,Pro,Asia Pacific,8.0,False
C-50463,2024-11-19,2025-06-30,255.89,281,3,Enterprise,Europe,8.0,False
C-50464,2024-06-26,2024-12-11,47.98,11,1,Pro,North America,6.0,False
C-50465,2023-01-10,2023-04-25,31.79,4,4,Basic,North America,7.0,True
C-50466,2024-06-21,2024-09-19,245.76,6,4,Enterprise,Latin America,6.0,False
C-50467,2023-02-24,2023-04-29,35.39,8,1,Basic,Europe,5.0,False
C-50468,2024-05-24,2025-01-06,29.6,15,0,Basic,North America,3.0,True
C-50469,2024-04-07,2025-01-24,106.01,15,2,Pro,Asia Pacific,7.0,False
C-50470,2024-08-14,2024-12-06,,12,3,Basic,Latin America,6.0,False
C-50471,2024-07-20,2025-06-30,36.23,80,1,Basic,Europe,6.0,False
C-50472,2024-02-04,2024-09-10,21.94,9,0,Basic,North America,7.0,False
C-50473,2024-04-20,2024-06-29,72.26,2,0,Pro,Asia Pacific,8.0,False
C-50474,2023-08-06,2025-06-30,87.05,58,1,Pro,Latin America,6.0,False
C-50475,2025-01-25,2025-06-30,30.13,8,2,Basic,Europe,5.0,True
C-50476,2023-04-28,2025-05-03,217.04,38,0,Enterprise,Latin America,4.0,False
C-50477,2023-07-07,2024-09-06,24.77,36,1,Basic,Europe,7.0,True
C-50478,2023-10-28,2024-06-15,34.38,14,0,Basic,North America,7.0,False
C-50479,2023-08-23,2024-05-29,77.71,19,0,Pro,Europe,10.0,False
C-50480,2024-10-13,2025-06-30,27.28,52,1,Basic,Latin America,8.0,False
C-50481,2022-08-16,2023-09-15,73.65,32,2,Pro,Latin America,6.0,False
C-50482,2024-11-07,2025-06-30,35.87,84,0,Basic,North America,8.0,False
C-50483,2023-11-03,2024-02-10,233.58,9,2,Enterprise,Europe,7.0,False
C-50484,2022-12-27,2023-03-31,30.35,8,0,Basic,North America,7.0,False
C-50485,2022-07-14,2023-01-22,69.17,18,0,Pro,Latin America,9.0,False
C-50486,2022-07-29,2024-10-16,31.14,50,3,Basic,Europe,6.0,True
C-50487,2024-08-21,2025-03-01,28.25,15,2,Basic,Asia Pacific,7.0,False
C-50488,2024-02-13,2024-03-27,93.97,5,1,Pro,North America,8.0,True
C-50489,2024-06-20,2025-06-30,173.68,33,2,Enterprise,North America,7.0,False
C-50490,2022-07-21,2022-12-03,37.26,7,1,Basic,North America,6.0,True
C-50491,2023-11-26,2023-12-30,207.54,2,0,Enterprise,North America,6.0,False
C-50492,2024-05-23,2024-06-22,78.54,3,2,Pro,Asia Pacific,6.0,False
C-50493,2024-06-11,2024-07-11,61.52,0,3,Pro,Latin America,6.0,False
C-50494,2023-07-16,2024-03-09,48.56,18,3,Pro,Latin America,7.0,False
C-50495,2022-10-25,2023-04-24,26.52,12,2,Basic,North America,8.0,False
C-50496,2023-12-12,2025-01-01,,29,0,Pro,Latin America,7.0,False
C-50497,2022-07-28,2023-01-26,25.16,13,0,Basic,Europe,9.0,False
C-50498,2025-01-21,2025-04-20,38.14,8,0,Basic,North America,8.0,True
C-50499,2023-10-31,2023-11-30,31.85,1,0,Basic,Latin America,6.0,True
C-50500,2023-08-03,2023-10-12,81.15,10,0,Pro,Europe,6.0,False
C-50501,2024-07-02,2024-11-16,150.79,9,1,Enterprise,Asia Pacific,8.0,False
C-50502,2023-11-12,2025-06-30,130.18,45,2,Enterprise,Europe,9.0,False
C-50503,2024-11-30,2024-12-30,164.0,0,1,Enterprise,Europe,5.0,False
C-50504,2024-11-02,2025-06-30,71.23,57,3,Pro,Asia Pacific,6.0,False
C-50505,2022-08-25,2023-09-24,38.9,14,2,Basic,Latin America,6.0,True
C-50506,2022-06-26,2024-02-25,30.98,44,1,Basic,North America,8.0,True
C-50507,2023-03-01,2024-04-10,73.2,36,1,Pro,Latin America,5.0,False
C-50508,2023-03-15,2024-07-24,169.64,34,0,Enterprise,Asia Pacific,5.0,False
C-50509,2023-04-02,2023-05-03,55.17,3,1,Pro,Asia Pacific,6.0,False
C-50510,2024-06-01,2025-06-30,104.38,91,2,Pro,Europe,3.0,False
C-50511,2023-11-14,2024-03-07,294.5,4,0,Enterprise,Asia Pacific,6.0,True
C-50512,2023-04-11,2025-01-10,49.39,47,0,Pro,North America,10.0,True
C-50513,2023-03-11,2023-09-09,27.89,16,2,Basic,Asia Pacific,8.0,False
C-50514,2024-07-25,2024-11-08,19.87,2,4,Basic,Latin America,7.0,False
C-50515,2022-11-03,2022-12-13,36.15,5,1,Basic,North America,9.0,False
C-50516,2024-11-30,2025-01-26,36.24,3,1,Basic,Latin America,10.0,False
C-50517,2025-01-27,2025-06-30,164.53,39,2,Enterprise,North America,8.0,False
C-50518,2023-12-16,2024-01-15,67.46,2,6,Pro,Asia Pacific,7.0,True
C-50519,2024-04-30,2025-06-30,221.44,75,0,Enterprise,Asia Pacific,6.0,False
C-50520,2024-02-15,2025-06-30,69.19,59,3,Pro,Asia Pacific,5.0,False
C-50521,2023-09-16,2023-11-23,58.64,2,2,Pro,North America,6.0,False
C-50522,2023-11-04,2024-07-20,188.31,28,3,Enterprise,Asia Pacific,9.0,False
C-50523,2024-11-27,2025-06-30,227.41,45,4,Enterprise,Asia Pacific,8.0,False
C-50524,2024-08-10,2025-06-28,80.28,25,3,Pro,Asia Pacific,7.0,False
C-50525,2023-10-17,2023-12-28,188.97,6,1,Enterprise,Latin America,8.0,False
C-50526,2025-01-08,2025-06-30,24.38,22,1,Basic,Europe,5.0,False
C-50527,2024-10-07,2024-12-11,91.89,4,0,Pro,Asia Pacific,6.0,False
C-50528,2024-08-14,2025-06-30,32.02,39,2,Basic,Latin America,9.0,True
C-50529,2022-07-14,2022-12-08,80.61,14,0,Pro,Asia Pacific,5.0,False
C-50530,2022-08-22,2023-07-05,91.89,16,2,Pro,North America,8.0,False
C-50531,2022-08-22,2022-12-22,184.84,8,0,Enterprise,Europe,3.0,True
C-50532,2023-06-07,2023-08-31,74.38,7,1,Pro,Asia Pacific,6.0,False
C-50533,2023-04-11,2023-07-20,39.08,7,2,Basic,Europe,7.0,False
C-50534,2023-11-16,2025-06-30,78.52,102,4,Pro,Europe,9.0,False
C-50535,2023-04-24,2024-01-31,190.86,16,1,Enterprise,Europe,6.0,True
C-50536,2025-01-01,2025-06-30,31.25,23,1,Basic,Europe,9.0,False
C-50537,2024-07-22,2025-03-06,32.24,17,3,Basic,Latin America,5.0,True
C-50538,2024-10-24,2025-06-30,86.7,37,0,Pro,North America,6.0,False
C-50539,2024-11-28,2024-12-28,91.01,0,1,Pro,Europe,9.0,False
C-50540,2023-09-23,2023-12-21,25.07,10,1,Basic,Latin America,8.0,False
C-50541,2023-07-01,2024-04-20,29.25,17,1,Basic,Asia Pacific,7.0,False
C-50542,2022-11-18,2023-09-25,92.3,26,1,Pro,Europe,8.0,False
C-50543,2023-12-13,2024-04-23,26.4,9,1,Basic,Latin America,7.0,False
C-50544,2022-10-13,2023-01-13,26.46,2,2,Basic,Asia Pacific,7.0,True
C-50545,2022-08-15,2023-01-17,99.91,14,0,Pro,Asia Pacific,10.0,True
C-50546,2023-11-19,2024-10-24,73.72,20,2,Pro,Asia Pacific,7.0,False
C-50547,2022-06-06,2022-07-09,33.67,0,2,Basic,Europe,8.0,False
C-50548,2024-09-16,2025-02-08,35.9,8,2,Basic,Latin America,7.0,False
C-50549,2024-03-17,2025-06-30,243.6,88,1,Enterprise,Europe,7.0,False
C-50550,2022-11-05,2024-05-04,211.0,34,2,Enterprise,North America,6.0,False
C-50551,2024-11-08,2025-02-05,37.71,7,0,Basic,Latin America,4.0,True
C-50552,2022-09-05,2022-12-08,31.92,8,1,Basic,North America,7.0,True
C-50553,2023-08-23,2024-02-07,29.48,16,1,Basic,North America,6.0,False
C-50554,2024-07-14,2024-11-30,20.02,9,1,Basic,North America,8.0,False
C-50555,2024-07-30,2025-03-04,,19,3,Basic,North America,6.0,False
C-50556,2025-01-07,2025-06-30,29.76,12,2,Basic,North America,5.0,True
C-50557,2022-08-27,2022-10-24,29.12,4,2,Basic,Latin America,8.0,False
C-50558,2022-07-04,2024-07-03,32.15,46,1,Basic,North America,7.0,False
C-50559,2024-06-16,2025-06-30,38.21,35,2,Basic,North America,9.0,False
C-50560,2023-03-11,2024-06-30,95.02,34,1,Pro,North America,8.0,False
C-50561,2023-12-17,2025-06-30,58.16,52,1,Pro,Latin America,10.0,False
C-50562,2023-06-25,2025-06-30,26.39,98,1,Basic,Latin America,9.0,False
C-50563,2024-03-28,2024-07-13,30.05,2,2,Basic,Latin America,8.0,False
C-50564,2024-06-30,2025-06-30,30.08,44,1,Basic,Latin America,7.0,True
C-50565,2024-04-21,2025-06-30,92.54,30,1,Pro,North America,7.0,False
C-50566,2022-08-24,2023-09-18,58.49,28,1,Pro,Latin America,4.0,True
C-50567,2022-10-12,2025-06-30,68.48,76,1,Pro,Latin America,6.0,False
C-50568,2023-04-17,2025-06-30,75.03,76,1,Pro,North America,8.0,False
C-50569,2024-10-06,2025-06-30,34.67,36,0,Basic,Europe,5.0,False
C-50570,2023-08-29,2023-10-22,23.79,7,1,Basic,Europe,5.0,False
C-50571,2022-11-02,2023-08-26,20.24,17,2,Basic,North America,6.0,False
C-50572,2023-07-15,2023-11-23,28.14,12,2,Basic,Asia Pacific,8.0,False
C-50573,2024-11-06,2025-03-13,173.41,12,4,Enterprise,Europe,8.0,True
C-50574,2023-01-25,2023-11-13,79.77,16,2,Pro,Europe,6.0,True
C-50575,2024-03-31,2025-05-22,213.73,26,2,Enterprise,Latin America,9.0,False
C-50576,2023-12-14,2024-01-13,29.64,0,2,Basic,Europe,7.0,False
C-50577,2022-10-14,2023-02-15,20.06,11,3,Basic,Asia Pacific,9.0,False
C-50578,2024-12-15,2025-06-30,78.34,14,0,Pro,North America,7.0,False
C-50579,2022-08-03,2022-10-30,69.2,11,0,Pro,North America,6.0,False
C-50580,2023-02-24,2023-03-26,28.58,5,1,Basic,Latin America,7.0,True
C-50581,2024-10-30,2025-02-18,81.22,5,2,Pro,Latin America,7.0,False
C-50582,2022-12-11,2023-01-10,26.1,4,0,Basic,Latin America,6.0,True
C-50583,2023-07-08,2024-11-04,99.25,36,1,Pro,North America,7.0,True
C-50584,2022-11-03,2023-04-17,93.46,9,2,Pro,Latin America,6.0,False
C-50585,2022-11-30,2023-09-06,60.74,21,2,Pro,Europe,9.0,False
C-50586,2023-12-06,2024-09-24,71.96,19,1,Pro,North America,4.0,True
C-50587,2025-01-08,2025-06-30,117.42,42,1,Enterprise,North America,5.0,False
C-50588,2024-07-11,2025-06-30,73.08,34,1,Pro,North America,8.0,False
C-50589,2023-03-31,2023-04-30,29.74,2,3,Basic,Asia Pacific,5.0,False
C-50590,2024-11-30,2025-06-30,39.08,38,0,Basic,Europe,7.0,False
C-50591,2022-08-23,2022-09-22,65.19,3,2,Pro,North America,6.0,False
C-50592,2023-06-08,2023-07-14,31.04,3,1,Basic,Latin America,5.0,True
C-50593,2024-12-14,2025-06-30,30.81,24,1,Basic,Latin America,8.0,False
C-50594,2022-12-17,2023-09-12,26.19,19,0,Basic,Asia Pacific,9.0,False
C-50595,2023-11-11,2024-03-07,24.29,6,2,Basic,Asia Pacific,8.0,False
C-50596,2024-07-15,2024-10-31,71.47,9,2,Pro,North America,8.0,False
C-50597,2023-10-10,2025-02-21,31.94,27,3,Basic,Asia Pacific,5.0,False
C-50598,2022-11-07,2024-09-10,195.87,41,2,Enterprise,North America,8.0,False
C-50599,2025-01-11,2025-04-10,61.42,5,1,Pro,Europe,8.0,False
C-50600,2023-08-09,2024-02-14,178.09,14,1,Enterprise,North America,4.0,False
C-50601,2024-02-12,2024-05-06,33.32,10,2,Basic,North America,6.0,False
C-50602,2024-07-19,2025-06-30,22.77,32,1,Basic,North America,7.0,True
C-50603,2023-08-06,2024-04-22,43.6,20,0,Pro,Europe,6.0,False
C-50604,2024-09-10,2025-02-04,83.69,3,2,Pro,Latin America,8.0,False
C-50605,2023-08-12,2024-01-19,24.33,8,1,Basic,Latin America,7.0,False
C-50606,2024-07-13,2025-04-12,199.79,23,1,Enterprise,Latin America,6.0,False
C-50607,2024-03-26,2025-06-30,33.96,47,1,Basic,Europe,5.0,False
C-50608,2023-05-14,2025-01-31,26.57,37,3,Basic,Asia Pacific,9.0,False
C-50609,2023-12-24,2024-01-23,27.35,2,2,Basic,North America,6.0,False
C-50610,2023-06-29,2023-09-17,176.6,4,3,Enterprise,Asia Pacific,8.0,True
C-50611,2024-01-04,2025-03-17,79.3,39,1,Pro,Asia Pacific,7.0,False
C-50612,2024-05-30,2024-06-29,24.71,1,3,Basic,Asia Pacific,4.0,False
C-50613,2023-10-09,2024-12-05,30.08,33,1,Basic,Europe,6.0,False
C-50614,2025-01-27,2025-06-30,35.67,203,1,Basic,North America,5.0,False
C-50615,2023-12-26,2025-06-30,25.73,48,1,Basic,North America,7.0,True
C-50616,2023-12-11,2025-06-30,266.55,40,0,Enterprise,Asia Pacific,7.0,False
C-50617,2022-07-03,2024-12-23,18.09,62,1,Basic,Asia Pacific,7.0,False
C-50618,2023-10-20,2023-11-19,39.39,3,1,Basic,Latin America,9.0,False
C-50619,2023-05-23,2024-01-21,93.27,27,0,Pro,Europe,9.0,False
C-50620,2022-10-27,2023-02-28,35.15,7,2,Basic,North America,6.0,False
C-50621,2023-11-07,2023-12-07,100.36,2,1,Pro,North America,6.0,False
C-50622,2022-06-15,2022-11-22,90.51,9,0,Pro,Latin America,7.0,False
C-50623,2023-05-25,2024-08-27,28.82,26,2,Basic,North America,7.0,False
C-50624,2023-10-30,2025-06-30,84.22,42,1,Pro,Asia Pacific,10.0,False
C-50625,2022-06-14,2024-10-23,176.61,57,1,Enterprise,Asia Pacific,6.0,False
C-50626,2023-06-21,2023-07-25,28.16,3,3,Basic,Asia Pacific,7.0,True
C-50627,2024-12-03,2025-06-30,77.04,8,5,Pro,Latin America,9.0,False
C-50628,2023-06-03,2024-02-10,162.63,13,1,Enterprise,Latin America,7.0,False
C-50629,2023-11-29,2024-12-16,66.06,25,3,Pro,Latin America,8.0,False
C-50630,2024-07-26,2025-04-04,20.34,7,4,Basic,Latin America,9.0,False
C-50631,2024-08-27,2024-09-26,202.65,2,2,Enterprise,Europe,4.0,False
C-50632,2023-04-20,2024-03-04,97.39,19,1,Pro,North America,4.0,False
C-50633,2024-01-07,2024-02-07,15.24,1,0,Basic,Asia Pacific,6.0,True
C-50634,2024-02-01,2024-04-11,155.82,3,0,Enterprise,Europe,6.0,False
C-50635,2022-09-10,2022-10-10,144.82,6,1,Enterprise,Asia Pacific,9.0,True
C-50636,2024-06-06,2024-10-01,105.94,6,0,Pro,Europe,6.0,False
C-50637,2024-06-19,2025-01-23,231.16,11,3,Enterprise,Europe,8.0,False
C-50638,2023-10-30,2023-11-29,170.73,1,0,Enterprise,North America,8.0,False
C-50639,2024-10-22,2025-01-17,34.47,5,0,Basic,Latin America,8.0,True
C-50640,2022-08-07,2022-11-09,76.42,4,1,Pro,Europe,5.0,False
C-50641,2024-01-01,2024-10-08,19.79,19,1,Basic,Latin America,10.0,False
C-50642,2022-06-22,2022-11-10,28.81,7,5,Basic,Asia Pacific,7.0,False
C-50643,2023-01-05,2023-08-31,27.02,21,2,Basic,Latin America,6.0,False
C-50644,2023-04-28,2024-12-17,80.75,37,1,Pro,Europe,4.0,False
C-50645,2022-10-24,2022-12-13,37.42,5,1,Basic,North America,6.0,True
C-50646,2022-06-12,2024-08-01,170.14,51,2,Enterprise,Latin America,6.0,False
C-50647,2023-01-11,2023-02-10,228.37,2,0,Enterprise,Europe,6.0,False
C-50648,2023-12-09,2024-08-16,25.39,19,2,Basic,North America,8.0,False
C-50649,2024-07-29,2024-08-28,181.79,1,1,Enterprise,Europe,9.0,False
C-50650,2022-09-29,2023-07-08,33.08,23,3,Basic,Asia Pacific,8.0,False
C-50651,2023-05-08,2023-06-19,189.98,3,2,Enterprise,Latin America,8.0,False
C-50652,2022-06-19,2023-09-19,23.85,37,3,Basic,Latin America,6.0,True
C-50653,2022-10-25,2023-02-25,26.53,13,1,Basic,Latin America,7.0,True
C-50654,2023-10-14,2024-03-04,68.74,12,1,Pro,Asia Pacific,4.0,False
C-50655,2022-10-07,2023-12-31,104.42,35,2,Pro,Asia Pacific,10.0,False
C-50656,2023-07-07,2025-06-30,89.38,51,2,Pro,Europe,10.0,False
C-50657,2023-02-04,2023-03-30,87.79,4,3,Pro,Latin America,7.0,False
C-50658,2022-08-21,2025-06-30,23.57,83,3,Basic,Europe,8.0,False
C-50659,2024-01-12,2024-03-29,94.04,9,1,Pro,North America,6.0,True
C-50660,2023-09-09,2025-01-08,191.97,33,0,Enterprise,Europe,6.0,False
C-50661,2024-06-10,2024-07-10,66.01,2,2,Pro,Asia Pacific,8.0,False
C-50662,2023-10-21,2025-06-30,30.65,101,2,Basic,Europe,9.0,False
C-50663,2022-08-08,2023-11-19,29.55,34,3,Basic,Asia Pacific,5.0,False
C-50664,2024-12-11,2025-06-30,29.6,29,1,Basic,Europe,8.0,False
C-50665,2023-01-21,2023-03-18,28.16,4,2,Basic,North America,7.0,False
C-50666,2022-10-08,2022-11-07,74.33,1,3,Pro,North America,8.0,False
C-50667,2022-11-10,2023-01-30,73.56,10,1,Pro,Asia Pacific,7.0,False
C-50668,2024-06-30,2025-02-03,84.16,18,3,Pro,North America,7.0,False
C-50669,2023-05-04,2025-06-30,31.9,101,4,Basic,North America,9.0,False
C-50670,2024-03-14,2024-04-30,31.65,0,3,Basic,Europe,8.0,False
C-50671,2024-01-11,2024-07-15,184.55,11,2,Enterprise,Asia Pacific,7.0,False
C-50672,2024-12-17,2025-04-16,52.54,8,4,Pro,Europe,5.0,True
C-50673,2023-05-28,2023-06-29,181.48,0,1,Enterprise,Europe,6.0,False
C-50674,2025-01-15,2025-05-19,75.41,4,3,Pro,Europe,7.0,False
C-50675,2024-12-12,2025-03-14,87.26,2,1,Pro,Asia Pacific,7.0,False
C-50676,2022-08-01,2025-06-30,102.35,68,2,Enterprise,Europe,7.0,True
C-50677,2022-09-10,2025-06-30,54.9,68,2,Pro,Europe,6.0,False
C-50678,2024-03-22,2024-09-20,,12,1,Pro,North America,6.0,False
C-50679,2024-11-17,2025-02-04,31.36,4,1,Basic,Europe,9.0,False
C-50680,2023-12-30,2024-03-24,86.82,9,1,Pro,Asia Pacific,5.0,False
C-50681,2024-12-25,2025-05-07,67.88,7,1,Pro,North America,9.0,False
C-50682,2024-05-30,2025-06-30,25.83,169,1,Basic,Asia Pacific,8.0,False
C-50683,2022-09-15,2023-10-07,102.63,30,5,Pro,North America,6.0,True
C-50684,2022-09-02,2023-03-11,29.88,5,3,Basic,North America,8.0,False
C-50685,2023-05-07,2025-06-30,35.67,71,3,Basic,Latin America,8.0,False
C-50686,2024-11-19,2024-12-19,93.18,4,5,Pro,North America,8.0,False
C-50687,2023-09-07,2024-10-16,93.19,31,0,Pro,North America,6.0,False
C-50688,2024-04-25,2024-11-23,26.84,16,3,Basic,Asia Pacific,6.0,True
C-50689,2022-09-14,2022-11-13,28.67,4,2,Basic,Europe,7.0,False
C-50690,2022-10-03,2025-06-30,191.72,203,2,Enterprise,Europe,7.0,False
C-50691,2024-07-06,2024-09-22,34.89,10,2,Basic,Asia Pacific,8.0,False
C-50692,2022-12-29,2023-02-20,88.11,3,2,Pro,North America,7.0,False
C-50693,2023-10-10,2024-01-24,33.73,5,0,Basic,Asia Pacific,5.0,False
C-50694,2024-02-29,2024-08-25,30.19,13,2,Basic,North America,10.0,False
C-50695,2022-10-12,2023-04-22,110.65,10,2,Pro,Europe,5.0,False
C-50696,2022-11-19,2025-06-30,88.14,85,2,Pro,Latin America,5.0,False
C-50697,2024-11-17,2025-06-30,29.34,20,1,Basic,North America,5.0,False
C-50698,2022-09-15,2024-02-27,27.02,31,1,Basic,Europe,7.0,True
C-50699,2022-08-11,2022-09-10,32.41,3,2,Basic,Asia Pacific,6.0,True
C-50700,2024-05-07,2024-08-22,72.26,5,2,Pro,Europe,7.0,True
C-50701,2024-11-08,2024-12-08,81.63,1,2,Pro,Asia Pacific,6.0,False
C-50702,2022-11-15,2023-08-09,91.13,16,1,Pro,Europe,7.0,True
C-50703,2022-11-21,2025-05-24,146.51,58,1,Enterprise,Asia Pacific,8.0,False
C-50704,2022-06-27,2022-12-31,157.36,20,2,Enterprise,Latin America,8.0,False
C-50705,2024-02-01,2025-06-30,40.98,45,2,Basic,North America,8.0,False
C-50706,2025-01-05,2025-06-30,32.35,57,0,Basic,Latin America,6.0,False
C-50707,2024-10-27,2025-04-08,30.86,10,5,Basic,Asia Pacific,8.0,True
C-50708,2023-01-23,2023-02-22,31.82,2,2,Basic,Europe,7.0,False
C-50709,2023-12-18,2025-03-24,34.25,26,1,Basic,Latin America,8.0,False
C-50710,2022-07-04,2022-10-09,68.67,4,5,Pro,North America,6.0,True
C-50711,2024-03-18,2024-04-17,196.49,1,3,Enterprise,Latin America,8.0,False
C-50712,2022-12-23,2023-07-08,,15,4,Pro,Asia Pacific,7.0,True
C-50713,2024-09-26,2025-06-30,37.88,31,1,Basic,Asia Pacific,6.0,True
C-50714,2024-08-13,2025-02-19,205.8,12,0,Enterprise,Asia Pacific,8.0,False
C-50715,2022-11-19,2023-11-07,69.38,27,1,Pro,Latin America,7.0,True
C-50716,2022-07-08,2022-11-01,197.14,8,0,Enterprise,Latin America,6.0,False
C-50717,2023-01-18,2023-05-03,81.92,7,1,Pro,Asia Pacific,7.0,False
C-50718,2024-07-21,2024-08-23,24.22,0,2,Basic,North America,6.0,False
C-50719,2024-10-13,2025-03-11,67.03,9,2,Pro,Asia Pacific,5.0,False
C-50720,2024-05-26,2025-06-30,86.17,34,1,Pro,Europe,8.0,False
C-50721,2024-04-23,2024-09-15,32.31,15,1,Basic,Latin America,8.0,False
C-50722,2024-01-24,2025-02-01,213.19,28,3,Enterprise,Asia Pacific,9.0,False
C-50723,2023-02-26,2025-03-13,77.59,58,1,Pro,Europe,9.0,False
C-50724,2024-11-03,2025-04-11,110.41,5,0,Pro,Europe,9.0,True
C-50725,2022-12-10,2023-01-09,156.06,3,2,Enterprise,Europe,5.0,True
C-50726,2023-06-25,2023-08-05,17.88,4,2,Basic,Asia Pacific,6.0,False
C-50727,2024-11-27,2025-06-30,39.83,35,0,Basic,Europe,9.0,True
C-50728,2023-09-07,2025-06-30,24.67,66,1,Basic,Asia Pacific,6.0,False
C-50729,2024-08-27,2025-06-30,33.64,44,0,Basic,Latin America,7.0,False
C-50730,2024-03-24,2024-06-10,60.3,5,3,Pro,Asia Pacific,9.0,False
C-50731,2024-09-04,2025-06-30,87.05,126,3,Pro,Latin America,7.0,True
C-50732,2022-09-06,2022-12-08,88.09,12,1,Pro,North America,8.0,False
C-50733,2023-06-15,2024-08-22,77.3,29,1,Pro,North America,7.0,False
C-50734,2022-06-12,2024-04-05,62.41,33,0,Pro,Asia Pacific,6.0,False
C-50735,2022-07-27,2023-04-11,38.86,16,2,Basic,Latin America,10.0,True
C-50736,2024-11-10,2025-06-30,61.54,22,0,Pro,Latin America,9.0,False
C-50737,2022-12-04,2023-10-11,73.59,24,1,Pro,Latin America,7.0,False
C-50738,2022-10-05,2023-03-22,38.94,8,1,Basic,Europe,5.0,False
C-50739,2022-06-16,2023-01-02,26.03,6,2,Basic,North America,6.0,False
C-50740,2022-12-12,2023-04-22,28.46,8,0,Basic,Europe,7.0,False
C-50741,2022-06-20,2024-09-09,26.07,57,0,Basic,Latin America,4.0,True
C-50742,2024-09-02,2024-12-10,27.12,8,1,Basic,Europe,8.0,False
C-50743,2024-01-17,2024-08-21,37.61,16,0,Basic,Asia Pacific,9.0,True
C-50744,2023-08-03,2024-03-31,26.73,16,2,Basic,Latin America,7.0,False
C-50745,2022-09-07,2023-08-07,31.49,20,5,Basic,Asia Pacific,9.0,False
C-50746,2022-06-21,2025-06-30,67.62,105,0,Pro,Asia Pacific,9.0,False
C-50747,2023-07-28,2024-04-06,203.92,19,0,Enterprise,Europe,9.0,False
C-50748,2024-10-08,2025-06-30,178.28,104,1,Enterprise,Latin America,7.0,True
C-50749,2024-11-04,2024-12-04,30.61,2,2,Basic,Europe,3.0,False
C-50750,2023-06-14,2024-01-10,30.36,19,2,Basic,Asia Pacific,6.0,False
C-50751,2023-10-27,2025-06-30,24.91,141,0,Basic,Asia Pacific,8.0,False
C-50752,2024-05-07,2025-02-26,37.78,13,2,Basic,North America,7.0,True
C-50753,2023-05-21,2025-01-03,20.88,38,3,Basic,North America,10.0,False
C-50754,2024-12-21,2025-06-30,114.12,85,3,Pro,Asia Pacific,7.0,False
C-50755,2023-01-28,2025-06-30,88.45,102,0,Pro,Asia Pacific,6.0,False
C-50756,2024-03-27,2025-06-30,116.6,73,1,Enterprise,North America,8.0,False
C-50757,2024-08-11,2025-01-23,70.61,8,2,Pro,North America,8.0,False
C-50758,2023-11-03,2025-06-30,24.28,28,3,Basic,Asia Pacific,9.0,True
C-50759,2022-07-23,2022-08-24,82.25,0,1,Pro,Latin America,8.0,False
C-50760,2022-07-20,2025-06-30,73.72,147,2,Pro,North America,6.0,False
C-50761,2023-09-02,2023-10-04,22.92,2,2,Basic,Europe,9.0,False
C-50762,2023-12-12,2024-02-02,23.26,5,4,Basic,North America,7.0,False
C-50763,2024-10-30,2025-06-30,70.35,25,3,Pro,North America,7.0,False
C-50764,2024-03-28,2025-06-30,81.06,69,0,Pro,North America,6.0,False
C-50765,2023-03-20,2023-04-19,35.24,1,1,Basic,Europe,6.0,False
C-50766,2023-04-08,2025-06-30,128.69,83,1,Enterprise,Europe,6.0,False
C-50767,2024-05-15,2025-04-10,23.17,20,2,Basic,North America,6.0,False
C-50768,2024-01-06,2024-06-16,193.1,9,1,Enterprise,North America,7.0,False
C-50769,2022-10-18,2025-04-08,26.86,42,2,Basic,Latin America,7.0,False
C-50770,2023-02-28,2024-11-11,46.06,36,3,Pro,Asia Pacific,6.0,False
C-50771,2022-12-09,2023-01-22,81.76,5,0,Pro,Asia Pacific,7.0,False
C-50772,2024-03-26,2024-04-25,34.74,1,0,Basic,North America,7.0,True
C-50773,2022-09-30,2023-02-21,32.6,13,1,Basic,Asia Pacific,8.0,False
C-50774,2022-11-20,2025-01-09,30.86,53,2,Basic,Latin America,6.0,True
C-50775,2022-10-31,2024-05-18,70.15,20,2,Pro,Latin America,9.0,False
C-50776,2022-06-19,2022-07-19,93.08,2,6,Pro,Europe,9.0,False
C-50777,2024-11-25,2025-06-30,96.93,17,2,Pro,Latin America,6.0,False
C-50778,2023-02-06,2024-07-22,186.44,31,1,Enterprise,Asia Pacific,7.0,False
C-50779,2024-04-05,2025-06-30,29.79,39,2,Basic,Asia Pacific,4.0,True
C-50780,2024-05-31,2024-10-22,98.46,9,1,Pro,Asia Pacific,8.0,False
C-50781,2022-09-08,2022-12-02,37.95,2,2,Basic,Latin America,7.0,False
C-50782,2024-07-15,2024-12-11,36.51,10,2,Basic,Europe,9.0,False
C-50783,2024-08-22,2025-06-30,65.47,63,1,Pro,North America,7.0,False
C-50784,2022-06-19,2022-11-11,221.29,5,0,Enterprise,Europe,6.0,False
C-50785,2024-02-24,2024-03-25,157.28,3,2,Enterprise,North America,6.0,False
C-50786,2024-12-04,2025-06-30,61.94,25,2,Pro,Europe,4.0,True
C-50787,2024-01-01,2024-01-31,41.03,2,2,Basic,Europe,6.0,False
C-50788,2024-04-29,2024-05-29,82.16,4,4,Pro,Latin America,8.0,True
C-50789,2023-04-28,2023-06-09,70.86,3,1,Pro,North America,5.0,False
C-50790,2022-06-12,2023-04-30,31.29,24,0,Basic,Asia Pacific,7.0,False
C-50791,2022-12-04,2023-01-03,29.16,0,0,Basic,Asia Pacific,6.0,False
C-50792,2024-03-12,2025-06-30,29.73,60,0,Basic,North America,7.0,False
C-50793,2023-08-29,2025-06-30,89.79,97,1,Pro,Europe,10.0,False
C-50794,2022-10-17,2023-10-09,21.62,19,2,Basic,Europe,8.0,False
C-50795,2023-02-06,2023-11-04,81.39,12,0,Pro,Latin America,8.0,False
C-50796,2023-05-30,2025-06-16,25.23,49,1,Basic,Latin America,6.0,False
C-50797,2024-06-16,2025-06-30,29.92,110,1,Basic,Latin America,7.0,False
C-50798,2024-09-23,2025-06-30,16.69,30,1,Basic,Asia Pacific,7.0,True
C-50799,2023-04-26,2024-02-06,21.43,21,2,Basic,Asia Pacific,5.0,True
C-50800,2022-12-06,2024-02-14,32.44,30,1,Basic,Europe,6.0,True
C-50801,2023-10-11,2024-02-05,24.4,8,3,Basic,Europe,8.0,False
C-50802,2022-12-06,2025-06-30,97.87,89,0,Pro,Asia Pacific,7.0,True
C-50803,2024-11-02,2025-01-04,38.42,6,2,Basic,Asia Pacific,7.0,True
C-50804,2023-08-24,2023-11-28,209.44,7,1,Enterprise,Asia Pacific,6.0,False
C-50805,2023-03-16,2025-06-30,39.97,88,0,Basic,North America,,False
C-50806,2023-10-01,2025-06-30,175.0,44,3,Enterprise,Latin America,5.0,False
C-50807,2022-11-23,2024-08-03,75.4,50,1,Pro,Latin America,7.0,True
C-50808,2022-07-02,2025-06-25,66.26,68,1,Pro,Latin America,8.0,False
C-50809,2024-06-16,2025-06-30,22.92,41,3,Basic,Europe,7.0,False
C-50810,2024-07-14,2025-06-30,101.2,18,0,Pro,North America,7.0,False
C-50811,2023-05-03,2023-06-14,62.47,1,0,Pro,Latin America,7.0,False
C-50812,2024-03-16,2025-01-10,,16,2,Basic,Europe,6.0,False
C-50813,2022-08-14,2023-07-23,29.43,19,1,Basic,Asia Pacific,6.0,True
C-50814,2024-04-11,2025-06-30,38.49,67,1,Basic,Europe,6.0,False
C-50815,2023-01-06,2024-06-25,25.68,36,4,Basic,North America,6.0,False
C-50816,2022-07-21,2023-04-01,37.91,17,1,Basic,Europe,7.0,True
C-50817,2022-12-31,2023-02-15,,1,0,Pro,North America,8.0,False
C-50818,2023-07-05,2024-05-21,93.59,31,3,Pro,Europe,5.0,True
C-50819,2024-10-10,2025-03-31,53.26,5,4,Pro,Latin America,6.0,True
C-50820,2023-05-27,2024-07-16,70.23,29,2,Pro,Latin America,9.0,False
C-50821,2023-02-15,2023-08-02,37.51,12,2,Basic,Latin America,6.0,False
C-50822,2023-05-14,2023-08-29,29.87,4,1,Basic,Asia Pacific,8.0,False
C-50823,2023-01-23,2023-02-22,23.68,3,2,Basic,Asia Pacific,8.0,False
C-50824,2023-04-10,2024-04-04,35.48,26,3,Basic,Latin America,7.0,False
C-50825,2023-12-28,2024-01-30,30.64,5,4,Basic,Europe,3.0,False
C-50826,2022-09-27,2022-10-27,28.36,2,1,Basic,Europe,7.0,False
C-50827,2022-11-19,2023-10-02,74.3,24,0,Pro,Europe,6.0,False
C-50828,2022-12-19,2023-01-18,71.27,2,1,Pro,Asia Pacific,7.0,False
C-50829,2022-12-27,2023-01-26,98.41,2,1,Pro,Asia Pacific,8.0,False
C-50830,2024-12-24,2025-03-09,65.83,3,1,Pro,Europe,6.0,False
C-50831,2024-11-23,2025-06-30,243.42,23,3,Enterprise,Asia Pacific,8.0,True
C-50832,2023-02-10,2023-07-09,47.86,10,1,Pro,Latin America,8.0,False
C-50833,2024-07-05,2025-06-30,32.25,70,1,Basic,Europe,5.0,False
C-50834,2023-04-06,2023-10-26,23.59,14,2,Basic,Latin America,8.0,False
C-50835,2024-05-22,2024-10-10,16.79,14,2,Basic,North America,8.0,False
C-50836,2022-11-18,2023-05-20,30.75,12,0,Basic,North America,8.0,True
C-50837,2022-10-04,2024-11-30,70.92,45,0,Pro,Europe,5.0,False
C-50838,2023-09-03,2024-04-05,34.16,14,1,Basic,Latin America,7.0,False
C-50839,2023-02-19,2024-01-30,88.23,25,2,Pro,Europe,8.0,False
C-50840,2023-01-08,2024-12-30,87.33,54,1,Pro,North America,7.0,False
C-50841,2022-11-01,2023-01-17,79.73,5,1,Pro,Asia Pacific,10.0,False
C-50842,2023-09-20,2023-12-15,84.06,8,2,Pro,Europe,8.0,False
C-50843,2024-07-13,2025-06-30,222.18,53,1,Enterprise,Latin America,6.0,False
C-50844,2022-07-17,2022-10-04,26.61,3,3,Basic,Latin America,6.0,False
C-50845,2024-12-29,2025-06-30,25.94,16,2,Basic,Latin America,8.0,False
C-50846,2023-03-23,2024-05-18,72.13,33,0,Pro,Asia Pacific,9.0,False
C-50847,2023-12-22,2025-06-30,203.77,38,1,Enterprise,Asia Pacific,7.0,False
C-50848,2023-05-11,2023-06-10,79.33,1,1,Pro,Europe,8.0,False
C-50849,2023-03-05,2023-09-23,56.63,18,0,Pro,Europe,5.0,False
C-50850,2023-10-16,2023-11-15,111.16,4,0,Pro,North America,3.0,False
C-50851,2024-01-21,2024-05-04,93.23,6,1,Pro,Latin America,3.0,False
C-50852,2022-10-16,2023-12-30,32.24,33,2,Basic,Asia Pacific,6.0,False
C-50853,2024-11-08,2025-06-30,64.75,86,2,Pro,North America,7.0,False
C-50854,2023-12-23,2025-06-30,91.91,40,1,Pro,Latin America,6.0,False
C-50855,2022-10-28,2023-04-18,66.42,13,1,Pro,Latin America,3.0,False
C-50856,2025-01-04,2025-04-29,33.41,5,0,Basic,Asia Pacific,7.0,False
C-50857,2024-05-01,2024-12-25,11.16,20,1,Basic,North America,10.0,False
C-50858,2023-09-17,2025-01-18,64.2,24,1,Pro,North America,8.0,False
C-50859,2025-01-11,2025-06-30,77.75,13,0,Pro,Asia Pacific,9.0,False
C-50860,2023-08-09,2023-09-08,40.94,2,2,Basic,North America,7.0,False
C-50861,2024-08-11,2024-11-16,204.75,8,1,Enterprise,Europe,6.0,False
C-50862,2022-12-17,2024-04-02,22.99,30,2,Basic,Europe,8.0,True
C-50863,2024-09-15,2025-04-09,247.46,16,2,Enterprise,Latin America,9.0,False
C-50864,2023-07-25,2023-11-10,29.15,11,0,Basic,North America,6.0,False
C-50865,2024-03-17,2024-08-27,36.71,8,2,Basic,Latin America,7.0,True
C-50866,2023-05-20,2023-09-02,143.8,5,3,Enterprise,Latin America,7.0,False
C-50867,2023-05-12,2023-12-01,114.83,12,2,Pro,North America,8.0,False
C-50868,2024-08-29,2025-06-26,29.21,20,0,Basic,Asia Pacific,7.0,False
C-50869,2024-12-20,2025-06-30,224.92,26,3,Enterprise,Latin America,9.0,False
C-50870,2023-04-24,2023-06-26,25.96,2,3,Basic,Asia Pacific,7.0,False
C-50871,2022-12-07,2023-01-06,11.59,2,0,Basic,Latin America,7.0,False
C-50872,2024-08-25,2025-02-25,28.54,13,0,Basic,Asia Pacific,5.0,False
C-50873,2023-10-29,2024-12-15,83.9,28,0,Pro,Latin America,5.0,False
C-50874,2024-04-06,2025-01-02,141.02,20,0,Enterprise,North America,5.0,False
C-50875,2024-08-15,2024-09-14,55.8,3,2,Pro,North America,4.0,False
C-50876,2024-11-04,2025-03-28,221.32,10,2,Enterprise,Asia Pacific,8.0,False
C-50877,2024-02-29,2025-06-30,31.42,50,0,Basic,North America,5.0,False
C-50878,2022-11-18,2023-04-27,63.35,13,2,Pro,Europe,6.0,False
C-50879,2024-12-03,2025-06-30,16.21,30,2,Basic,Asia Pacific,7.0,False
C-50880,2022-07-29,2024-10-22,233.33,49,2,Enterprise,North America,8.0,False
C-50881,2022-10-12,2023-04-07,28.61,14,2,Basic,Latin America,6.0,True
C-50882,2024-09-19,2025-03-10,302.93,10,2,Enterprise,Asia Pacific,8.0,True
C-50883,2024-10-02,2024-12-18,198.37,5,1,Enterprise,Latin America,7.0,False
C-50884,2022-08-27,2023-04-23,302.86,16,1,Enterprise,Latin America,7.0,False
C-50885,2022-07-09,2022-08-08,28.92,1,1,Basic,North America,8.0,False
C-50886,2023-06-11,2025-06-30,31.56,56,2,Basic,Latin America,7.0,False
C-50887,2024-09-28,2025-06-30,109.1,74,1,Pro,Europe,5.0,False
C-50888,2023-01-19,2023-07-11,25.6,6,1,Basic,Latin America,7.0,False
C-50889,2024-01-06,2025-03-14,52.84,27,2,Pro,Europe,9.0,False
C-50890,2023-10-15,2024-12-22,60.34,29,1,Pro,Asia Pacific,5.0,False
C-50891,2022-07-25,2023-01-27,219.57,11,0,Enterprise,Asia Pacific,6.0,True
C-50892,2022-11-02,2023-07-22,24.65,21,2,Basic,North America,,False
C-50893,2024-12-14,2025-06-30,26.94,22,3,Basic,Europe,8.0,False
C-50894,2024-12-18,2025-06-30,80.87,10,1,Pro,Asia Pacific,6.0,True
C-50895,2023-07-31,2024-06-24,66.79,21,2,Pro,Europe,9.0,False
C-50896,2024-10-07,2025-02-23,68.65,3,2,Pro,Asia Pacific,5.0,False
C-50897,2023-02-17,2025-01-10,219.95,49,1,Enterprise,Latin America,,False
C-50898,2022-08-03,2023-06-13,34.12,25,2,Basic,Europe,6.0,False
C-50899,2022-08-20,2023-01-28,273.45,18,2,Enterprise,Latin America,6.0,False
C-50900,2024-08-14,2024-09-13,163.91,0,4,Enterprise,Asia Pacific,6.0,False
C-50901,2023-02-23,2025-06-30,19.64,73,3,Basic,North America,7.0,False
C-50902,2023-01-19,2023-02-19,28.98,3,3,Basic,Asia Pacific,8.0,False
C-50903,2023-08-20,2024-01-10,99.42,8,2,Pro,Latin America,6.0,False
C-50904,2022-09-24,2023-12-03,192.64,31,2,Enterprise,North America,8.0,False
C-50905,2023-07-09,2023-11-29,28.09,10,1,Basic,Asia Pacific,7.0,False
C-50906,2024-03-23,2024-05-09,62.76,3,1,Pro,North America,8.0,True
C-50907,2023-08-12,2025-06-30,37.6,92,3,Basic,Asia Pacific,6.0,False
C-50908,2024-09-15,2025-06-30,36.94,42,1,Basic,Europe,6.0,False
C-50909,2022-06-30,2023-03-27,26.87,17,3,Basic,Asia Pacific,6.0,False
C-50910,2025-01-01,2025-02-07,25.91,3,2,Basic,Latin America,10.0,False
C-50911,2024-08-27,2024-11-10,28.1,0,5,Basic,North America,6.0,False
C-50912,2024-05-21,2025-03-11,95.68,16,1,Pro,Latin America,7.0,True
C-50913,2024-10-26,2025-06-30,221.38,39,0,Enterprise,Latin America,6.0,False
C-50914,2022-09-04,2025-06-30,28.71,81,2,Basic,Asia Pacific,7.0,False
C-50915,2022-11-15,2025-06-30,71.87,74,5,Pro,North America,6.0,False
C-50916,2024-10-13,2024-12-31,86.91,5,1,Pro,Europe,6.0,False
C-50917,2022-12-11,2024-03-16,89.74,26,1,Pro,North America,8.0,False
C-50918,2025-01-29,2025-06-30,71.27,44,0,Pro,Asia Pacific,7.0,False
C-50919,2024-07-13,2025-06-30,24.17,34,2,Basic,Latin America,7.0,True
C-50920,2024-10-14,2025-05-26,55.94,14,2,Pro,Europe,9.0,False
C-50921,2022-06-24,2023-04-09,26.72,22,0,Basic,Europe,8.0,False
C-50922,2022-07-08,2022-12-01,33.25,3,0,Basic,Europe,6.0,False
C-50923,2022-11-14,2023-01-15,32.63,2,2,Basic,Asia Pacific,8.0,False
C-50924,2024-12-25,2025-06-30,32.07,24,0,Basic,Latin America,8.0,False
C-50925,2024-11-08,2024-12-08,158.62,3,2,Enterprise,Asia Pacific,6.0,False
C-50926,2023-08-27,2023-11-02,201.0,5,1,Enterprise,Europe,7.0,False
C-50927,2023-08-03,2023-10-17,28.47,6,3,Basic,North America,9.0,False
C-50928,2024-05-21,2025-02-02,87.18,16,0,Pro,Asia Pacific,5.0,False
C-50929,2025-01-05,2025-02-04,99.78,3,3,Pro,Latin America,9.0,False
C-50930,2023-07-18,2024-05-08,290.49,23,1,Enterprise,North America,4.0,True
C-50931,2024-01-21,2025-02-22,22.82,36,1,Basic,Asia Pacific,6.0,True
C-50932,2024-03-23,2025-03-09,168.65,15,3,Enterprise,North America,5.0,False
C-50933,2023-11-15,2024-11-11,31.69,23,1,Basic,Europe,7.0,True
C-50934,2023-06-16,2023-12-04,101.5,13,1,Pro,Latin America,7.0,True
C-50935,2023-10-21,2025-05-22,29.91,40,4,Basic,Asia Pacific,7.0,True
C-50936,2024-02-22,2025-06-30,28.52,63,1,Basic,Europe,8.0,False
C-50937,2022-11-04,2025-06-30,112.96,87,3,Enterprise,North America,7.0,False
C-50938,2022-08-16,2023-07-28,22.59,25,2,Basic,Latin America,6.0,True
C-50939,2022-10-12,2024-08-26,22.27,44,1,Basic,North America,7.0,False
C-50940,2024-10-23,2025-06-30,29.68,28,1,Basic,North America,8.0,False
C-50941,2023-12-21,2024-05-20,186.22,12,2,Enterprise,Europe,7.0,False
C-50942,2022-07-20,2023-05-06,30.4,20,2,Basic,Latin America,6.0,False
C-50943,2024-05-21,2024-09-21,186.45,9,0,Enterprise,Europe,,False
C-50944,2023-08-31,2024-02-18,32.72,12,3,Basic,North America,8.0,False
C-50945,2024-11-05,2025-06-30,31.58,14,1,Basic,Europe,7.0,False
C-50946,2025-01-30,2025-06-30,64.85,46,1,Pro,Latin America,8.0,True
C-50947,2022-09-26,2024-08-02,61.75,47,1,Pro,Europe,6.0,False
C-50948,2023-07-18,2023-08-17,81.98,0,3,Pro,North America,3.0,False
C-50949,2024-04-16,2025-06-30,84.47,43,0,Pro,Latin America,6.0,False
C-50950,2025-01-03,2025-05-01,231.1,10,1,Enterprise,Latin America,8.0,False
C-50951,2024-09-19,2025-05-14,16.99,16,2,Basic,Latin America,6.0,False
C-50952,2023-10-24,2024-01-28,216.0,6,1,Enterprise,Europe,7.0,True
C-50953,2024-12-18,2025-06-30,65.8,24,2,Pro,Latin America,5.0,False
C-50954,2024-12-20,2025-06-30,159.96,23,3,Enterprise,Latin America,9.0,False
C-50955,2023-01-16,2024-03-04,56.2,34,3,Pro,North America,7.0,False
C-50956,2024-03-16,2024-04-15,197.55,1,2,Enterprise,Europe,8.0,True
C-50957,2024-10-10,2025-06-15,29.2,14,1,Basic,Latin America,6.0,False
C-50958,2024-05-08,2025-06-30,,29,0,Pro,Latin America,7.0,False
C-50959,2024-12-03,2025-04-06,77.88,12,2,Pro,Latin America,4.0,True
C-50960,2024-01-09,2024-02-08,238.69,2,0,Enterprise,Latin America,8.0,True
C-50961,2024-09-29,2025-02-01,30.22,10,1,Basic,Europe,8.0,True
C-50962,2024-06-09,2025-06-30,165.29,46,2,Enterprise,Latin America,6.0,False
C-50963,2023-06-26,2023-08-06,72.97,2,4,Pro,Europe,5.0,False
C-50964,2024-12-29,2025-01-28,67.22,2,1,Pro,Europe,8.0,False
C-50965,2024-02-14,2024-12-26,32.13,21,0,Basic,Latin America,7.0,False
C-50966,2022-06-15,2023-08-07,44.25,18,1,Pro,Europe,9.0,True
C-50967,2024-05-22,2025-05-24,99.13,26,1,Pro,Latin America,10.0,False
C-50968,2023-01-30,2023-04-11,36.24,3,0,Basic,Latin America,9.0,True
C-50969,2022-10-13,2022-11-12,160.09,3,2,Enterprise,Asia Pacific,8.0,False
C-50970,2022-07-18,2022-12-11,26.68,8,1,Basic,North America,5.0,False
C-50971,2023-11-15,2024-07-02,74.07,20,4,Pro,Latin America,7.0,False
C-50972,2024-07-09,2024-12-10,29.15,10,1,Basic,Europe,4.0,False
C-50973,2024-08-03,2025-06-11,21.52,25,1,Basic,Latin America,6.0,False
C-50974,2024-10-26,2024-12-15,31.26,5,2,Basic,North America,7.0,False
C-50975,2023-02-14,2023-03-16,89.98,3,0,Pro,North America,8.0,False
C-50976,2024-12-13,2025-04-26,145.0,9,0,Enterprise,Latin America,5.0,False
C-50977,2024-08-02,2024-10-27,28.49,4,2,Basic,Europe,5.0,False
C-50978,2024-09-09,2025-06-30,87.61,54,4,Pro,North America,5.0,False
C-50979,2023-02-23,2023-08-28,17.48,15,2,Basic,North America,7.0,False
C-50980,2022-11-01,2023-05-25,30.59,16,2,Basic,Latin America,7.0,False
C-50981,2023-01-06,2023-09-09,137.4,15,3,Enterprise,Asia Pacific,5.0,False
C-50982,2024-11-02,2025-06-30,233.79,25,0,Enterprise,Europe,8.0,False
C-50983,2022-07-21,2022-08-20,238.26,2,1,Enterprise,Asia Pacific,8.0,False
C-50984,2022-06-19,2024-03-02,70.77,45,0,Pro,Asia Pacific,7.0,False
C-50985,2024-09-22,2024-11-19,26.9,0,2,Basic,Latin America,7.0,False
C-50986,2022-12-06,2023-10-20,37.92,20,0,Basic,Europe,7.0,False
C-50987,2023-12-04,2025-06-30,213.09,55,1,Enterprise,Asia Pacific,8.0,False
C-50988,2024-10-18,2025-03-25,83.86,13,4,Pro,Europe,6.0,False
C-50989,2022-11-08,2023-10-15,29.94,24,0,Basic,Asia Pacific,9.0,False
C-50990,2022-07-14,2022-12-04,91.62,8,2,Pro,Latin America,7.0,False
C-50991,2024-04-16,2025-01-15,30.32,16,1,Basic,Latin America,9.0,False
C-50992,2024-05-21,2025-06-30,167.93,55,2,Enterprise,North America,8.0,True
C-50993,2024-09-14,2024-10-21,32.22,4,1,Basic,North America,6.0,False
C-50994,2023-02-26,2023-11-13,24.51,18,1,Basic,Latin America,6.0,False
C-50995,2023-01-23,2024-05-06,100.0,31,1,Pro,Europe,8.0,False
C-50996,2023-09-05,2024-12-11,29.43,31,4,Basic,Europe,8.0,False
C-50997,2023-08-26,2025-06-30,69.82,56,0,Pro,Latin America,6.0,False
C-50998,2023-07-27,2023-10-18,32.63,3,1,Basic,Europe,5.0,False
C-50999,2024-01-07,2024-08-20,23.46,11,0,Basic,Latin America,7.0,False
C-51000,2022-11-04,2023-04-21,34.49,15,2,Basic,Europe,6.0,True
C-51001,2023-01-22,2023-05-24,190.63,7,0,Enterprise,North America,8.0,False
C-51002,2024-04-13,2025-06-19,34.62,23,0,Basic,Asia Pacific,,False
C-51003,2022-06-02,2024-07-14,63.03,70,4,Pro,Asia Pacific,9.0,False
C-51004,2023-08-02,2024-07-07,21.75,25,1,Basic,North America,10.0,True
C-51005,2023-06-11,2024-10-26,104.22,40,0,Pro,Asia Pacific,7.0,False
C-51006,2024-04-01,2025-04-28,29.02,30,2,Basic,North America,6.0,True
C-51007,2023-04-09,2023-12-23,31.23,18,3,Basic,Europe,10.0,False
C-51008,2022-09-03,2022-10-04,68.19,4,2,Pro,North America,7.0,False
C-51009,2023-01-10,2023-11-14,83.93,19,0,Pro,North America,6.0,False
C-51010,2024-10-14,2025-04-01,29.77,14,0,Basic,North America,6.0,True
C-51011,2023-06-29,2024-02-23,38.39,20,0,Basic,North America,7.0,False
C-51012,2023-04-22,2023-05-22,91.47,1,2,Pro,Latin America,8.0,False
C-51013,2023-09-28,2023-10-29,219.14,4,0,Enterprise,Latin America,8.0,False
C-51014,2023-07-07,2025-06-30,115.94,88,2,Pro,North America,4.0,True
C-51015,2023-09-30,2023-10-30,23.08,6,2,Basic,Latin America,9.0,True
C-51016,2023-05-06,2023-07-19,70.07,6,4,Pro,Asia Pacific,5.0,False
C-51017,2022-09-15,2022-10-15,226.6,2,1,Enterprise,Asia Pacific,9.0,False
C-51018,2025-01-13,2025-02-12,99.97,1,2,Pro,North America,7.0,False
C-51019,2022-10-24,2024-02-21,64.89,49,0,Pro,North America,7.0,False
C-51020,2023-03-23,2024-09-05,31.5,33,6,Basic,Latin America,6.0,False
C-51021,2024-06-14,2025-05-18,115.55,26,1,Pro,Asia Pacific,10.0,False
C-51022,2022-06-20,2022-10-11,31.39,9,2,Basic,North America,7.0,False
C-51023,2022-10-18,2024-06-25,26.91,35,0,Basic,North America,5.0,False
C-51024,2024-11-10,2025-06-30,98.48,46,1,Pro,Asia Pacific,7.0,True
C-51025,2022-10-21,2023-04-06,22.75,8,0,Basic,Asia Pacific,7.0,False
C-51026,2022-11-16,2022-12-16,31.57,1,0,Basic,Europe,10.0,False
C-51027,2023-06-10,2024-03-18,253.27,20,1,Enterprise,Asia Pacific,,False
C-51028,2023-09-15,2024-04-24,35.73,10,2,Basic,Latin America,7.0,False
C-51029,2023-10-17,2024-04-08,16.56,5,1,Basic,Asia Pacific,5.0,False
C-51030,2023-04-15,2025-06-30,23.75,135,0,Basic,Asia Pacific,6.0,False
C-51031,2022-06-13,2022-12-12,80.64,13,1,Pro,Asia Pacific,8.0,True
C-51032,2023-08-29,2024-02-24,87.35,11,1,Pro,North America,9.0,False
C-51033,2022-11-22,2023-08-24,84.97,17,2,Pro,Asia Pacific,6.0,False
C-51034,2022-08-31,2025-04-02,32.45,75,2,Basic,Asia Pacific,8.0,True
C-51035,2022-10-08,2022-11-21,31.98,5,3,Basic,Europe,7.0,False
C-51036,2023-11-26,2024-06-27,25.13,12,0,Basic,North America,4.0,True
C-51037,2024-11-30,2025-06-30,30.94,12,0,Basic,Europe,6.0,True
C-51038,2022-08-31,2022-10-29,23.26,10,2,Basic,Latin America,7.0,False
C-51039,2022-08-15,2023-01-25,62.78,8,3,Pro,Europe,6.0,False
C-51040,2024-04-07,2025-06-30,154.58,118,2,Enterprise,Europe,5.0,False
C-51041,2024-09-05,2025-06-30,53.93,14,3,Pro,Europe,7.0,False
C-51042,2024-10-06,2025-04-26,84.27,17,2,Pro,Europe,9.0,False
C-51043,2024-11-17,2025-06-30,80.23,79,2,Pro,Europe,9.0,False
C-51044,2023-07-17,2023-10-12,27.52,6,4,Basic,Latin America,9.0,False
C-51045,2024-09-24,2025-06-30,64.92,39,0,Pro,North America,7.0,False
C-51046,2022-07-19,2023-04-18,60.65,24,5,Pro,Asia Pacific,7.0,False
C-51047,2024-08-15,2025-06-30,92.12,39,1,Pro,Latin America,8.0,False
C-51048,2024-06-01,2024-12-03,115.37,7,1,Pro,Europe,7.0,False
C-51049,2022-08-26,2023-01-22,23.62,12,1,Basic,North America,10.0,False
C-51050,2023-01-06,2024-04-24,206.84,26,0,Enterprise,Europe,9.0,False
C-51051,2024-04-30,2024-07-28,156.34,7,1,Enterprise,North America,8.0,False
C-51052,2022-12-08,2023-05-24,172.71,11,2,Enterprise,Asia Pacific,6.0,True
C-51053,2024-12-22,2025-02-02,32.05,5,0,Basic,Europe,8.0,False
C-51054,2023-03-22,2023-10-19,75.7,10,2,Pro,Asia Pacific,7.0,False
C-51055,2023-04-24,2024-03-31,32.03,18,1,Basic,Europe,6.0,False
C-51056,2024-04-29,2025-02-27,40.47,24,0,Pro,North America,9.0,False
C-51057,2024-02-22,2024-10-09,63.51,20,1,Pro,Asia Pacific,10.0,False
C-51058,2023-07-10,2024-03-07,25.18,17,3,Basic,Europe,9.0,False
C-51059,2022-10-21,2024-10-04,27.63,53,1,Basic,Asia Pacific,7.0,False
C-51060,2022-11-29,2025-06-30,72.79,83,2,Pro,Europe,8.0,False
C-51061,2023-12-13,2024-01-24,76.16,3,1,Pro,Asia Pacific,8.0,False
C-51062,2023-04-26,2024-01-13,132.54,16,1,Enterprise,Asia Pacific,8.0,False
C-51063,2022-11-30,2023-02-21,233.15,7,2,Enterprise,Asia Pacific,8.0,False
C-51064,2023-12-13,2025-06-30,20.93,44,0,Basic,Europe,7.0,False
C-51065,2024-07-05,2025-06-30,80.14,62,0,Pro,Europe,9.0,False
C-51066,2024-09-03,2024-10-13,11.01,3,4,Basic,Asia Pacific,6.0,False
C-51067,2024-03-11,2024-07-14,16.56,7,1,Basic,North America,8.0,False
C-51068,2022-09-01,2024-08-15,37.09,50,2,Basic,Latin America,8.0,True
C-51069,2024-03-26,2024-04-25,170.93,2,0,Enterprise,North America,6.0,True
C-51070,2022-12-13,2023-01-12,207.69,4,3,Enterprise,Latin America,7.0,False
C-51071,2023-09-10,2025-06-30,17.16,70,1,Basic,Latin America,9.0,False
C-51072,2024-06-02,2025-06-30,206.63,43,4,Enterprise,Latin America,7.0,True
C-51073,2022-10-05,2022-11-04,27.35,2,1,Basic,Asia Pacific,7.0,False
C-51074,2023-05-20,2023-06-19,110.63,0,2,Pro,Asia Pacific,7.0,False
C-51075,2024-07-19,2025-04-17,28.48,13,0,Basic,Asia Pacific,7.0,True
C-51076,2023-07-31,2023-12-23,24.47,6,1,Basic,Asia Pacific,4.0,True
C-51077,2022-12-09,2024-08-16,80.32,37,1,Pro,Europe,8.0,True
C-51078,2024-04-23,2024-09-25,93.74,19,0,Pro,Latin America,,True
C-51079,2023-11-21,2025-06-30,22.28,82,1,Basic,North America,9.0,True
C-51080,2022-07-15,2023-02-04,28.46,20,0,Basic,North America,5.0,False
C-51081,2023-08-12,2025-06-30,35.24,50,3,Basic,Latin America,6.0,False
C-51082,2022-11-11,2023-03-17,28.21,9,1,Basic,Asia Pacific,8.0,True
C-51083,2025-01-11,2025-02-10,86.45,1,3,Pro,Latin America,8.0,True
C-51084,2024-02-07,2024-07-03,73.69,9,1,Pro,Europe,8.0,False
C-51085,2024-04-20,2024-05-27,50.67,6,3,Pro,Latin America,10.0,True
C-51086,2024-03-03,2024-07-10,69.46,5,2,Pro,Latin America,7.0,False
C-51087,2022-06-12,2023-04-22,57.0,23,0,Pro,North America,6.0,False
C-51088,2023-09-16,2025-06-30,47.12,76,4,Basic,North America,6.0,False
C-51089,2024-01-28,2024-02-27,205.69,3,0,Enterprise,Latin America,5.0,False
C-51090,2024-08-30,2025-06-30,28.72,25,0,Basic,North America,7.0,False
C-51091,2022-11-26,2023-10-23,45.33,22,2,Pro,Asia Pacific,9.0,False
C-51092,2024-01-31,2024-03-09,36.82,0,1,Basic,Europe,9.0,False
C-51093,2023-03-11,2025-06-30,78.06,49,2,Pro,North America,8.0,False
C-51094,2023-11-06,2025-06-30,27.03,109,3,Basic,Europe,8.0,False
C-51095,2023-08-07,2023-09-06,62.82,2,1,Pro,Asia Pacific,8.0,False
C-51096,2024-07-18,2024-12-21,25.73,10,4,Basic,Asia Pacific,6.0,False
C-51097,2024-12-18,2025-06-30,26.39,25,1,Basic,Asia Pacific,9.0,False
C-51098,2023-06-20,2023-11-14,42.21,12,2,Basic,Europe,6.0,True
C-51099,2025-01-29,2025-06-30,48.09,37,0,Pro,Latin America,10.0,False
C-51100,2023-12-02,2024-03-20,29.34,5,0,Basic,Latin America,6.0,False
C-51101,2022-10-03,2023-06-10,30.04,17,4,Basic,Latin America,4.0,False
C-51102,2024-10-13,2025-06-30,28.51,45,0,Basic,Asia Pacific,8.0,False
C-51103,2024-06-24,2024-11-16,33.52,9,0,Basic,North America,6.0,False
C-51104,2024-11-02,2025-05-28,38.7,7,1,Basic,Asia Pacific,7.0,False
C-51105,2023-08-28,2025-06-30,94.89,86,1,Pro,Europe,5.0,False
C-51106,2024-07-24,2024-12-14,22.26,8,2,Basic,Europe,5.0,True
C-51107,2023-12-08,2024-01-27,47.07,4,1,Pro,Asia Pacific,6.0,False
C-51108,2024-01-27,2024-03-30,104.64,4,1,Pro,Latin America,8.0,False
C-51109,2024-09-28,2024-12-12,30.54,11,3,Basic,North America,8.0,False
C-51110,2023-06-01,2023-08-28,170.09,7,1,Enterprise,Europe,6.0,False
C-51111,2022-07-11,2024-02-10,39.24,36,1,Basic,Latin America,3.0,False
C-51112,2023-08-11,2025-06-30,222.03,67,0,Enterprise,Asia Pacific,5.0,False
C-51113,2023-01-28,2023-05-13,83.94,8,2,Pro,Latin America,8.0,False
C-51114,2024-10-14,2025-06-23,107.46,12,3,Pro,Latin America,9.0,False
C-51115,2024-11-24,2025-06-30,107.53,20,1,Pro,Latin America,6.0,False
C-51116,2023-04-26,2023-09-27,25.93,17,2,Basic,Europe,5.0,False
C-51117,2023-08-01,2024-04-22,245.81,23,1,Enterprise,North America,7.0,False
C-51118,2024-08-10,2025-06-30,34.07,44,2,Basic,Latin America,7.0,True
C-51119,2023-10-05,2025-06-30,24.78,189,2,Basic,North America,6.0,True
C-51120,2023-12-10,2025-06-30,26.81,49,1,Basic,Asia Pacific,8.0,False
C-51121,2023-09-03,2025-06-30,78.59,43,3,Pro,North America,7.0,False
C-51122,2024-05-09,2024-06-08,67.67,0,1,Pro,Europe,4.0,True
C-51123,2023-08-05,2024-02-21,22.1,11,1,Basic,Europe,5.0,False
C-51124,2024-09-17,2025-06-30,61.32,49,3,Pro,Europe,8.0,False
C-51125,2024-09-16,2025-06-30,65.68,43,1,Pro,North America,6.0,False
C-51126,2023-12-30,2024-06-27,33.58,17,2,Basic,Asia Pacific,8.0,False
C-51127,2023-07-29,2023-12-04,101.83,9,4,Pro,Latin America,8.0,False
C-51128,2022-07-24,2022-12-25,108.88,11,2,Pro,Europe,7.0,False
C-51129,2023-05-20,2024-10-19,29.17,33,1,Basic,Asia Pacific,8.0,False
C-51130,2023-07-28,2025-06-30,75.75,54,3,Pro,North America,7.0,False
C-51131,2024-01-04,2024-06-04,83.72,12,1,Pro,Latin America,9.0,True
C-51132,2023-04-17,2023-11-01,28.48,14,0,Basic,Latin America,6.0,True
C-51133,2023-10-18,2024-04-22,8.97,13,2,Basic,Asia Pacific,7.0,False
C-51134,2024-09-14,2025-06-30,91.22,60,0,Pro,Latin America,8.0,False
C-51135,2024-12-26,2025-06-30,69.85,32,1,Pro,Europe,8.0,False
C-51136,2022-09-23,2023-09-07,60.29,20,1,Pro,Europe,6.0,False
C-51137,2023-09-10,2024-04-02,46.66,15,1,Basic,Europe,7.0,False
C-51138,2022-12-19,2023-07-14,24.1,20,3,Basic,Latin America,9.0,True
C-51139,2024-10-01,2025-06-28,25.3,11,1,Basic,Latin America,8.0,False
C-51140,2024-02-28,2024-04-15,30.64,3,2,Basic,North America,8.0,False
C-51141,2023-09-28,2025-06-21,23.25,49,1,Basic,Latin America,,False
C-51142,2023-09-29,2024-02-24,29.76,7,0,Basic,Latin America,8.0,False
C-51143,2023-02-05,2025-06-30,29.63,50,3,Basic,Asia Pacific,7.0,False
C-51144,2022-09-15,2022-10-28,254.89,2,1,Enterprise,Asia Pacific,6.0,False
C-51145,2023-12-02,2024-01-01,84.43,1,1,Pro,Latin America,5.0,False
C-51146,2023-06-07,2023-11-08,74.86,9,4,Pro,North America,8.0,False
C-51147,2022-10-21,2023-08-22,25.34,23,1,Basic,North America,5.0,False
C-51148,2023-05-22,2023-06-21,61.51,2,1,Pro,Asia Pacific,5.0,False
C-51149,2023-05-05,2024-03-31,28.65,20,1,Basic,North America,8.0,True
C-51150,2022-09-13,2025-01-24,31.33,62,0,Basic,Europe,7.0,False
C-51151,2023-01-13,2023-06-27,30.8,16,2,Basic,Asia Pacific,6.0,True
C-51152,2024-09-13,2025-06-30,18.35,43,1,Basic,Asia Pacific,7.0,False
C-51153,2024-11-01,2025-04-18,76.82,14,2,Pro,Asia Pacific,6.0,False
C-51154,2023-12-13,2024-04-10,22.82,10,2,Basic,Asia Pacific,6.0,True
C-51155,2023-07-12,2023-08-11,77.46,1,1,Pro,Latin America,8.0,False
C-51156,2024-01-18,2025-04-14,29.42,24,2,Basic,Asia Pacific,5.0,False
C-51157,2024-09-10,2025-06-30,32.95,21,0,Basic,Europe,8.0,False
C-51158,2023-12-02,2024-01-01,128.98,2,0,Enterprise,Asia Pacific,6.0,False
C-51159,2023-05-10,2025-06-30,35.16,61,1,Basic,Asia Pacific,6.0,False
C-51160,2022-07-29,2023-04-22,30.52,16,1,Basic,Latin America,7.0,True
C-51161,2022-08-05,2025-05-03,28.44,52,1,Basic,Latin America,9.0,True
C-51162,2023-03-23,2025-05-29,73.17,53,0,Pro,North America,7.0,False
C-51163,2024-08-25,2025-03-19,92.12,10,1,Pro,North America,6.0,False
C-51164,2024-09-03,2025-04-07,58.18,17,0,Pro,North America,6.0,False
C-51165,2025-01-06,2025-06-30,31.81,9,0,Basic,Asia Pacific,4.0,True
C-51166,2024-08-10,2024-09-26,27.35,3,2,Basic,Latin America,9.0,False
C-51167,2024-05-04,2024-12-22,82.96,16,2,Pro,North America,7.0,False
C-51168,2023-04-17,2023-07-14,62.72,3,1,Pro,North America,7.0,False
C-51169,2023-10-09,2025-06-30,83.89,70,0,Pro,North America,9.0,False
C-51170,2022-08-03,2023-06-09,196.23,20,0,Enterprise,Europe,,False
C-51171,2024-12-12,2025-03-19,23.78,7,2,Basic,Asia Pacific,6.0,True
C-51172,2022-09-21,2023-10-16,81.03,24,0,Pro,Latin America,9.0,False
C-51173,2023-04-03,2023-09-25,125.01,11,2,Pro,North America,9.0,False
C-51174,2024-06-26,2025-05-07,53.39,19,1,Pro,Europe,5.0,False
C-51175,2023-08-16,2025-02-06,66.64,47,0,Pro,North America,8.0,True
C-51176,2025-01-03,2025-06-30,116.64,19,3,Pro,Latin America,6.0,False
C-51177,2024-08-01,2025-05-15,90.12,20,3,Pro,Latin America,6.0,False
C-51178,2023-04-22,2025-06-30,85.44,57,2,Pro,Asia Pacific,9.0,False
C-51179,2024-04-29,2024-12-09,32.17,12,3,Basic,Latin America,10.0,False
C-51180,2023-04-08,2023-07-30,35.49,10,0,Basic,Asia Pacific,5.0,False
C-51181,2024-08-01,2024-09-19,30.72,1,3,Basic,North America,10.0,True
C-51182,2023-06-23,2024-05-19,33.68,28,2,Basic,Europe,5.0,False
C-51183,2024-04-19,2024-06-15,33.71,9,2,Basic,Asia Pacific,5.0,False
C-51184,2022-12-14,2025-06-30,71.67,110,1,Pro,North America,8.0,False
C-51185,2024-01-05,2025-01-13,32.84,23,1,Basic,Latin America,7.0,False
C-51186,2024-11-21,2025-04-15,87.11,13,2,Pro,North America,6.0,False
C-51187,2022-08-12,2023-10-07,30.7,34,2,Basic,Asia Pacific,3.0,True
C-51188,2022-11-07,2025-03-25,70.6,53,0,Pro,Asia Pacific,6.0,False
C-51189,2023-10-04,2024-03-18,39.53,12,3,Basic,Asia Pacific,4.0,False
C-51190,2023-03-14,2023-04-13,35.21,3,1,Basic,Europe,8.0,False
C-51191,2024-03-28,2025-06-30,35.13,27,2,Basic,North America,6.0,True
C-51192,2023-05-19,2024-12-04,28.54,45,1,Basic,Asia Pacific,9.0,False
C-51193,2022-06-22,2025-01-01,64.46,78,5,Pro,North America,8.0,True
C-51194,2024-06-03,2025-06-30,28.13,31,3,Basic,Europe,7.0,False
C-51195,2023-09-03,2024-06-24,97.79,24,0,Pro,North America,7.0,True
C-51196,2023-11-16,2025-06-30,35.69,65,1,Basic,North America,6.0,False
C-51197,2025-01-19,2025-02-19,58.28,2,2,Pro,North America,7.0,False
C-51198,2023-12-10,2025-01-15,275.14,25,1,Enterprise,Latin America,8.0,False
C-51199,2024-11-24,2025-04-26,80.82,8,1,Pro,North America,7.0,False
C-51200,2024-08-18,2025-06-30,63.0,35,0,Pro,North America,7.0,False
C-51201,2023-10-27,2023-11-26,83.07,3,1,Pro,North America,9.0,False
C-51202,2024-11-08,2025-01-10,98.08,5,1,Pro,Europe,7.0,False
C-51203,2024-10-28,2025-05-16,33.58,14,0,Basic,Europe,7.0,True
C-51204,2022-08-03,2024-09-17,145.8,50,2,Enterprise,North America,5.0,False
C-51205,2022-12-20,2023-01-19,28.26,1,5,Basic,North America,5.0,True
C-51206,2024-04-13,2024-05-13,31.07,3,1,Basic,Latin America,8.0,False
C-51207,2023-03-29,2025-06-30,57.51,74,0,Pro,Asia Pacific,7.0,False
C-51208,2024-04-07,2024-07-19,28.12,6,1,Basic,Europe,7.0,True
C-51209,2023-03-05,2023-06-15,23.29,5,4,Basic,Europe,7.0,True
C-51210,2024-09-19,2025-03-21,29.3,13,5,Basic,Asia Pacific,5.0,True
C-51211,2023-08-23,2024-03-03,41.6,15,1,Basic,North America,8.0,True
C-51212,2024-07-21,2024-10-31,92.65,6,2,Pro,Latin America,8.0,False
C-51213,2023-11-18,2025-06-30,218.12,79,4,Enterprise,Asia Pacific,6.0,False
C-51214,2022-07-03,2022-11-26,73.54,9,2,Pro,Europe,8.0,False
C-51215,2023-08-14,2024-03-04,34.49,13,4,Basic,Europe,8.0,True
C-51216,2024-04-24,2025-06-30,28.71,52,2,Basic,Asia Pacific,7.0,False
C-51217,2022-06-16,2025-06-30,33.03,79,4,Basic,Asia Pacific,8.0,True
C-51218,2022-12-17,2023-09-29,32.18,25,1,Basic,Latin America,7.0,False
C-51219,2023-09-30,2025-06-30,77.89,75,0,Pro,North America,6.0,False
C-51220,2024-02-19,2024-03-20,35.19,2,3,Basic,North America,8.0,False
C-51221,2024-05-19,2024-08-11,27.3,6,1,Basic,Asia Pacific,8.0,False
C-51222,2023-11-18,2025-06-30,50.23,35,2,Pro,Asia Pacific,5.0,False
C-51223,2023-11-25,2024-02-20,69.4,10,0,Pro,Europe,8.0,False
C-51224,2023-01-05,2023-11-04,26.06,15,2,Basic,Europe,6.0,False
C-51225,2022-10-09,2025-06-30,206.02,71,3,Enterprise,North America,7.0,False
C-51226,2024-05-22,2024-12-03,178.76,15,6,Enterprise,North America,5.0,False
C-51227,2023-01-20,2023-04-01,168.11,6,0,Enterprise,Asia Pacific,6.0,False
C-51228,2023-04-25,2023-07-04,35.39,1,1,Basic,Europe,5.0,False
C-51229,2023-12-05,2024-01-06,22.97,0,1,Basic,Europe,7.0,True
C-51230,2023-10-24,2025-03-06,33.1,39,3,Basic,Europe,5.0,False
C-51231,2023-05-25,2024-06-17,33.33,17,1,Basic,Asia Pacific,7.0,True
C-51232,2024-03-29,2025-01-23,71.59,19,1,Pro,Latin America,6.0,False
C-51233,2024-07-06,2024-12-14,69.41,15,1,Pro,Europe,7.0,False
C-51234,2024-10-15,2025-06-30,94.64,63,2,Pro,Latin America,8.0,True
C-51235,2022-06-11,2022-10-18,31.07,8,2,Basic,North America,8.0,False
C-51236,2022-10-08,2025-06-30,56.34,87,1,Pro,Europe,7.0,False
C-51237,2024-12-23,2025-06-27,30.4,5,2,Basic,Europe,8.0,True
C-51238,2022-11-28,2024-04-14,95.69,25,0,Pro,North America,4.0,False
C-51239,2022-07-03,2022-12-24,66.96,8,3,Pro,Asia Pacific,5.0,False
C-51240,2024-03-03,2025-06-30,185.53,51,1,Enterprise,Asia Pacific,8.0,False
C-51241,2024-06-25,2024-08-03,103.2,2,0,Pro,North America,7.0,False
C-51242,2024-04-15,2024-08-14,28.48,11,3,Basic,Europe,5.0,False
C-51243,2024-05-08,2024-07-03,23.96,3,1,Basic,North America,7.0,False
C-51244,2022-07-13,2023-02-11,26.0,20,2,Basic,North America,8.0,True
C-51245,2023-08-04,2025-06-30,207.65,52,0,Enterprise,Latin America,9.0,False
C-51246,2024-07-18,2025-05-01,40.93,16,1,Basic,North America,5.0,False
C-51247,2024-07-16,2025-06-30,33.72,65,2,Basic,North America,6.0,False
C-51248,2024-11-27,2025-02-04,29.03,4,2,Basic,Latin America,,True
C-51249,2023-11-11,2024-08-16,26.92,23,2,Basic,North America,7.0,True
C-51250,2022-08-07,2022-09-29,25.19,1,0,Basic,Latin America,8.0,True
C-51251,2023-06-05,2024-10-19,86.44,34,2,Pro,Asia Pacific,9.0,False
C-51252,2024-12-05,2025-04-23,210.62,9,6,Enterprise,Europe,8.0,False
C-51253,2023-08-20,2025-01-11,83.31,27,0,Pro,Asia Pacific,7.0,False
C-51254,2024-09-29,2025-06-30,29.52,21,2,Basic,North America,9.0,True
C-51255,2024-10-31,2025-04-15,110.75,8,1,Pro,North America,7.0,False
C-51256,2024-01-23,2024-02-22,96.4,2,2,Pro,Asia Pacific,8.0,False
C-51257,2024-07-11,2025-03-07,58.98,14,1,Pro,Europe,8.0,False
C-51258,2024-03-14,2024-04-13,92.97,5,2,Pro,North America,7.0,False
C-51259,2022-10-13,2024-11-12,48.99,58,2,Pro,Europe,6.0,False
C-51260,2023-07-16,2024-12-24,20.81,39,1,Basic,Asia Pacific,7.0,False
C-51261,2024-10-09,2025-06-30,173.21,26,4,Enterprise,Asia Pacific,6.0,True
C-51262,2023-04-29,2023-06-26,31.81,4,1,Basic,Asia Pacific,6.0,True
C-51263,2023-03-25,2023-04-26,193.58,0,3,Enterprise,Asia Pacific,10.0,False
C-51264,2024-07-25,2024-11-02,98.66,8,0,Pro,Europe,9.0,False
C-51265,2022-12-18,2023-12-11,28.98,30,6,Basic,Asia Pacific,8.0,False
C-51266,2024-12-24,2025-06-30,78.46,35,3,Pro,North America,5.0,True
C-51267,2022-12-17,2023-06-27,197.12,9,1,Enterprise,North America,6.0,False
C-51268,2024-04-27,2025-06-30,24.53,68,0,Basic,Europe,9.0,True
C-51269,2024-10-06,2024-11-08,77.57,2,1,Pro,Europe,7.0,False
C-51270,2023-12-07,2024-08-11,33.45,23,0,Basic,North America,4.0,True
C-51271,2023-03-21,2025-06-30,35.0,70,1,Basic,North America,5.0,False
C-51272,2023-04-15,2023-05-15,44.12,1,2,Basic,Europe,5.0,False
C-51273,2023-05-23,2024-07-24,24.15,31,0,Basic,Europe,8.0,False
C-51274,2022-12-03,2023-06-25,190.1,19,2,Enterprise,North America,6.0,False
C-51275,2024-03-18,2025-06-30,83.87,32,2,Pro,Europe,7.0,False
C-51276,2024-10-04,2025-06-30,199.98,43,1,Enterprise,North America,9.0,False
C-51277,2024-08-11,2024-09-23,28.01,3,3,Basic,North America,5.0,False
C-51278,2024-07-20,2024-09-05,60.06,7,1,Pro,Latin America,5.0,False
C-51279,2024-07-15,2025-01-03,28.11,8,1,Basic,Europe,6.0,True
C-51280,2023-06-30,2024-10-05,199.19,24,0,Enterprise,Latin America,6.0,False
C-51281,2024-02-07,2024-12-14,29.0,18,1,Basic,Asia Pacific,8.0,False
C-51282,2025-01-27,2025-03-22,25.85,3,2,Basic,Latin America,9.0,False
C-51283,2023-10-28,2024-09-09,,21,1,Basic,North America,8.0,True
C-51284,2022-12-11,2024-11-03,24.46,56,1,Basic,Asia Pacific,9.0,True
C-51285,2023-06-19,2024-08-04,178.33,23,1,Enterprise,Latin America,8.0,False
C-51286,2024-05-02,2025-06-30,31.94,64,0,Basic,North America,4.0,False
C-51287,2022-07-05,2022-12-11,82.81,7,0,Pro,Latin America,10.0,False
C-51288,2024-01-18,2024-08-19,119.95,12,2,Enterprise,Asia Pacific,7.0,False
C-51289,2024-11-13,2025-04-17,168.0,9,1,Enterprise,Asia Pacific,6.0,True
C-51290,2024-09-17,2024-11-05,39.13,1,0,Basic,North America,9.0,False
C-51291,2024-07-30,2025-05-07,35.12,20,2,Basic,Asia Pacific,7.0,True
C-51292,2022-08-06,2024-05-13,29.16,43,0,Basic,North America,8.0,False
C-51293,2023-08-31,2024-10-16,16.88,23,2,Basic,Latin America,7.0,False
C-51294,2024-12-06,2025-06-30,32.96,22,0,Basic,North America,,False
C-51295,2022-08-29,2022-10-27,85.22,3,3,Pro,North America,8.0,True
C-51296,2024-09-03,2025-06-30,198.82,32,2,Enterprise,Europe,,False
C-51297,2024-10-27,2025-06-30,84.81,24,1,Pro,Europe,7.0,False
C-51298,2024-02-04,2024-03-30,27.07,4,0,Basic,Europe,8.0,False
C-51299,2023-03-25,2023-04-26,22.96,2,4,Basic,Asia Pacific,4.0,True
C-51300,2023-04-24,2024-06-15,196.89,31,2,Enterprise,Europe,6.0,False
C-51301,2022-06-27,2025-06-30,22.61,75,1,Basic,North America,9.0,False
C-51302,2023-10-24,2025-06-30,34.0,86,1,Basic,Latin America,7.0,True
C-51303,2023-08-16,2023-12-05,83.87,6,6,Pro,Europe,6.0,False
C-51304,2023-06-11,2023-07-11,83.63,1,1,Pro,Asia Pacific,7.0,True
C-51305,2024-12-19,2025-01-18,103.37,1,1,Pro,Latin America,9.0,False
C-51306,2023-04-12,2023-10-21,26.44,19,0,Basic,Asia Pacific,6.0,False
C-51307,2023-05-17,2025-04-10,99.28,40,1,Pro,Asia Pacific,5.0,False
C-51308,2024-01-21,2024-12-26,31.62,25,2,Basic,Europe,6.0,False
C-51309,2024-04-23,2025-01-14,53.15,12,2,Pro,Latin America,5.0,False
C-51310,2022-09-19,2023-08-07,25.3,21,3,Basic,North America,8.0,False
C-51311,2024-12-30,2025-06-30,30.44,30,2,Basic,North America,9.0,False
C-51312,2023-11-04,2024-06-06,40.32,16,1,Basic,North America,4.0,True
C-51313,2023-02-14,2023-09-10,89.13,18,2,Pro,North America,8.0,False
C-51314,2024-11-08,2024-12-21,89.71,4,4,Pro,Asia Pacific,8.0,True
C-51315,2024-12-31,2025-06-30,245.25,58,2,Enterprise,Latin America,7.0,True
C-51316,2023-12-11,2024-02-06,83.99,3,0,Pro,Latin America,6.0,False
C-51317,2022-12-29,2023-02-01,165.31,2,3,Enterprise,Europe,9.0,True
C-51318,2022-12-17,2025-06-30,87.13,95,1,Pro,Europe,8.0,True
C-51319,2024-03-15,2025-06-30,86.03,31,0,Pro,Europe,8.0,False
C-51320,2025-01-24,2025-06-30,19.83,22,0,Basic,North America,5.0,True
C-51321,2024-01-05,2024-05-02,128.77,14,0,Enterprise,Europe,10.0,False
C-51322,2024-12-19,2025-06-30,39.59,59,4,Basic,Europe,7.0,True
C-51323,2024-09-22,2025-05-29,225.98,17,1,Enterprise,Asia Pacific,5.0,False
C-51324,2025-01-05,2025-06-30,21.08,62,1,Basic,Asia Pacific,6.0,True
C-51325,2024-03-06,2025-01-04,73.46,17,1,Pro,Europe,9.0,False
C-51326,2023-07-06,2025-06-30,124.15,109,1,Enterprise,Latin America,8.0,False
C-51327,2022-08-03,2023-09-04,72.43,24,0,Pro,Europe,5.0,False
C-51328,2023-12-17,2024-08-15,83.17,20,2,Pro,Europe,6.0,False
C-51329,2024-08-18,2024-12-17,73.18,14,1,Pro,Asia Pacific,8.0,False
C-51330,2025-01-28,2025-06-30,96.14,61,1,Pro,North America,7.0,False
C-51331,2025-01-04,2025-06-30,26.04,18,1,Basic,Asia Pacific,7.0,False
C-51332,2023-12-12,2024-01-11,30.58,0,2,Basic,Europe,7.0,False
C-51333,2024-10-04,2025-06-30,34.7,43,3,Basic,Latin America,7.0,True
C-51334,2023-01-11,2025-06-30,30.73,73,1,Basic,Europe,9.0,False
C-51335,2024-05-03,2024-09-30,28.34,6,1,Basic,Latin America,7.0,False
C-51336,2024-01-01,2024-02-02,86.34,3,3,Pro,Asia Pacific,9.0,False
C-51337,2024-07-29,2024-11-05,18.35,6,1,Basic,Latin America,7.0,False
C-51338,2023-11-08,2025-01-31,28.15,33,2,Basic,Latin America,7.0,False
C-51339,2023-06-08,2024-03-16,29.94,25,1,Basic,Asia Pacific,5.0,False
C-51340,2023-07-02,2025-06-30,,47,3,Pro,Latin America,9.0,True
C-51341,2023-06-14,2025-06-30,77.9,57,2,Pro,Latin America,6.0,True
C-51342,2024-07-16,2025-06-30,89.52,48,2,Pro,Asia Pacific,4.0,False
C-51343,2022-09-06,2022-11-15,20.67,4,1,Basic,Europe,9.0,True
C-51344,2023-02-28,2024-01-01,106.9,14,1,Pro,Asia Pacific,6.0,False
C-51345,2023-08-12,2023-10-31,33.63,2,2,Basic,North America,9.0,False
C-51346,2023-04-19,2025-06-30,26.77,58,1,Basic,North America,6.0,False
C-51347,2022-08-29,2024-07-22,29.21,52,0,Basic,Latin America,5.0,False
C-51348,2025-01-24,2025-03-29,242.01,4,3,Enterprise,North America,6.0,False
C-51349,2022-11-27,2024-10-27,217.78,43,1,Enterprise,Latin America,9.0,False
C-51350,2024-08-12,2025-06-30,35.68,30,1,Basic,Latin America,7.0,False
C-51351,2024-08-11,2025-06-30,54.67,25,2,Pro,Europe,6.0,False
C-51352,2023-08-28,2024-12-13,86.32,34,1,Pro,North America,6.0,False
C-51353,2024-12-27,2025-06-30,80.1,38,0,Pro,Europe,7.0,True
C-51354,2022-11-19,2023-09-18,90.78,14,1,Pro,Latin America,4.0,True
C-51355,2023-07-11,2023-10-14,25.7,5,1,Basic,Latin America,6.0,True
C-51356,2025-01-28,2025-02-27,29.82,3,2,Basic,Europe,9.0,False
C-51357,2024-06-19,2025-06-30,89.42,78,0,Pro,Europe,8.0,False
C-51358,2023-04-29,2023-10-10,24.18,6,2,Basic,Europe,7.0,True
C-51359,2023-08-26,2023-11-11,32.75,8,2,Basic,Europe,10.0,True
C-51360,2024-09-16,2024-10-16,142.48,3,2,Enterprise,North America,7.0,False
C-51361,2023-02-04,2023-05-10,194.56,9,0,Enterprise,North America,8.0,False
C-51362,2022-09-24,2023-05-09,25.5,14,1,Basic,Asia Pacific,8.0,False
C-51363,2024-05-25,2025-06-30,18.6,43,3,Basic,North America,8.0,False
C-51364,2022-10-19,2023-01-17,33.23,8,5,Basic,Europe,6.0,False
C-51365,2023-05-04,2025-06-30,36.91,119,1,Basic,Asia Pacific,7.0,False
C-51366,2024-08-28,2025-05-18,80.7,26,2,Pro,North America,7.0,False
C-51367,2022-11-05,2022-12-06,30.57,0,1,Basic,Latin America,4.0,True
C-51368,2022-08-28,2024-04-22,24.74,48,2,Basic,Europe,7.0,True
C-51369,2024-03-21,2024-04-20,88.02,1,0,Pro,Latin America,7.0,False
C-51370,2023-02-04,2023-12-07,90.46,25,0,Pro,Asia Pacific,9.0,True
C-51371,2024-11-02,2025-06-30,238.63,88,3,Enterprise,North America,7.0,False
C-51372,2024-10-11,2025-06-30,66.78,68,3,Pro,Europe,,False
C-51373,2024-01-21,2025-06-30,32.45,37,1,Basic,Asia Pacific,9.0,False
C-51374,2023-10-27,2025-06-30,27.96,81,4,Basic,Asia Pacific,6.0,True
C-51375,2022-10-28,2023-10-24,34.78,20,2,Basic,North America,6.0,True
C-51376,2023-06-13,2024-03-21,29.65,19,1,Basic,Asia Pacific,5.0,False
C-51377,2024-07-15,2025-06-30,81.54,39,0,Pro,North America,8.0,False
C-51378,2023-07-24,2024-03-16,29.33,11,0,Basic,Latin America,8.0,False
C-51379,2023-04-28,2023-05-28,83.91,1,0,Pro,North America,8.0,False
C-51380,2023-06-20,2023-11-26,63.45,11,1,Pro,Latin America,7.0,False
C-51381,2023-11-01,2024-02-09,30.47,2,3,Basic,Europe,9.0,False
C-51382,2023-09-09,2024-03-13,28.09,8,2,Basic,Latin America,10.0,False
C-51383,2023-06-15,2024-08-15,35.83,22,0,Basic,Europe,8.0,True
C-51384,2023-01-15,2023-12-11,26.41,18,2,Basic,Latin America,10.0,False
C-51385,2022-09-25,2023-05-28,21.64,23,1,Basic,Europe,7.0,False
C-51386,2023-09-03,2025-06-30,27.29,82,1,Basic,Europe,8.0,False
C-51387,2023-04-24,2024-01-07,81.62,15,2,Pro,North America,9.0,False
C-51388,2022-09-05,2024-09-19,101.0,56,2,Pro,Europe,6.0,False
C-51389,2024-07-25,2025-03-18,173.38,13,3,Enterprise,North America,8.0,False
C-51390,2022-08-24,2023-03-12,35.3,17,1,Basic,Latin America,5.0,False
C-51391,2023-06-08,2023-10-05,31.94,7,2,Basic,North America,7.0,False
C-51392,2023-01-21,2023-10-13,26.23,16,3,Basic,Asia Pacific,3.0,False
C-51393,2022-06-24,2022-11-18,29.47,8,3,Basic,Europe,7.0,True
C-51394,2024-10-04,2025-06-30,254.64,32,1,Enterprise,North America,6.0,False
C-51395,2023-09-14,2024-03-16,26.2,8,3,Basic,Europe,7.0,True
C-51396,2023-06-12,2025-02-11,32.48,35,1,Basic,Europe,8.0,True
C-51397,2023-03-15,2023-05-04,179.02,4,1,Enterprise,Latin America,7.0,False
C-51398,2024-07-15,2025-06-30,20.46,65,0,Basic,Europe,5.0,False
C-51399,2023-10-14,2024-04-19,28.53,14,1,Basic,North America,8.0,True
C-51400,2023-02-05,2024-08-30,61.08,37,1,Pro,Europe,6.0,False
C-51401,2023-05-30,2023-11-03,68.83,5,2,Pro,North America,8.0,False
C-51402,2023-04-08,2025-06-30,38.36,68,2,Basic,Europe,8.0,False
C-51403,2022-08-08,2024-07-26,31.52,45,0,Basic,Latin America,6.0,True
C-51404,2024-11-11,2025-04-18,206.31,5,3,Enterprise,Latin America,10.0,False
C-51405,2023-03-05,2024-04-28,34.54,24,2,Basic,North America,7.0,False
C-51406,2022-07-07,2022-10-17,91.31,8,1,Pro,Latin America,8.0,False
C-51407,2023-03-14,2025-05-06,32.23,50,1,Basic,Europe,8.0,True
C-51408,2024-03-05,2025-06-30,85.25,47,1,Pro,Latin America,8.0,False
C-51409,2023-08-28,2024-05-26,38.73,23,0,Basic,Europe,7.0,False
C-51410,2023-12-12,2025-06-25,89.74,33,2,Pro,North America,8.0,False
C-51411,2023-07-15,2025-06-30,197.76,65,0,Enterprise,Asia Pacific,9.0,True
C-51412,2025-01-23,2025-06-30,76.56,38,1,Pro,Latin America,9.0,True
C-51413,2023-10-08,2023-11-07,35.11,0,1,Basic,Latin America,7.0,False
C-51414,2024-05-08,2025-01-06,179.3,13,3,Enterprise,Europe,6.0,False
C-51415,2023-08-01,2024-04-09,87.68,21,1,Pro,Europe,7.0,False
C-51416,2022-10-10,2025-06-30,108.99,72,0,Enterprise,Asia Pacific,7.0,False
C-51417,2022-09-22,2022-12-01,24.68,4,0,Basic,North America,7.0,False
C-51418,2024-12-30,2025-06-30,32.45,31,1,Basic,Latin America,6.0,False
C-51419,2023-02-16,2023-08-25,86.23,11,1,Pro,Europe,9.0,True
C-51420,2022-08-09,2023-09-07,71.14,29,3,Pro,Asia Pacific,7.0,False
C-51421,2023-06-12,2025-06-30,25.46,57,2,Basic,North America,7.0,False
C-51422,2023-06-03,2023-10-05,54.47,11,0,Pro,Latin America,5.0,False
C-51423,2023-11-22,2024-04-15,29.62,13,2,Basic,North America,7.0,False
C-51424,2024-07-20,2025-06-30,21.09,45,1,Basic,Latin America,3.0,True
C-51425,2024-03-06,2024-12-14,97.07,20,1,Pro,Europe,8.0,True
C-51426,2022-12-21,2023-04-14,37.44,12,0,Basic,Asia Pacific,7.0,False
C-51427,2024-12-23,2025-04-25,32.18,4,4,Basic,Europe,8.0,False
C-51428,2023-02-15,2023-10-22,150.99,15,1,Enterprise,Asia Pacific,9.0,False
C-51429,2024-11-29,2024-12-29,109.97,2,3,Pro,Asia Pacific,5.0,False
C-51430,2023-01-30,2023-04-15,26.22,3,3,Basic,Latin America,7.0,False
C-51431,2024-01-12,2025-06-30,190.85,45,3,Enterprise,North America,6.0,False
C-51432,2024-05-14,2025-06-30,38.06,67,1,Basic,Latin America,7.0,False
C-51433,2023-11-07,2023-12-15,26.04,4,0,Basic,Europe,6.0,False
C-51434,2023-05-20,2023-07-05,42.42,5,2,Pro,Europe,8.0,False
C-51435,2024-12-08,2025-04-02,26.0,9,1,Basic,North America,6.0,True
C-51436,2024-03-21,2024-09-01,33.24,9,2,Basic,Europe,7.0,False
C-51437,2022-08-09,2024-06-28,81.36,39,1,Pro,Europe,5.0,False
C-51438,2023-08-01,2025-06-30,33.03,55,1,Basic,North America,10.0,False
C-51439,2024-03-11,2024-04-10,37.59,0,0,Basic,Latin America,7.0,True
C-51440,2022-10-05,2024-10-10,24.61,43,0,Basic,Latin America,7.0,False
C-51441,2023-06-06,2023-10-09,28.62,10,0,Basic,Asia Pacific,7.0,False
C-51442,2024-11-24,2025-06-30,24.82,45,1,Basic,Latin America,7.0,False
C-51443,2024-09-13,2025-01-01,37.91,5,1,Basic,Asia Pacific,5.0,True
C-51444,2022-11-09,2023-01-09,31.9,0,0,Basic,Asia Pacific,5.0,False
C-51445,2023-03-23,2025-06-30,25.73,65,1,Basic,Europe,6.0,False
C-51446,2023-11-09,2025-06-30,51.67,61,3,Pro,Latin America,6.0,False
C-51447,2024-12-02,2025-06-30,220.31,35,3,Enterprise,Latin America,7.0,False
C-51448,2024-03-02,2024-11-21,65.48,9,2,Pro,North America,7.0,False
C-51449,2022-11-02,2024-01-24,92.85,34,1,Pro,Asia Pacific,8.0,False
C-51450,2023-12-14,2025-06-30,24.46,61,1,Basic,North America,8.0,False
C-51451,2024-08-21,2025-01-11,26.65,12,2,Basic,North America,8.0,False
C-51452,2022-06-05,2023-10-17,35.45,44,3,Basic,Latin America,6.0,False
C-51453,2023-06-24,2023-09-17,264.01,6,2,Enterprise,Asia Pacific,4.0,False
C-51454,2024-01-08,2024-05-25,31.96,5,2,Basic,Asia Pacific,6.0,False
C-51455,2023-02-07,2023-05-21,26.32,15,2,Basic,Latin America,9.0,True
C-51456,2023-06-15,2025-05-28,75.16,40,1,Pro,Latin America,7.0,False
C-51457,2022-06-26,2022-08-15,32.44,4,0,Basic,Europe,5.0,False
C-51458,2023-03-03,2024-09-09,31.86,41,0,Basic,Asia Pacific,8.0,False
C-51459,2024-12-08,2025-06-30,23.61,48,0,Basic,North America,7.0,True
C-51460,2023-04-14,2024-12-25,70.25,49,5,Pro,Europe,6.0,True
C-51461,2022-07-16,2023-02-08,21.48,12,3,Basic,Asia Pacific,7.0,True
C-51462,2024-08-18,2025-06-30,25.66,27,2,Basic,Latin America,5.0,False
C-51463,2022-07-21,2022-08-20,31.48,4,1,Basic,Asia Pacific,10.0,False
C-51464,2024-01-27,2024-03-20,,6,2,Enterprise,Asia Pacific,8.0,False
C-51465,2024-08-21,2025-06-30,212.34,24,4,Enterprise,Europe,8.0,True
C-51466,2024-01-28,2025-06-24,30.34,37,1,Basic,Asia Pacific,8.0,False
C-51467,2024-12-27,2025-06-30,33.8,18,3,Basic,Asia Pacific,9.0,False
C-51468,2025-01-18,2025-04-01,72.71,6,0,Pro,Asia Pacific,10.0,False
C-51469,2024-03-07,2024-07-08,26.99,7,2,Basic,North America,6.0,True
C-51470,2024-03-18,2024-05-04,83.32,4,0,Pro,Asia Pacific,5.0,False
C-51471,2022-07-31,2024-09-24,78.21,68,1,Pro,North America,7.0,False
C-51472,2023-04-03,2024-03-10,89.46,23,3,Pro,North America,8.0,False
C-51473,2023-06-01,2023-09-30,30.72,4,1,Basic,Asia Pacific,7.0,False
C-51474,2024-12-23,2025-06-30,28.04,47,0,Basic,Asia Pacific,3.0,False
C-51475,2023-11-16,2024-06-10,69.01,15,2,Pro,Europe,6.0,True
C-51476,2023-01-27,2023-02-26,181.68,3,0,Enterprise,Asia Pacific,8.0,False
C-51477,2024-10-22,2025-05-03,220.79,13,1,Enterprise,North America,8.0,True
C-51478,2023-02-05,2023-07-06,25.66,11,3,Basic,Asia Pacific,7.0,True
C-51479,2022-11-18,2023-08-20,18.36,17,2,Basic,Europe,10.0,False
C-51480,2024-01-01,2024-11-03,94.69,23,2,Pro,North America,9.0,True
C-51481,2023-12-02,2025-06-30,26.8,36,1,Basic,North America,5.0,False
C-51482,2024-09-06,2024-11-28,70.96,4,0,Pro,North America,8.0,False
C-51483,2024-03-29,2025-04-07,28.04,34,3,Basic,Asia Pacific,9.0,False
C-51484,2023-09-05,2024-05-01,97.07,25,2,Pro,North America,7.0,False
C-51485,2023-01-05,2024-02-21,31.84,39,2,Basic,Asia Pacific,8.0,False
C-51486,2023-04-16,2023-10-20,138.84,12,3,Enterprise,North America,5.0,True
C-51487,2023-05-25,2025-01-21,72.2,35,3,Pro,Latin America,6.0,False
C-51488,2023-07-12,2024-03-21,,11,2,Pro,Europe,7.0,False
C-51489,2023-08-26,2025-06-30,83.06,60,1,Pro,North America,4.0,True
C-51490,2023-08-08,2024-09-11,29.26,28,1,Basic,Asia Pacific,8.0,False
C-51491,2023-05-16,2023-12-08,28.59,12,2,Basic,Europe,7.0,False
C-51492,2025-01-25,2025-06-30,190.64,9,0,Enterprise,Latin America,9.0,True
C-51493,2024-07-25,2025-06-30,26.05,72,1,Basic,Asia Pacific,8.0,False
C-51494,2024-03-09,2024-08-13,32.02,13,1,Basic,Europe,7.0,False
C-51495,2023-01-15,2023-06-21,67.79,8,3,Pro,Latin America,5.0,False
C-51496,2024-01-24,2025-04-23,77.85,30,2,Pro,Latin America,6.0,False
C-51497,2023-11-11,2024-12-05,90.07,25,0,Pro,North America,7.0,False
C-51498,2024-05-25,2024-06-24,29.04,2,1,Basic,Latin America,7.0,True
C-51499,2024-08-04,2025-06-30,66.65,73,2,Pro,North America,8.0,False
C-51500,2024-07-21,2025-06-30,162.79,102,0,Enterprise,North America,9.0,False
C-51501,2023-09-15,2023-10-15,83.53,0,1,Pro,Asia Pacific,5.0,True
C-51502,2023-02-20,2023-05-18,79.02,7,0,Pro,North America,10.0,False
C-51503,2023-03-18,2024-06-19,67.2,22,0,Pro,Asia Pacific,5.0,False
C-51504,2024-08-31,2025-06-30,46.82,39,3,Pro,Europe,6.0,False
C-51505,2024-03-20,2025-06-30,65.39,54,0,Pro,Latin America,7.0,True
C-51506,2024-06-17,2025-03-19,23.85,26,2,Basic,North America,4.0,True
C-51507,2024-08-15,2025-06-30,58.85,24,1,Pro,Europe,4.0,False
C-51508,2022-06-22,2023-01-19,32.84,12,3,Basic,Latin America,8.0,False
C-51509,2024-08-30,2025-06-30,30.96,18,3,Basic,Europe,8.0,False
C-51510,2023-04-14,2024-05-08,166.29,16,5,Enterprise,Latin America,7.0,False
C-51511,2022-06-18,2024-04-20,78.1,35,1,Pro,Europe,7.0,False
C-51512,2022-08-19,2023-07-03,162.62,21,2,Enterprise,Latin America,7.0,False
C-51513,2022-06-27,2022-07-27,25.94,2,2,Basic,Latin America,8.0,False
C-51514,2024-09-07,2025-06-30,226.77,41,1,Enterprise,Europe,7.0,False
C-51515,2022-08-25,2022-10-02,81.83,2,6,Pro,North America,8.0,True
C-51516,2023-03-11,2024-06-27,36.39,38,1,Basic,Asia Pacific,7.0,False
C-51517,2024-06-22,2024-08-12,,5,1,Pro,North America,7.0,False
C-51518,2024-02-20,2025-06-30,115.23,43,3,Pro,Asia Pacific,6.0,False
C-51519,2024-04-06,2024-05-06,22.98,5,2,Basic,North America,6.0,False
C-51520,2023-06-20,2023-12-23,31.66,14,0,Basic,North America,8.0,False
C-51521,2022-07-22,2023-05-19,31.89,21,0,Basic,Asia Pacific,6.0,False
C-51522,2024-06-10,2024-09-13,73.08,8,0,Pro,North America,7.0,False
C-51523,2022-06-30,2022-09-15,30.84,10,1,Basic,Asia Pacific,7.0,False
C-51524,2022-11-17,2024-02-22,37.63,34,1,Basic,Latin America,8.0,True
C-51525,2023-03-15,2024-05-07,74.23,30,0,Pro,Asia Pacific,7.0,False
C-51526,2022-12-25,2023-11-16,71.12,21,2,Pro,Latin America,9.0,False
C-51527,2022-12-11,2023-03-31,223.05,5,3,Enterprise,Europe,8.0,True
C-51528,2023-12-10,2024-03-05,34.68,10,1,Basic,Latin America,10.0,False
C-51529,2024-07-21,2024-09-22,34.59,6,1,Basic,North America,5.0,False
C-51530,2024-10-02,2025-04-20,19.31,8,1,Basic,Latin America,6.0,True
C-51531,2022-10-03,2024-03-26,33.16,32,0,Basic,Europe,7.0,False
C-51532,2023-11-22,2024-01-07,95.08,1,3,Pro,Asia Pacific,7.0,False
C-51533,2022-06-06,2022-10-17,85.4,11,2,Pro,Latin America,9.0,False
C-51534,2024-11-27,2025-06-30,174.8,25,0,Enterprise,Asia Pacific,8.0,False
C-51535,2024-11-01,2025-06-30,28.23,24,1,Basic,Latin America,8.0,True
C-51536,2024-10-19,2025-06-30,79.95,49,4,Pro,Asia Pacific,4.0,False
C-51537,2024-06-09,2025-06-30,153.51,29,1,Enterprise,Europe,10.0,False
C-51538,2024-09-07,2025-06-30,26.87,62,1,Basic,Europe,6.0,False
C-51539,2024-05-09,2025-06-30,26.36,29,0,Basic,Europe,8.0,False
C-51540,2022-12-15,2024-12-07,48.78,56,0,Pro,North America,4.0,True
C-51541,2022-08-08,2025-06-30,31.33,63,1,Basic,Asia Pacific,9.0,False
C-51542,2023-12-26,2025-05-14,82.67,31,1,Pro,Latin America,10.0,False
C-51543,2024-02-15,2025-02-21,32.12,22,4,Basic,Europe,6.0,False
C-51544,2024-01-01,2024-02-10,75.48,3,2,Pro,Asia Pacific,6.0,False
C-51545,2024-03-05,2025-06-30,22.79,56,0,Basic,Asia Pacific,6.0,False
C-51546,2022-07-04,2025-05-24,91.21,76,1,Pro,Latin America,7.0,False
C-51547,2023-10-22,2023-12-15,28.2,1,2,Basic,North America,7.0,False
C-51548,2023-08-10,2024-02-12,25.36,15,2,Basic,North America,3.0,False
C-51549,2024-03-16,2025-06-30,34.4,82,1,Basic,North America,8.0,True
C-51550,2024-08-05,2025-02-12,96.33,17,4,Pro,North America,8.0,False
C-51551,2022-08-24,2022-12-22,90.46,3,0,Pro,North America,6.0,True
C-51552,2024-12-04,2025-06-30,32.69,26,0,Basic,North America,6.0,False
C-51553,2023-02-16,2023-03-18,33.78,0,2,Basic,Europe,8.0,False
C-51554,2023-02-03,2023-10-08,70.74,16,1,Pro,North America,8.0,False
C-51555,2024-03-09,2024-11-26,18.47,17,0,Basic,North America,8.0,False
C-51556,2024-02-18,2025-02-18,32.05,33,3,Basic,Asia Pacific,7.0,False
C-51557,2024-12-21,2025-01-24,81.88,1,4,Pro,North America,8.0,False
C-51558,2022-06-22,2024-05-14,76.17,50,1,Pro,Europe,10.0,False
C-51559,2022-10-10,2022-12-26,42.15,3,3,Basic,Europe,9.0,True
C-51560,2024-09-17,2025-01-26,41.42,11,2,Basic,Latin America,7.0,False
C-51561,2022-10-21,2023-06-27,159.93,17,3,Enterprise,Latin America,7.0,False
C-51562,2024-01-18,2024-03-01,32.94,0,1,Basic,Latin America,7.0,False
C-51563,2022-09-11,2022-11-07,100.58,4,3,Pro,Latin America,9.0,False
C-51564,2024-10-13,2025-04-08,71.15,8,1,Pro,Asia Pacific,8.0,False
C-51565,2024-09-21,2025-03-06,23.95,6,5,Basic,Asia Pacific,9.0,False
C-51566,2024-06-19,2024-07-19,32.5,5,1,Basic,Latin America,5.0,False
C-51567,2023-02-28,2023-10-30,43.06,15,2,Pro,North America,8.0,False
C-51568,2024-12-08,2025-06-30,27.38,34,0,Basic,Latin America,9.0,False
C-51569,2023-02-18,2025-06-30,27.26,66,0,Basic,Europe,5.0,False
C-51570,2022-07-08,2024-05-13,29.54,53,2,Basic,Asia Pacific,6.0,True
C-51571,2024-06-26,2024-07-31,68.82,2,2,Pro,North America,8.0,False
C-51572,2023-04-03,2024-03-28,36.98,16,1,Pro,Asia Pacific,9.0,False
C-51573,2023-10-25,2025-06-30,74.4,106,0,Pro,North America,6.0,False
C-51574,2022-08-24,2022-09-23,57.23,1,2,Pro,Latin America,4.0,True
C-51575,2024-01-16,2024-04-20,43.65,6,1,Basic,Asia Pacific,8.0,False
C-51576,2024-05-13,2024-06-12,24.94,0,3,Basic,Latin America,7.0,False
C-51577,2023-10-25,2023-11-24,84.78,2,4,Pro,Asia Pacific,7.0,False
C-51578,2023-03-02,2023-05-18,74.89,1,3,Pro,Asia Pacific,8.0,False
C-51579,2024-05-26,2025-06-30,29.59,165,0,Basic,Latin America,9.0,True
C-51580,2022-12-30,2023-08-13,27.5,20,3,Basic,Asia Pacific,7.0,False
C-51581,2024-01-27,2025-06-30,31.49,37,0,Basic,North America,8.0,False
C-51582,2024-05-18,2024-06-17,17.19,3,2,Basic,North America,7.0,False
C-51583,2023-10-09,2025-06-30,89.73,74,1,Pro,Latin America,9.0,True
C-51584,2024-02-16,2024-12-04,93.32,22,0,Pro,Asia Pacific,5.0,False
C-51585,2023-09-13,2025-06-30,235.13,42,1,Enterprise,Asia Pacific,7.0,False
C-51586,2024-09-06,2025-04-23,293.46,11,3,Enterprise,Asia Pacific,10.0,False
C-51587,2024-08-30,2025-06-30,31.59,45,1,Basic,Asia Pacific,6.0,False
C-51588,2022-10-05,2022-11-04,31.29,2,0,Basic,Latin America,7.0,False
C-51589,2023-09-27,2024-02-18,30.69,7,2,Basic,Asia Pacific,9.0,False
C-51590,2023-07-05,2024-01-22,108.82,17,1,Pro,Europe,8.0,False
C-51591,2024-01-17,2025-01-12,182.27,15,1,Enterprise,North America,3.0,False
C-51592,2022-07-03,2024-07-05,55.39,32,3,Pro,Latin America,5.0,False
C-51593,2024-10-31,2024-11-30,78.2,3,4,Pro,North America,7.0,False
C-51594,2024-04-12,2025-06-30,223.25,28,3,Enterprise,Europe,6.0,False
C-51595,2022-08-15,2022-11-09,64.84,8,2,Pro,Europe,7.0,False
C-51596,2023-08-04,2023-09-28,29.34,0,2,Basic,Asia Pacific,8.0,False
C-51597,2023-03-13,2023-05-11,30.89,4,0,Basic,Asia Pacific,6.0,True
C-51598,2024-05-07,2025-06-30,32.87,38,2,Basic,Europe,6.0,False
C-51599,2024-07-19,2025-06-30,81.53,61,1,Pro,Europe,7.0,False
C-51600,2023-09-22,2025-06-30,213.81,70,2,Enterprise,Latin America,5.0,False
C-51601,2024-05-11,2024-06-25,61.13,0,1,Pro,Europe,8.0,False
C-51602,2024-03-20,2024-04-19,172.39,2,0,Enterprise,Latin America,4.0,True
C-51603,2024-04-02,2025-06-30,61.09,21,4,Pro,Latin America,,False
C-51604,2023-09-04,2024-05-29,35.73,14,2,Basic,Latin America,9.0,True
C-51605,2023-09-15,2024-01-08,78.99,11,2,Pro,Asia Pacific,6.0,False
C-51606,2023-02-15,2023-07-23,110.89,11,0,Pro,North America,9.0,False
C-51607,2024-06-19,2025-06-30,28.99,38,1,Basic,Latin America,8.0,False
C-51608,2023-09-04,2025-06-30,27.23,59,1,Basic,Europe,5.0,False
C-51609,2023-01-17,2023-02-16,36.53,2,0,Basic,Latin America,10.0,False
C-51610,2024-12-09,2025-03-18,50.12,6,0,Pro,North America,8.0,False
C-51611,2022-11-07,2023-05-29,219.94,11,3,Enterprise,Latin America,9.0,False
C-51612,2023-01-13,2024-05-12,25.87,34,1,Basic,Europe,8.0,False
C-51613,2022-12-15,2023-12-17,39.2,22,1,Basic,Europe,8.0,False
C-51614,2022-11-20,2023-01-15,23.17,1,2,Basic,Asia Pacific,6.0,False
C-51615,2023-02-10,2023-12-13,20.39,22,1,Basic,Asia Pacific,9.0,False
C-51616,2023-01-28,2023-02-27,183.92,0,2,Enterprise,Latin America,5.0,False
C-51617,2024-04-14,2024-05-14,24.0,1,1,Basic,Asia Pacific,6.0,False
C-51618,2022-06-22,2023-09-07,32.25,22,1,Basic,Asia Pacific,5.0,False
C-51619,2024-04-03,2025-06-30,45.17,74,1,Basic,Europe,7.0,True
C-51620,2022-09-12,2024-03-20,79.68,37,1,Pro,Latin America,8.0,False
C-51621,2024-11-21,2025-06-30,32.32,60,0,Basic,North America,8.0,True
C-51622,2023-11-02,2025-03-15,23.86,33,2,Basic,Latin America,6.0,True
C-51623,2022-07-04,2023-03-07,202.4,13,3,Enterprise,Asia Pacific,8.0,False
C-51624,2022-12-10,2024-11-30,37.46,43,1,Basic,Latin America,7.0,False
C-51625,2023-11-27,2024-05-05,54.13,7,0,Pro,Asia Pacific,7.0,False
C-51626,2022-10-09,2025-06-30,27.58,103,2,Basic,Europe,8.0,False
C-51627,2022-07-05,2022-10-30,208.84,7,3,Enterprise,North America,8.0,False
C-51628,2022-12-21,2024-05-21,59.3,34,1,Pro,Asia Pacific,8.0,False
C-51629,2024-06-23,2025-06-30,63.13,35,2,Pro,Asia Pacific,7.0,False
C-51630,2023-06-01,2025-03-08,279.17,47,2,Enterprise,Asia Pacific,7.0,False
C-51631,2022-09-19,2022-11-09,80.26,4,0,Pro,Asia Pacific,6.0,False
C-51632,2024-08-18,2025-06-30,27.82,94,0,Basic,Asia Pacific,10.0,False
C-51633,2023-06-06,2023-08-04,27.67,5,0,Basic,Latin America,9.0,True
C-51634,2024-12-25,2025-06-10,32.85,9,0,Basic,North America,7.0,False
C-51635,2023-09-07,2024-04-26,29.67,18,3,Basic,Europe,7.0,False
C-51636,2023-08-02,2024-02-05,41.75,14,2,Pro,Latin America,7.0,False
C-51637,2023-08-05,2025-03-01,34.93,42,2,Basic,Latin America,5.0,False
C-51638,2023-06-18,2023-10-18,29.72,6,1,Basic,Asia Pacific,6.0,True
C-51639,2023-10-07,2024-03-13,94.2,5,0,Pro,Latin America,7.0,False
C-51640,2022-12-05,2025-06-05,23.53,67,1,Basic,Latin America,8.0,True
C-51641,2024-02-12,2024-06-07,171.6,5,3,Enterprise,Europe,7.0,False
C-51642,2024-12-19,2025-06-30,27.6,4,1,Basic,Europe,9.0,False
C-51643,2023-07-15,2023-08-14,29.95,4,0,Basic,Latin America,4.0,False
C-51644,2025-01-28,2025-06-30,82.46,8,0,Pro,Latin America,7.0,False
C-51645,2023-05-30,2024-07-09,26.39,29,1,Basic,Asia Pacific,6.0,True
C-51646,2024-04-04,2025-06-30,37.95,44,2,Basic,North America,9.0,True
C-51647,2023-02-17,2023-05-09,25.54,7,3,Basic,Latin America,9.0,True
C-51648,2022-12-16,2024-02-19,33.72,33,0,Basic,Europe,8.0,False
C-51649,2024-03-23,2025-03-24,27.25,29,1,Basic,Europe,8.0,False
C-51650,2024-05-20,2024-12-14,77.73,11,1,Pro,North America,7.0,True
C-51651,2022-11-11,2025-04-14,31.95,63,3,Basic,Europe,6.0,False
C-51652,2023-01-20,2023-07-07,29.36,11,2,Basic,Asia Pacific,5.0,False
C-51653,2023-02-13,2023-04-21,82.84,6,1,Pro,Europe,9.0,True
C-51654,2024-12-11,2025-06-30,34.14,119,1,Basic,Europe,7.0,False
C-51655,2022-08-23,2022-09-22,217.27,0,1,Enterprise,North America,8.0,True
C-51656,2025-01-07,2025-06-30,231.91,165,1,Enterprise,Latin America,9.0,False
C-51657,2024-07-28,2024-09-03,276.58,2,1,Enterprise,North America,6.0,False
C-51658,2024-12-25,2025-06-30,30.62,17,2,Basic,Europe,9.0,True
C-51659,2024-12-18,2025-06-30,80.74,13,1,Pro,Europe,7.0,False
C-51660,2025-01-26,2025-06-30,89.93,25,2,Pro,Latin America,8.0,False
C-51661,2024-06-06,2024-07-28,34.03,1,0,Basic,Europe,5.0,False
C-51662,2024-01-11,2024-03-16,228.13,8,1,Enterprise,Latin America,6.0,False
C-51663,2024-09-23,2025-06-30,78.46,27,1,Pro,North America,7.0,False
C-51664,2024-06-21,2025-06-30,273.28,43,5,Enterprise,Latin America,8.0,False
C-51665,2024-03-20,2024-11-29,199.68,12,2,Enterprise,North America,6.0,False
C-51666,2023-12-27,2024-02-10,39.52,4,2,Basic,Latin America,6.0,True
C-51667,2022-10-17,2023-12-01,93.27,18,3,Pro,North America,6.0,True
C-51668,2024-12-05,2025-05-05,49.63,12,0,Pro,Europe,9.0,False
C-51669,2023-09-04,2025-01-13,94.49,34,1,Pro,Europe,7.0,True
C-51670,2024-05-09,2024-09-10,22.08,5,1,Basic,Latin America,8.0,False
C-51671,2024-07-27,2024-08-26,25.49,1,0,Basic,Latin America,8.0,False
C-51672,2024-12-20,2025-06-30,66.81,12,2,Pro,North America,9.0,False
C-51673,2022-07-27,2023-05-28,31.69,24,2,Basic,Europe,6.0,False
C-51674,2024-05-02,2025-06-18,40.07,31,0,Basic,Asia Pacific,7.0,False
C-51675,2022-08-18,2022-12-31,118.67,6,3,Pro,Latin America,8.0,False
C-51676,2023-10-01,2025-06-30,79.37,36,2,Pro,North America,6.0,False
C-51677,2022-12-20,2023-07-21,216.66,9,1,Enterprise,Europe,8.0,False
C-51678,2022-12-19,2024-10-09,77.12,24,2,Pro,Europe,7.0,False
C-51679,2023-07-17,2023-11-21,144.11,7,3,Enterprise,Asia Pacific,8.0,False
C-51680,2024-12-19,2025-06-30,81.24,63,6,Pro,Europe,7.0,True
C-51681,2022-12-05,2023-01-04,32.09,0,0,Basic,Europe,6.0,False
C-51682,2024-07-27,2025-01-03,37.04,13,2,Basic,North America,7.0,True
C-51683,2022-12-11,2023-08-19,30.31,15,5,Basic,North America,5.0,False
C-51684,2023-04-22,2023-09-12,27.7,10,0,Basic,Europe,7.0,False
C-51685,2022-11-06,2023-01-22,39.06,7,5,Basic,Asia Pacific,6.0,False
C-51686,2024-09-19,2025-06-30,182.7,38,3,Enterprise,Asia Pacific,8.0,False
C-51687,2022-08-18,2024-03-23,54.12,40,2,Pro,Latin America,7.0,False
C-51688,2023-06-25,2024-01-14,77.87,19,3,Pro,North America,5.0,True
C-51689,2025-01-02,2025-06-30,234.92,63,1,Enterprise,Latin America,5.0,False
C-51690,2022-06-24,2023-03-15,92.89,15,1,Pro,North America,6.0,False
C-51691,2024-02-07,2025-01-14,22.46,27,0,Basic,North America,9.0,False
C-51692,2024-11-30,2025-06-15,30.66,15,3,Basic,Europe,5.0,False
C-51693,2024-09-03,2024-10-20,38.3,1,3,Basic,Asia Pacific,7.0,False
C-51694,2024-07-09,2024-11-24,28.82,10,5,Basic,Europe,7.0,False
C-51695,2023-09-25,2024-10-10,176.48,24,3,Enterprise,Asia Pacific,7.0,False
C-51696,2024-05-30,2024-09-05,170.05,3,3,Enterprise,Latin America,5.0,False
C-51697,2022-09-09,2025-06-09,225.99,62,1,Enterprise,Latin America,6.0,False
C-51698,2023-04-08,2023-09-18,40.42,10,0,Basic,Europe,8.0,False
C-51699,2023-04-14,2025-01-03,32.49,42,0,Basic,Asia Pacific,7.0,False
C-51700,2023-03-14,2025-06-30,15.25,55,2,Basic,Europe,9.0,False
C-51701,2023-05-29,2025-06-30,106.09,88,0,Pro,Latin America,7.0,True
C-51702,2024-10-06,2025-01-18,101.08,14,0,Pro,Asia Pacific,7.0,False
C-51703,2022-11-24,2022-12-30,27.83,2,1,Basic,Asia Pacific,8.0,True
C-51704,2024-10-12,2025-06-30,219.8,61,2,Enterprise,Asia Pacific,9.0,False
C-51705,2024-12-13,2025-06-30,93.36,19,3,Pro,Latin America,5.0,True
C-51706,2025-01-24,2025-06-30,88.31,41,2,Pro,Latin America,7.0,False
C-51707,2023-11-10,2024-05-04,35.91,13,0,Basic,Europe,8.0,True
C-51708,2023-01-07,2023-02-22,61.56,1,3,Pro,Latin America,5.0,False
C-51709,2023-05-23,2023-10-28,64.95,9,2,Pro,North America,9.0,False
C-51710,2024-01-11,2025-06-30,17.17,36,0,Basic,Europe,5.0,False
C-51711,2023-11-08,2024-05-17,107.46,7,2,Pro,Latin America,6.0,False
C-51712,2022-06-01,2024-05-12,69.3,59,0,Pro,North America,5.0,False
C-51713,2022-09-14,2022-12-29,26.9,9,5,Basic,North America,9.0,False
C-51714,2023-06-03,2023-07-28,27.23,2,0,Basic,North America,7.0,True
C-51715,2023-11-09,2025-04-26,68.4,43,1,Pro,Asia Pacific,7.0,False
C-51716,2023-06-05,2023-08-10,74.25,4,0,Pro,Europe,7.0,True
C-51717,2023-01-16,2025-02-23,61.16,44,3,Pro,Latin America,6.0,False
C-51718,2023-09-20,2024-03-08,23.94,12,1,Basic,North America,7.0,False
C-51719,2024-02-12,2024-07-18,100.28,13,3,Pro,North America,7.0,False
C-51720,2024-06-08,2025-05-28,91.84,24,1,Pro,North America,4.0,True
C-51721,2024-10-12,2025-06-30,76.74,31,3,Pro,Asia Pacific,7.0,False
C-51722,2023-11-02,2024-01-26,95.47,5,0,Pro,Asia Pacific,7.0,False
C-51723,2024-01-30,2025-02-20,200.0,30,0,Enterprise,Europe,8.0,False
C-51724,2024-12-27,2025-06-30,195.34,28,0,Enterprise,North America,10.0,False
C-51725,2024-04-09,2024-05-09,25.58,2,1,Basic,North America,7.0,True
C-51726,2023-08-19,2024-06-05,17.27,20,1,Basic,Latin America,6.0,False
C-51727,2024-08-12,2025-01-15,34.71,11,2,Basic,North America,10.0,False
C-51728,2024-08-02,2024-09-18,219.6,3,0,Enterprise,Asia Pacific,5.0,False
C-51729,2024-09-24,2024-12-22,67.15,1,0,Pro,North America,5.0,False
C-51730,2023-01-01,2024-07-13,34.25,41,1,Basic,Europe,7.0,False
C-51731,2022-12-31,2023-12-12,72.85,22,1,Pro,Latin America,8.0,True
C-51732,2023-01-13,2024-02-02,77.48,18,2,Pro,Europe,6.0,False
C-51733,2024-02-02,2025-02-01,31.5,14,0,Basic,Latin America,8.0,False
C-51734,2022-07-29,2022-11-05,28.4,5,0,Basic,Asia Pacific,7.0,True
C-51735,2022-10-11,2023-06-04,28.49,19,0,Basic,Europe,7.0,False
C-51736,2023-09-06,2025-06-17,97.0,38,1,Pro,Latin America,8.0,False
C-51737,2023-02-06,2024-08-06,24.98,49,0,Basic,Asia Pacific,6.0,True
C-51738,2023-07-07,2023-08-06,77.84,0,1,Pro,Latin America,7.0,False
C-51739,2023-08-21,2023-11-26,67.5,6,3,Pro,North America,8.0,True
C-51740,2023-07-31,2025-06-30,74.4,54,5,Pro,North America,,True
C-51741,2024-11-17,2025-06-30,,46,2,Basic,Latin America,7.0,False
C-51742,2022-07-18,2023-05-28,66.72,18,1,Pro,North America,7.0,False
C-51743,2023-10-21,2024-10-06,15.27,24,1,Basic,Asia Pacific,6.0,False
C-51744,2024-08-11,2025-06-30,80.25,42,2,Pro,Asia Pacific,7.0,False
C-51745,2023-06-17,2024-02-13,84.68,19,1,Pro,Latin America,7.0,True
C-51746,2023-09-23,2023-11-24,82.0,3,2,Pro,Latin America,7.0,False
C-51747,2022-06-17,2023-07-29,20.43,33,2,Basic,Latin America,5.0,False
C-51748,2024-08-08,2025-06-30,102.69,20,3,Pro,Latin America,8.0,False
C-51749,2022-08-17,2023-07-30,30.4,22,2,Basic,North America,8.0,False
C-51750,2023-04-10,2024-07-18,82.22,38,4,Pro,Asia Pacific,7.0,False
C-51751,2022-09-05,2024-02-16,24.44,37,0,Basic,Asia Pacific,8.0,True
C-51752,2024-07-05,2024-09-03,34.6,3,2,Basic,Asia Pacific,7.0,False
C-51753,2024-12-10,2025-04-17,25.13,15,2,Basic,North America,8.0,False
C-51754,2022-12-09,2023-04-22,28.7,5,2,Basic,Latin America,7.0,False
C-51755,2024-12-17,2025-06-30,184.31,28,0,Enterprise,North America,9.0,False
C-51756,2023-03-26,2024-08-15,60.24,40,0,Pro,Europe,6.0,True
C-51757,2024-09-28,2025-06-30,77.24,47,1,Pro,Europe,7.0,False
C-51758,2024-09-11,2025-06-30,53.39,33,4,Pro,Asia Pacific,9.0,False
C-51759,2024-02-23,2025-03-18,125.33,27,3,Pro,Latin America,8.0,False
C-51760,2024-10-25,2024-11-24,196.21,3,2,Enterprise,North America,10.0,True
C-51761,2023-10-09,2025-06-30,36.86,39,2,Basic,Asia Pacific,6.0,False
C-51762,2023-01-13,2024-05-02,36.16,24,1,Basic,Europe,7.0,False
C-51763,2024-01-05,2024-03-02,73.19,4,0,Pro,Europe,7.0,False
C-51764,2024-11-04,2025-06-30,67.4,31,1,Pro,North America,6.0,True
C-51765,2023-04-30,2025-06-30,,98,3,Enterprise,Asia Pacific,8.0,False
C-51766,2022-11-12,2023-02-19,171.26,6,0,Enterprise,North America,5.0,False
C-51767,2023-05-29,2024-03-03,30.67,10,1,Basic,Asia Pacific,5.0,False
C-51768,2025-01-02,2025-02-01,20.3,5,1,Basic,Asia Pacific,6.0,False
C-51769,2023-07-01,2025-06-30,30.45,46,1,Basic,North America,7.0,False
C-51770,2024-05-16,2025-06-30,30.37,74,5,Basic,Latin America,6.0,False
C-51771,2022-08-24,2022-11-17,27.94,4,1,Basic,Europe,9.0,True
C-51772,2023-01-18,2023-08-09,29.68,14,5,Basic,Europe,6.0,False
C-51773,2023-08-19,2024-03-22,69.89,10,0,Pro,Europe,7.0,False
C-51774,2024-09-26,2025-06-30,212.81,84,0,Enterprise,Asia Pacific,6.0,True
C-51775,2024-11-16,2025-06-30,90.18,29,2,Pro,North America,7.0,False
C-51776,2024-04-19,2024-07-25,106.8,9,1,Enterprise,Asia Pacific,6.0,True
C-51777,2025-01-17,2025-06-30,182.57,31,0,Enterprise,North America,7.0,False
C-51778,2023-01-04,2025-06-30,22.08,101,1,Basic,North America,9.0,True
C-51779,2022-12-15,2023-01-14,38.82,1,3,Basic,Asia Pacific,6.0,False
C-51780,2022-10-27,2024-05-02,37.34,35,0,Basic,Latin America,9.0,False
C-51781,2022-10-30,2024-04-07,27.53,41,3,Basic,Latin America,8.0,False
C-51782,2024-09-21,2025-03-12,37.52,13,3,Basic,Latin America,7.0,False
C-51783,2025-01-20,2025-06-30,23.55,33,2,Basic,Latin America,10.0,False
C-51784,2022-11-15,2023-10-20,64.22,31,2,Pro,Asia Pacific,6.0,False
C-51785,2024-01-18,2024-08-02,78.68,11,1,Pro,Asia Pacific,6.0,False
C-51786,2024-10-15,2024-12-10,25.56,3,1,Basic,Europe,7.0,False
C-51787,2022-07-15,2025-06-30,32.08,78,1,Basic,North America,,False
C-51788,2023-03-22,2023-07-30,26.99,9,1,Basic,Asia Pacific,8.0,True
C-51789,2023-06-21,2023-11-11,31.59,9,1,Basic,Asia Pacific,7.0,False
C-51790,2023-05-05,2023-12-22,27.31,17,3,Basic,North America,8.0,True
C-51791,2024-05-11,2025-06-30,37.5,57,1,Basic,North America,8.0,False
C-51792,2024-01-17,2025-06-30,19.32,64,3,Basic,North America,7.0,True
C-51793,2023-08-05,2023-09-04,44.53,1,1,Pro,Latin America,6.0,False
C-51794,2024-10-23,2025-06-30,177.04,127,2,Enterprise,Asia Pacific,,False
C-51795,2023-12-21,2024-04-18,47.7,9,2,Basic,North America,8.0,False
C-51796,2023-10-04,2025-03-12,68.15,28,1,Pro,North America,6.0,False
C-51797,2022-06-14,2022-07-14,20.89,2,2,Basic,Asia Pacific,6.0,True
C-51798,2023-10-16,2025-04-20,71.5,33,1,Pro,Asia Pacific,7.0,False
C-51799,2024-01-25,2024-02-24,35.75,2,1,Basic,Europe,7.0,False
C-51800,2024-05-14,2024-07-28,29.03,5,3,Basic,Asia Pacific,8.0,False
C-51801,2022-09-21,2022-12-18,90.37,14,0,Pro,Europe,9.0,False
C-51802,2023-11-06,2025-06-18,30.88,46,3,Basic,Latin America,8.0,False
C-51803,2024-05-22,2025-05-03,28.69,26,1,Basic,Asia Pacific,7.0,False
C-51804,2024-06-17,2024-12-16,89.54,12,0,Pro,Europe,3.0,True
C-51805,2022-09-14,2023-12-07,32.28,24,1,Basic,Asia Pacific,6.0,False
C-51806,2023-02-08,2024-02-14,232.52,15,1,Enterprise,Europe,9.0,False
C-51807,2024-12-05,2025-06-30,,76,2,Enterprise,Latin America,6.0,False
C-51808,2024-01-11,2025-06-30,29.81,67,1,Basic,North America,7.0,False
C-51809,2022-12-20,2023-09-29,139.96,16,1,Enterprise,Latin America,7.0,False
C-51810,2022-10-18,2022-11-17,84.39,2,1,Pro,Asia Pacific,9.0,False
C-51811,2023-08-05,2025-06-02,235.42,34,3,Enterprise,North America,4.0,False
C-51812,2023-05-02,2023-06-19,24.18,1,2,Basic,Latin America,6.0,True
C-51813,2023-09-21,2024-05-04,37.08,16,4,Basic,Europe,8.0,True
C-51814,2025-01-27,2025-05-14,22.73,5,2,Basic,North America,8.0,False
C-51815,2024-02-01,2024-06-15,74.05,15,3,Pro,Asia Pacific,9.0,False
C-51816,2023-08-07,2023-09-06,70.33,3,1,Pro,North America,6.0,False
C-51817,2023-12-25,2024-01-24,114.77,2,1,Enterprise,Asia Pacific,10.0,False
C-51818,2025-01-02,2025-06-30,31.96,40,2,Basic,Latin America,9.0,False
C-51819,2024-01-01,2025-06-30,33.28,105,1,Basic,Latin America,9.0,False
C-51820,2024-03-25,2025-06-30,199.15,46,0,Enterprise,Asia Pacific,8.0,False
C-51821,2024-07-09,2025-06-30,34.34,65,3,Basic,Latin America,7.0,False
C-51822,2022-12-20,2023-08-07,63.86,17,2,Pro,North America,8.0,False
C-51823,2024-06-08,2025-01-15,50.61,13,1,Pro,North America,7.0,False
C-51824,2024-04-23,2024-11-19,115.27,13,2,Pro,North America,7.0,False
C-51825,2022-10-27,2024-07-23,31.07,36,2,Basic,North America,7.0,False
C-51826,2023-09-09,2025-02-02,94.91,30,1,Pro,Europe,6.0,False
C-51827,2022-08-12,2022-09-22,20.49,6,4,Basic,Asia Pacific,7.0,False
C-51828,2023-01-14,2023-11-20,26.2,23,1,Basic,Latin America,2.0,False
C-51829,2023-10-01,2024-07-26,29.47,22,2,Basic,Latin America,7.0,False
C-51830,2023-08-24,2024-02-02,18.7,7,1,Basic,Latin America,9.0,False
C-51831,2022-10-21,2023-08-09,59.74,16,1,Pro,Asia Pacific,5.0,False
C-51832,2023-09-18,2023-11-12,89.12,7,1,Pro,North America,8.0,False
C-51833,2023-12-22,2024-09-06,34.49,15,3,Basic,North America,5.0,False
C-51834,2022-07-18,2022-12-20,66.83,6,0,Pro,North America,8.0,False
C-51835,2024-10-16,2025-03-02,76.89,10,3,Pro,Asia Pacific,7.0,False
C-51836,2023-11-26,2024-10-11,24.11,24,2,Basic,Europe,9.0,True
C-51837,2023-12-01,2024-07-04,84.5,16,0,Pro,Asia Pacific,5.0,False
C-51838,2023-04-06,2023-05-06,67.29,1,3,Pro,Europe,7.0,True
C-51839,2023-05-07,2025-06-30,,88,1,Basic,Latin America,6.0,False
C-51840,2023-12-23,2024-03-27,65.1,9,1,Pro,Asia Pacific,6.0,False
C-51841,2023-08-20,2023-10-07,36.54,7,1,Basic,Europe,8.0,False
C-51842,2024-07-21,2024-11-27,40.84,6,3,Basic,Europe,9.0,False
C-51843,2024-10-09,2024-11-08,71.93,2,3,Pro,North America,7.0,False
C-51844,2024-08-24,2025-02-23,34.99,14,1,Basic,Europe,8.0,False
C-51845,2023-02-08,2023-06-29,84.55,12,0,Pro,North America,10.0,False
C-51846,2025-01-08,2025-02-14,279.35,0,1,Enterprise,North America,10.0,False
C-51847,2023-12-26,2025-06-30,21.78,94,2,Basic,Latin America,9.0,False
C-51848,2022-06-01,2023-07-04,29.32,26,0,Basic,Europe,8.0,False
C-51849,2023-04-14,2023-06-28,141.95,3,2,Enterprise,Latin America,6.0,False
C-51850,2024-10-21,2025-01-18,158.56,7,3,Enterprise,North America,8.0,False
C-51851,2022-08-06,2022-09-05,27.63,2,0,Basic,Europe,7.0,False
C-51852,2022-08-21,2023-01-08,102.81,9,2,Pro,North America,6.0,False
C-51853,2024-09-22,2025-02-13,,6,2,Pro,Europe,5.0,False
C-51854,2022-09-30,2024-09-17,66.56,46,2,Pro,North America,6.0,False
C-51855,2024-05-04,2024-06-03,27.8,2,1,Basic,Asia Pacific,8.0,False
C-51856,2024-05-06,2025-06-30,24.27,56,7,Basic,North America,8.0,False
C-51857,2022-08-15,2022-11-05,89.34,5,0,Pro,Asia Pacific,8.0,False
C-51858,2023-10-02,2025-06-30,26.78,85,4,Basic,North America,6.0,False
C-51859,2024-08-03,2025-02-03,27.68,14,2,Basic,Latin America,9.0,False
C-51860,2024-08-26,2025-01-29,22.41,8,5,Basic,North America,9.0,False
C-51861,2024-06-22,2025-06-30,189.65,38,2,Enterprise,Latin America,6.0,False
C-51862,2024-08-09,2025-06-30,30.21,27,0,Basic,Asia Pacific,5.0,False
C-51863,2022-12-03,2023-02-20,39.26,7,1,Basic,Latin America,5.0,True
C-51864,2022-08-11,2023-06-04,33.76,14,2,Basic,Latin America,5.0,True
C-51865,2024-07-17,2024-09-11,97.94,2,3,Pro,Europe,2.0,True
C-51866,2024-05-03,2025-06-30,69.86,39,0,Pro,Europe,9.0,False
C-51867,2023-04-11,2023-08-24,103.23,6,4,Pro,Europe,7.0,False
C-51868,2023-11-07,2025-06-30,25.43,55,1,Basic,North America,6.0,False
C-51869,2024-02-18,2024-10-17,27.98,17,1,Basic,Asia Pacific,6.0,False
C-51870,2023-10-09,2025-06-30,39.38,117,4,Basic,Asia Pacific,8.0,False
C-51871,2023-06-03,2024-03-29,102.03,20,2,Pro,North America,6.0,False
C-51872,2023-10-14,2024-06-12,43.23,10,1,Pro,North America,7.0,False
C-51873,2024-06-09,2025-06-08,55.16,23,0,Pro,Europe,4.0,True
C-51874,2022-11-08,2022-12-16,28.86,2,0,Basic,Europe,9.0,False
C-51875,2024-09-14,2024-11-14,21.82,6,2,Basic,North America,,True
C-51876,2024-02-02,2024-10-29,178.58,11,3,Enterprise,Europe,7.0,False
C-51877,2024-08-10,2024-11-28,31.22,11,2,Basic,Latin America,8.0,False
C-51878,2024-09-19,2025-06-30,93.36,38,1,Pro,Latin America,7.0,False
C-51879,2023-07-03,2023-08-05,72.58,3,1,Pro,North America,7.0,False
C-51880,2024-05-23,2025-06-24,37.99,43,1,Basic,Europe,4.0,False
C-51881,2023-11-01,2023-12-01,30.94,1,3,Basic,North America,10.0,False
C-51882,2022-09-16,2024-04-19,76.42,39,1,Pro,Europe,8.0,False
C-51883,2023-04-13,2023-09-06,20.93,5,2,Basic,Asia Pacific,7.0,False
C-51884,2024-12-16,2025-06-30,71.57,24,4,Pro,Europe,7.0,True
C-51885,2023-08-24,2023-09-23,88.29,2,1,Pro,North America,7.0,False
C-51886,2022-07-26,2022-11-19,39.07,7,1,Basic,Europe,7.0,False
C-51887,2024-09-21,2025-06-30,70.01,86,2,Pro,Latin America,4.0,False
C-51888,2024-03-04,2024-06-08,55.99,4,4,Pro,North America,5.0,False
C-51889,2024-09-18,2025-06-30,28.1,42,2,Basic,Latin America,7.0,False
C-51890,2024-10-30,2025-02-17,97.01,8,3,Pro,North America,6.0,False
C-51891,2024-04-14,2025-06-30,22.79,56,2,Basic,Europe,8.0,False
C-51892,2024-12-07,2025-02-20,31.39,11,3,Basic,North America,6.0,False
C-51893,2022-10-02,2025-03-06,78.45,66,2,Pro,Latin America,6.0,False
C-51894,2024-03-31,2025-06-30,22.2,58,3,Basic,Latin America,5.0,False
C-51895,2022-11-28,2024-08-04,,43,2,Pro,Latin America,8.0,False
C-51896,2023-03-19,2024-12-01,26.18,49,3,Basic,North America,7.0,True
C-51897,2022-06-16,2022-09-04,31.3,4,0,Basic,North America,7.0,False
C-51898,2023-08-24,2024-06-09,29.67,14,3,Basic,Europe,7.0,False
C-51899,2023-01-08,2023-02-07,31.17,0,1,Basic,Latin America,4.0,True
C-51900,2024-06-09,2024-07-09,35.38,0,2,Basic,Europe,8.0,False
C-51901,2024-12-26,2025-06-30,211.96,15,1,Enterprise,Asia Pacific,5.0,True
C-51902,2023-05-24,2024-04-12,28.72,20,1,Basic,Latin America,8.0,True
C-51903,2023-12-17,2024-04-05,86.09,10,2,Pro,North America,5.0,False
C-51904,2024-07-01,2024-09-14,67.27,7,1,Pro,North America,7.0,False
C-51905,2024-10-24,2025-05-30,46.06,10,2,Pro,Latin America,7.0,False
C-51906,2022-11-03,2023-08-29,145.52,14,1,Enterprise,North America,7.0,False
C-51907,2023-07-03,2024-01-24,31.53,10,1,Basic,Latin America,9.0,False
C-51908,2023-08-29,2025-01-05,37.17,15,1,Basic,Asia Pacific,7.0,True
C-51909,2024-09-08,2025-06-30,35.25,15,0,Basic,Latin America,7.0,False
C-51910,2024-10-30,2025-06-30,114.31,78,3,Pro,North America,8.0,True
C-51911,2023-04-15,2023-05-15,72.88,0,1,Pro,Asia Pacific,8.0,False
C-51912,2024-09-01,2025-06-30,29.44,46,1,Basic,Latin America,5.0,True
C-51913,2023-06-17,2024-05-24,212.86,18,1,Enterprise,Asia Pacific,5.0,False
C-51914,2024-12-08,2025-06-30,16.64,26,0,Basic,Europe,7.0,True
C-51915,2022-07-11,2022-12-29,283.38,14,0,Enterprise,Asia Pacific,7.0,False
C-51916,2024-05-03,2025-06-30,69.67,34,2,Pro,North America,9.0,False
C-51917,2024-02-05,2025-02-02,27.96,20,0,Basic,Europe,10.0,False
C-51918,2025-01-05,2025-02-07,88.4,4,1,Pro,Latin America,8.0,False
C-51919,2024-08-03,2025-04-02,267.39,24,3,Enterprise,Asia Pacific,3.0,True
C-51920,2022-11-29,2023-04-27,226.79,4,0,Enterprise,North America,6.0,False
C-51921,2024-01-30,2025-06-30,97.94,50,2,Pro,Asia Pacific,6.0,False
C-51922,2023-08-27,2023-11-21,31.4,5,1,Basic,North America,6.0,False
C-51923,2023-05-05,2024-06-16,66.05,29,1,Pro,Latin America,8.0,False
C-51924,2023-04-06,2023-05-26,25.22,1,3,Basic,North America,9.0,True
C-51925,2024-04-16,2025-04-29,24.06,25,1,Basic,Asia Pacific,8.0,True
C-51926,2024-03-26,2024-05-01,140.79,3,3,Enterprise,North America,4.0,False
C-51927,2023-06-22,2023-12-15,38.02,10,1,Basic,Europe,9.0,True
C-51928,2023-03-30,2024-10-12,196.37,33,2,Enterprise,Europe,7.0,False
C-51929,2023-01-17,2024-09-12,198.83,41,2,Enterprise,Latin America,6.0,False
C-51930,2024-01-15,2024-09-17,56.62,16,5,Pro,Europe,10.0,False
C-51931,2022-07-01,2023-10-31,31.19,38,0,Basic,Asia Pacific,8.0,False
C-51932,2024-01-07,2024-09-10,100.36,12,2,Pro,North America,5.0,False
C-51933,2024-03-30,2025-06-30,90.11,30,2,Pro,Europe,5.0,False
C-51934,2024-05-02,2025-06-30,33.7,31,5,Basic,North America,8.0,False
C-51935,2022-11-26,2023-03-08,33.75,12,0,Basic,Asia Pacific,6.0,False
C-51936,2023-09-10,2025-02-17,31.72,49,2,Basic,North America,9.0,False
C-51937,2024-04-20,2025-06-30,31.65,50,4,Basic,North America,6.0,True
C-51938,2022-08-16,2023-08-26,30.91,23,0,Basic,Latin America,5.0,True
C-51939,2024-09-23,2025-06-30,33.48,49,1,Basic,Europe,5.0,False
C-51940,2024-04-21,2024-05-21,101.95,3,1,Pro,North America,9.0,False
C-51941,2022-11-11,2023-05-26,82.29,16,0,Pro,North America,5.0,False
C-51942,2022-11-28,2023-04-27,103.43,8,2,Pro,Latin America,8.0,False
C-51943,2023-09-13,2025-01-19,122.1,33,0,Enterprise,Asia Pacific,8.0,False
C-51944,2023-02-21,2024-07-03,211.98,49,3,Enterprise,Latin America,6.0,False
C-51945,2022-10-21,2022-12-01,35.94,3,2,Basic,Europe,6.0,True
C-51946,2023-10-05,2023-11-22,71.76,2,3,Pro,Europe,6.0,True
C-51947,2024-09-25,2025-06-16,265.24,21,1,Enterprise,Latin America,9.0,False
C-51948,2023-04-29,2023-08-27,78.93,8,0,Pro,North America,5.0,False
C-51949,2022-09-01,2023-03-22,30.89,11,3,Basic,Asia Pacific,7.0,False
C-51950,2025-01-05,2025-02-25,57.33,6,1,Pro,Europe,6.0,False
C-51951,2023-03-13,2023-09-17,92.35,13,2,Pro,Latin America,8.0,False
C-51952,2022-10-26,2024-05-07,85.99,31,0,Enterprise,Asia Pacific,9.0,False
C-51953,2023-10-23,2024-10-31,77.66,17,0,Pro,Europe,7.0,True
C-51954,2023-09-07,2024-03-22,95.05,22,0,Pro,Asia Pacific,5.0,False
C-51955,2022-10-15,2024-02-03,,27,2,Enterprise,Europe,6.0,False
C-51956,2023-02-05,2025-06-30,79.81,68,1,Pro,Asia Pacific,7.0,True
C-51957,2022-08-20,2022-11-01,37.24,4,1,Basic,Latin America,7.0,False
C-51958,2023-04-29,2024-09-05,76.69,22,0,Pro,Europe,8.0,False
C-51959,2023-04-23,2024-10-14,79.49,30,1,Pro,North America,8.0,True
C-51960,2023-10-21,2025-06-30,29.65,35,3,Basic,Europe,,True
C-51961,2024-09-24,2025-06-30,101.96,47,3,Pro,North America,6.0,False
C-51962,2022-09-18,2025-06-30,78.83,92,0,Pro,Latin America,6.0,False
C-51963,2024-02-14,2025-03-23,75.74,34,0,Pro,North America,8.0,False
C-51964,2023-03-26,2024-06-22,31.74,26,2,Basic,Asia Pacific,7.0,False
C-51965,2022-07-28,2022-09-12,34.32,5,5,Basic,Europe,8.0,True
C-51966,2023-06-14,2023-09-03,32.67,5,1,Basic,Latin America,3.0,True
C-51967,2024-10-08,2025-02-20,28.78,12,1,Basic,North America,10.0,False
C-51968,2024-12-24,2025-06-30,39.02,18,0,Pro,North America,7.0,False
C-51969,2022-09-19,2024-03-11,266.73,37,1,Enterprise,Latin America,7.0,False
C-51970,2024-07-03,2024-08-02,31.31,4,2,Basic,Europe,7.0,False
C-51971,2023-04-19,2023-10-04,217.72,11,2,Enterprise,Asia Pacific,6.0,False
C-51972,2024-10-02,2024-11-01,34.61,2,0,Basic,North America,5.0,False
C-51973,2023-07-20,2024-03-27,70.32,19,4,Pro,Europe,7.0,True
C-51974,2024-01-11,2025-06-30,53.38,52,1,Pro,Europe,6.0,False
C-51975,2023-02-20,2023-12-13,28.44,22,2,Basic,North America,5.0,True
C-51976,2022-11-01,2022-12-31,21.7,2,3,Basic,Latin America,7.0,False
C-51977,2024-07-17,2025-05-18,31.34,23,2,Basic,Europe,8.0,True
C-51978,2024-11-26,2025-06-30,27.42,14,2,Basic,North America,7.0,True
C-51979,2023-05-19,2023-06-29,163.18,3,0,Enterprise,North America,6.0,False
C-51980,2023-09-26,2024-08-13,74.15,12,1,Pro,Europe,5.0,False
C-51981,2024-03-06,2025-06-12,33.9,40,1,Basic,Europe,7.0,False
C-51982,2024-08-20,2024-12-18,41.19,8,1,Basic,North America,5.0,False
C-51983,2022-07-05,2022-10-09,185.07,6,0,Enterprise,North America,7.0,False
C-51984,2024-01-10,2024-10-17,22.39,21,3,Basic,Europe,10.0,True
C-51985,2022-12-26,2023-08-11,,14,1,Enterprise,Europe,7.0,True
C-51986,2022-07-03,2024-09-29,34.62,49,2,Basic,North America,8.0,True
C-51987,2024-06-16,2025-06-30,29.18,47,4,Basic,Asia Pacific,9.0,False
C-51988,2024-06-21,2024-07-21,27.68,4,2,Basic,Europe,6.0,False
C-51989,2023-02-13,2023-06-15,173.22,7,3,Enterprise,North America,6.0,True
C-51990,2023-02-24,2023-07-11,69.12,4,1,Pro,Europe,5.0,False
C-51991,2023-01-16,2023-10-19,78.52,20,4,Pro,Europe,4.0,True
C-51992,2023-06-18,2025-01-30,214.92,44,0,Enterprise,North America,5.0,False
C-51993,2024-08-16,2025-01-04,218.21,7,0,Enterprise,Asia Pacific,9.0,False
C-51994,2024-08-18,2025-06-30,179.29,50,0,Enterprise,Asia Pacific,6.0,False
C-51995,2023-06-06,2023-07-25,34.63,3,2,Basic,Latin America,6.0,False
C-51996,2023-09-26,2024-06-18,82.98,10,0,Pro,Asia Pacific,7.0,False
C-51997,2024-08-17,2024-09-16,53.65,0,0,Pro,Europe,6.0,False
C-51998,2025-01-06,2025-06-30,192.88,94,1,Enterprise,Latin America,8.0,False
C-51999,2022-12-17,2023-06-04,94.03,4,1,Pro,Asia Pacific,,False
C-52000,2023-10-20,2025-06-30,18.67,52,1,Basic,North America,9.0,True
C-52001,2023-09-25,2024-03-01,54.78,9,0,Pro,Europe,6.0,False
C-52002,2023-04-03,2024-02-07,24.81,20,0,Basic,Latin America,7.0,False
C-52003,2023-09-15,2025-04-16,25.13,38,3,Basic,Asia Pacific,7.0,False
C-52004,2024-08-18,2025-03-23,22.21,12,0,Basic,Asia Pacific,8.0,True
C-52005,2022-08-01,2023-03-12,99.02,13,3,Pro,Asia Pacific,8.0,False
C-52006,2023-06-21,2024-09-24,77.64,26,1,Pro,Latin America,8.0,False
C-52007,2022-09-08,2022-10-08,19.25,1,0,Basic,Asia Pacific,7.0,False
C-52008,2023-05-15,2023-06-14,97.76,3,1,Pro,Latin America,10.0,False
C-52009,2023-08-22,2023-09-21,25.97,3,6,Basic,Europe,7.0,True
C-52010,2022-08-04,2023-01-18,199.59,4,1,Enterprise,Latin America,7.0,False
C-52011,2024-11-30,2024-12-30,63.85,2,1,Pro,North America,8.0,False
C-52012,2023-07-24,2025-06-30,34.41,107,3,Basic,North America,10.0,False
C-52013,2022-11-17,2024-02-08,30.06,31,3,Basic,North America,6.0,True
C-52014,2023-02-10,2025-06-30,27.82,156,1,Basic,Latin America,6.0,False
C-52015,2022-10-03,2023-01-07,72.66,6,0,Pro,Europe,5.0,False
C-52016,2023-06-23,2025-06-30,21.04,96,2,Basic,North America,5.0,False
C-52017,2023-02-17,2023-12-14,82.2,23,1,Pro,Europe,7.0,True
C-52018,2025-01-03,2025-02-02,25.89,2,2,Basic,Asia Pacific,8.0,False
C-52019,2023-07-12,2024-11-16,25.36,33,1,Basic,Latin America,7.0,False
C-52020,2022-10-01,2023-09-17,19.92,39,2,Basic,North America,10.0,False
C-52021,2023-04-27,2024-12-20,108.36,50,1,Pro,Europe,6.0,False
C-52022,2024-04-10,2024-08-26,39.13,8,2,Basic,Europe,10.0,False
C-52023,2024-07-16,2025-06-30,32.33,31,1,Basic,North America,7.0,False
C-52024,2023-08-11,2023-09-13,60.18,0,2,Pro,Asia Pacific,9.0,False
C-52025,2024-11-27,2025-06-30,32.79,89,2,Basic,North America,6.0,False
C-52026,2024-10-30,2025-03-22,87.76,8,2,Pro,Latin America,6.0,False
C-52027,2024-04-04,2025-01-23,20.87,20,1,Basic,North America,8.0,False
C-52028,2023-01-26,2025-06-30,40.46,90,2,Basic,Latin America,6.0,True
C-52029,2024-01-01,2025-02-22,33.4,27,1,Basic,Latin America,7.0,True
C-52030,2024-12-05,2025-06-30,92.49,48,1,Pro,Europe,4.0,True
C-52031,2022-12-13,2024-02-01,34.71,28,1,Basic,Latin America,8.0,False
C-52032,2022-09-26,2023-01-06,85.95,10,3,Pro,Asia Pacific,7.0,True
C-52033,2023-04-28,2025-06-30,24.21,103,2,Basic,Europe,8.0,True
C-52034,2024-07-28,2024-11-25,26.92,9,1,Basic,Asia Pacific,9.0,True
C-52035,2023-05-21,2025-04-03,22.85,47,2,Basic,Latin America,3.0,True
C-52036,2024-05-14,2025-06-20,86.23,33,0,Pro,Latin America,5.0,False
C-52037,2024-09-09,2025-02-16,80.17,7,0,Pro,Latin America,6.0,False
C-52038,2022-07-11,2023-05-12,31.76,21,1,Basic,Europe,9.0,False
C-52039,2023-10-24,2023-11-23,21.58,0,2,Basic,Europe,8.0,False
C-52040,2024-04-27,2024-06-14,82.72,2,1,Pro,Asia Pacific,7.0,False
C-52041,2024-11-11,2025-06-30,27.12,47,2,Basic,Europe,6.0,False
C-52042,2023-10-25,2025-06-30,32.67,70,2,Basic,Latin America,8.0,False
C-52043,2024-06-21,2025-03-12,291.25,16,1,Enterprise,North America,10.0,False
C-52044,2023-09-17,2023-12-13,32.06,9,1,Basic,Latin America,7.0,True
C-52045,2022-11-16,2024-11-11,91.76,46,0,Pro,Asia Pacific,8.0,False
C-52046,2023-03-24,2023-06-22,29.31,3,1,Basic,North America,7.0,False
C-52047,2022-09-10,2022-12-03,22.76,2,1,Basic,Latin America,5.0,False
C-52048,2023-12-08,2024-04-18,75.63,10,1,Pro,Latin America,7.0,False
C-52049,2024-02-08,2025-06-30,34.69,105,2,Basic,Europe,6.0,False
C-52050,2022-09-09,2022-12-30,95.67,5,1,Pro,North America,9.0,False
C-52051,2023-09-13,2023-11-06,57.93,3,2,Pro,Latin America,8.0,False
C-52052,2024-01-30,2025-06-30,194.22,62,0,Enterprise,Latin America,6.0,False
C-52053,2024-12-06,2025-06-30,79.8,35,1,Pro,Asia Pacific,6.0,False
C-52054,2025-01-04,2025-04-18,27.04,3,1,Basic,Asia Pacific,,False
C-52055,2022-12-29,2023-11-10,29.19,17,2,Basic,Asia Pacific,8.0,True
C-52056,2023-10-31,2023-11-30,59.24,3,2,Pro,Latin America,7.0,False
C-52057,2024-03-30,2025-06-30,81.96,48,1,Pro,Europe,5.0,False
C-52058,2023-12-26,2024-04-29,21.6,10,2,Basic,Latin America,9.0,False
C-52059,2024-01-12,2025-06-30,,55,2,Basic,Latin America,6.0,False
C-52060,2023-03-01,2023-04-11,23.83,1,0,Basic,Latin America,6.0,False
C-52061,2024-05-06,2024-11-03,81.31,11,2,Pro,Latin America,7.0,False
C-52062,2022-09-04,2023-03-16,27.48,9,0,Basic,North America,7.0,False
C-52063,2025-01-18,2025-06-30,94.85,34,4,Pro,Asia Pacific,3.0,True
C-52064,2024-04-12,2024-06-13,77.75,3,3,Pro,Latin America,8.0,False
C-52065,2022-08-04,2022-09-03,24.21,2,0,Basic,Asia Pacific,6.0,False
C-52066,2022-06-01,2023-02-15,133.43,13,0,Enterprise,Latin America,6.0,True
C-52067,2024-01-28,2024-12-26,27.71,24,2,Basic,Asia Pacific,7.0,False
C-52068,2023-02-09,2023-09-29,37.49,21,1,Basic,Asia Pacific,7.0,False
C-52069,2022-09-21,2023-12-23,29.54,26,0,Basic,Latin America,6.0,True
C-52070,2023-06-13,2023-09-18,30.47,7,3,Basic,Europe,6.0,True
C-52071,2022-08-04,2022-09-20,220.29,0,2,Enterprise,North America,10.0,False
C-52072,2022-10-15,2023-05-28,33.94,8,4,Basic,North America,6.0,False
C-52073,2022-07-10,2024-06-04,79.05,41,1,Pro,Asia Pacific,6.0,False
C-52074,2023-09-07,2023-12-10,26.6,5,0,Basic,North America,4.0,False
C-52075,2023-12-11,2025-02-13,128.58,32,2,Enterprise,North America,7.0,False
C-52076,2023-12-13,2024-02-20,31.07,2,1,Basic,North America,7.0,False
C-52077,2023-01-04,2023-10-01,184.71,13,2,Enterprise,Europe,7.0,False
C-52078,2023-08-30,2025-01-25,32.91,36,1,Basic,North America,7.0,False
C-52079,2023-06-08,2023-08-16,29.59,5,0,Basic,Latin America,8.0,False
C-52080,2023-02-02,2024-05-31,34.37,37,1,Basic,North America,8.0,False
C-52081,2023-10-21,2023-11-20,89.32,2,0,Pro,Latin America,6.0,False
C-52082,2024-04-17,2024-11-01,116.55,17,1,Pro,Asia Pacific,6.0,False
C-52083,2022-10-21,2024-12-05,22.41,54,0,Basic,Europe,6.0,False
C-52084,2022-11-20,2023-05-30,22.62,14,1,Basic,North America,7.0,False
C-52085,2024-05-25,2025-06-30,66.27,46,2,Pro,Latin America,6.0,False
C-52086,2023-04-08,2023-10-25,60.63,19,0,Pro,Latin America,9.0,False
C-52087,2023-09-02,2024-05-15,35.24,19,1,Basic,Latin America,10.0,False
C-52088,2024-10-26,2025-06-30,22.21,59,1,Basic,Latin America,4.0,True
C-52089,2024-10-31,2025-05-29,80.9,13,2,Pro,Europe,6.0,False
C-52090,2024-08-01,2025-06-30,34.17,39,0,Basic,Asia Pacific,6.0,False
C-52091,2023-03-09,2024-09-13,35.86,34,3,Basic,Asia Pacific,7.0,True
C-52092,2024-07-22,2025-06-30,36.41,46,2,Basic,Latin America,8.0,False
C-52093,2022-11-05,2022-12-05,22.4,0,3,Basic,North America,4.0,True
C-52094,2022-12-26,2023-07-07,30.6,14,3,Basic,Asia Pacific,6.0,True
C-52095,2025-01-10,2025-06-30,35.02,23,1,Basic,North America,7.0,False
C-52096,2022-09-15,2022-10-15,86.64,2,1,Pro,Asia Pacific,7.0,False
C-52097,2022-06-08,2022-10-29,36.31,9,2,Basic,North America,7.0,False
C-52098,2022-07-29,2022-10-04,70.65,6,4,Pro,Europe,6.0,False
C-52099,2022-11-16,2023-05-07,109.3,15,3,Pro,North America,8.0,False
C-52100,2022-12-19,2023-08-28,33.95,15,1,Basic,Latin America,6.0,True
C-52101,2025-01-27,2025-06-30,15.7,27,0,Basic,Asia Pacific,5.0,False
C-52102,2024-04-07,2025-03-17,63.31,23,0,Pro,Europe,9.0,False
C-52103,2023-02-25,2023-04-10,34.45,4,2,Basic,North America,7.0,True
C-52104,2023-01-08,2025-06-30,75.14,75,1,Pro,North America,8.0,False
C-52105,2024-12-27,2025-03-27,195.73,6,4,Enterprise,Europe,9.0,False
C-52106,2023-02-19,2023-04-07,28.11,0,3,Basic,Latin America,5.0,False
C-52107,2022-07-30,2022-08-29,90.37,4,0,Pro,North America,7.0,False
C-52108,2024-09-30,2025-06-30,30.35,44,3,Basic,Europe,6.0,False
C-52109,2022-11-12,2022-12-12,213.65,2,2,Enterprise,Latin America,6.0,False
C-52110,2023-10-12,2024-10-15,88.9,15,1,Pro,North America,4.0,False
C-52111,2023-06-24,2024-07-08,34.55,19,0,Basic,Latin America,6.0,True
C-52112,2024-10-08,2025-06-30,62.53,20,4,Pro,North America,5.0,False
C-52113,2023-01-20,2023-02-19,25.3,1,2,Basic,Latin America,7.0,False
C-52114,2023-06-15,2023-09-24,34.61,16,5,Basic,Europe,5.0,False
C-52115,2024-05-25,2024-06-30,34.61,0,0,Basic,Europe,7.0,False
C-52116,2023-01-11,2023-05-06,83.17,8,3,Pro,Europe,8.0,False
C-52117,2023-06-09,2023-11-05,18.83,11,1,Basic,Asia Pacific,9.0,False
C-52118,2024-11-28,2025-06-30,33.2,41,1,Basic,Latin America,8.0,True
C-52119,2022-11-20,2024-06-01,25.73,37,0,Basic,Latin America,7.0,False
C-52120,2022-12-01,2023-02-09,206.12,5,1,Enterprise,North America,10.0,False
C-52121,2024-07-23,2025-06-30,103.82,40,1,Pro,North America,7.0,False
C-52122,2024-10-07,2025-06-30,37.29,87,0,Basic,Asia Pacific,7.0,False
C-52123,2024-03-23,2025-06-30,33.74,76,1,Basic,North America,5.0,False
C-52124,2023-01-06,2024-07-18,247.57,31,1,Enterprise,Latin America,8.0,False
C-52125,2023-02-09,2023-05-20,66.97,4,1,Pro,North America,6.0,False
C-52126,2023-02-22,2023-06-14,27.46,5,2,Basic,Europe,8.0,False
C-52127,2023-03-28,2024-10-29,32.03,48,4,Basic,Asia Pacific,9.0,True
C-52128,2023-11-10,2025-06-30,57.02,96,0,Pro,Europe,,True
C-52129,2024-07-10,2025-06-30,47.26,26,4,Pro,Latin America,7.0,True
C-52130,2023-06-09,2025-06-30,27.22,93,1,Basic,Europe,6.0,True
C-52131,2023-01-12,2025-06-30,25.92,61,4,Basic,Europe,9.0,True
C-52132,2024-06-28,2024-09-24,84.84,5,2,Pro,Latin America,5.0,False
C-52133,2024-06-01,2025-06-30,19.43,40,1,Basic,Asia Pacific,6.0,False
C-52134,2024-05-23,2024-09-17,81.73,5,0,Pro,Asia Pacific,8.0,True
C-52135,2023-08-06,2024-07-27,82.79,20,4,Pro,Latin America,8.0,True
C-52136,2023-01-26,2025-02-24,195.27,59,2,Enterprise,Latin America,6.0,False
C-52137,2023-11-29,2025-06-30,36.79,49,2,Basic,Europe,7.0,False
C-52138,2023-04-19,2023-08-19,159.89,5,3,Enterprise,Europe,7.0,False
C-52139,2022-11-16,2023-10-17,75.41,30,2,Pro,Europe,9.0,True
C-52140,2022-12-11,2023-01-10,76.25,1,0,Pro,North America,9.0,False
C-52141,2025-01-16,2025-06-30,116.6,28,1,Pro,Latin America,9.0,False
C-52142,2022-06-27,2025-01-11,206.81,79,0,Enterprise,Europe,8.0,False
C-52143,2023-12-01,2025-06-30,30.25,39,0,Basic,Asia Pacific,7.0,False
C-52144,2022-09-15,2022-10-15,91.96,1,1,Pro,Latin America,9.0,False
C-52145,2023-08-09,2024-03-21,21.7,14,2,Basic,Latin America,6.0,False
C-52146,2023-11-08,2025-06-30,259.12,160,2,Enterprise,Europe,5.0,False
C-52147,2024-01-02,2024-02-01,35.41,4,1,Basic,North America,8.0,False
C-52148,2023-01-14,2023-03-06,32.96,3,2,Basic,North America,8.0,True
C-52149,2022-09-02,2025-06-30,,66,1,Enterprise,Asia Pacific,8.0,False
C-52150,2024-04-28,2024-08-01,29.08,9,2,Basic,Europe,8.0,False
C-52151,2024-09-03,2025-03-27,,9,0,Basic,Asia Pacific,4.0,True
C-52152,2023-06-22,2023-09-13,201.7,8,1,Enterprise,North America,7.0,False
C-52153,2023-06-23,2023-10-01,208.89,3,1,Enterprise,North America,3.0,True
C-52154,2022-11-10,2023-01-14,36.15,3,1,Basic,Asia Pacific,7.0,False
C-52155,2024-05-19,2025-06-30,70.59,44,0,Pro,Europe,8.0,False
C-52156,2023-08-24,2024-07-12,15.58,20,0,Basic,Asia Pacific,6.0,False
C-52157,2023-02-23,2023-06-27,31.34,7,1,Basic,Europe,5.0,False
C-52158,2022-07-08,2023-02-07,74.68,13,0,Pro,North America,6.0,False
C-52159,2023-08-01,2025-02-02,26.91,42,2,Basic,Asia Pacific,8.0,False
C-52160,2025-01-20,2025-06-30,184.23,22,2,Enterprise,North America,5.0,False
C-52161,2022-09-30,2023-11-12,27.92,27,1,Basic,North America,8.0,False
C-52162,2025-01-02,2025-02-01,84.5,1,2,Pro,Europe,5.0,False
C-52163,2025-01-15,2025-06-30,34.6,21,3,Basic,Latin America,8.0,False
C-52164,2025-01-04,2025-06-30,74.09,27,2,Pro,Asia Pacific,7.0,False
C-52165,2024-05-12,2024-09-05,35.64,10,2,Basic,Latin America,7.0,False
C-52166,2023-07-05,2023-09-28,30.41,7,1,Basic,Asia Pacific,5.0,False
C-52167,2023-11-16,2024-01-19,27.22,5,1,Basic,Asia Pacific,6.0,False
C-52168,2025-01-22,2025-06-30,92.79,21,4,Pro,North America,6.0,False
C-52169,2023-03-20,2023-12-10,17.78,25,3,Basic,North America,2.0,False
C-52170,2023-05-26,2025-06-30,25.22,45,2,Basic,Latin America,8.0,False
C-52171,2024-01-08,2024-02-22,56.1,2,3,Pro,Europe,6.0,True
C-52172,2022-10-01,2024-01-06,28.9,32,3,Basic,Latin America,7.0,False
C-52173,2022-06-25,2022-07-25,30.52,2,7,Basic,Europe,7.0,False
C-52174,2024-06-06,2025-06-30,80.9,30,0,Pro,Latin America,4.0,True
C-52175,2022-11-13,2023-01-11,68.38,2,2,Pro,Latin America,5.0,False
C-52176,2023-12-28,2024-03-02,47.11,3,3,Pro,Asia Pacific,6.0,True
C-52177,2025-01-31,2025-06-30,17.38,24,2,Basic,Asia Pacific,7.0,False
C-52178,2023-11-04,2024-08-07,83.81,25,1,Pro,Europe,6.0,False
C-52179,2022-12-16,2023-07-24,86.67,9,3,Pro,Europe,5.0,False
C-52180,2023-05-09,2023-11-16,113.18,13,2,Pro,Latin America,6.0,False
C-52181,2022-10-20,2022-11-19,28.21,1,1,Basic,Europe,6.0,False
C-52182,2023-06-14,2024-07-08,27.82,22,0,Basic,Europe,8.0,False
C-52183,2023-09-05,2025-04-17,24.5,42,2,Pro,North America,7.0,False
C-52184,2023-02-20,2024-02-07,89.57,22,1,Pro,Latin America,9.0,False
C-52185,2023-03-03,2025-06-30,83.65,52,2,Pro,Asia Pacific,7.0,False
C-52186,2024-03-30,2025-03-02,79.34,21,0,Pro,Asia Pacific,8.0,False
C-52187,2022-10-26,2024-09-15,25.04,55,2,Basic,Asia Pacific,6.0,False
C-52188,2023-03-18,2025-05-27,66.66,52,2,Pro,North America,5.0,False
C-52189,2024-12-09,2025-06-30,90.07,54,2,Pro,Asia Pacific,7.0,False
C-52190,2022-07-14,2024-10-29,29.68,60,4,Basic,North America,9.0,False
C-52191,2023-03-04,2024-05-20,85.37,35,2,Pro,Latin America,8.0,False
C-52192,2023-09-29,2025-06-30,181.01,78,2,Enterprise,Asia Pacific,5.0,False
C-52193,2025-01-30,2025-06-30,240.29,33,4,Enterprise,North America,9.0,False
C-52194,2023-08-24,2025-06-30,36.34,35,1,Basic,Europe,7.0,False
C-52195,2024-08-29,2025-06-30,31.42,26,3,Basic,Asia Pacific,8.0,False
C-52196,2022-08-16,2023-01-11,34.24,10,1,Basic,North America,9.0,False
C-52197,2023-06-30,2023-10-18,35.12,4,1,Basic,Asia Pacific,7.0,False
C-52198,2024-06-25,2024-07-27,188.75,4,4,Enterprise,North America,5.0,True
C-52199,2022-09-09,2023-05-27,25.82,26,4,Basic,North America,5.0,False
C-52200,2022-06-05,2025-06-30,174.69,82,1,Enterprise,Europe,5.0,False
C-52201,2024-12-14,2025-06-18,27.74,8,3,Basic,Asia Pacific,8.0,False
C-52202,2025-01-13,2025-06-30,71.41,35,2,Pro,Latin America,7.0,False
C-52203,2023-06-10,2025-06-30,79.06,74,1,Pro,Asia Pacific,9.0,False
C-52204,2022-08-20,2022-09-19,28.45,0,0,Basic,Latin America,7.0,False
C-52205,2024-06-20,2025-06-30,88.39,18,7,Pro,North America,5.0,False
C-52206,2023-07-04,2023-08-03,33.47,2,2,Basic,Asia Pacific,6.0,True
C-52207,2024-06-28,2024-08-24,96.0,4,2,Pro,Latin America,8.0,True
C-52208,2022-06-16,2023-04-26,27.49,23,3,Basic,Europe,7.0,False
C-52209,2024-12-08,2025-03-22,88.19,3,5,Pro,Latin America,5.0,False
C-52210,2024-12-08,2025-01-07,82.13,2,0,Pro,Latin America,7.0,False
C-52211,2023-03-16,2024-02-21,80.52,25,0,Pro,Europe,7.0,False
C-52212,2024-07-10,2025-06-30,15.74,19,3,Basic,Latin America,6.0,True
C-52213,2024-01-19,2024-08-02,98.11,13,3,Pro,Europe,8.0,False
C-52214,2024-07-06,2025-06-30,29.72,20,1,Basic,Latin America,4.0,True
C-52215,2023-01-12,2023-03-28,24.1,5,4,Basic,North America,9.0,False
C-52216,2024-12-26,2025-04-05,32.19,8,0,Basic,Asia Pacific,6.0,True
C-52217,2022-06-14,2023-01-18,63.14,12,1,Pro,Europe,6.0,False
C-52218,2024-10-05,2024-11-07,100.85,6,0,Pro,Latin America,9.0,False
C-52219,2024-06-13,2025-06-30,89.66,53,2,Pro,Europe,7.0,False
C-52220,2022-11-03,2025-01-01,179.9,52,3,Enterprise,Asia Pacific,6.0,False
C-52221,2024-02-09,2024-11-02,38.49,26,1,Basic,Europe,4.0,False
C-52222,2022-07-22,2022-10-19,74.51,5,2,Pro,Asia Pacific,6.0,False
C-52223,2023-04-26,2024-10-17,115.91,32,0,Pro,Latin America,9.0,False
C-52224,2023-12-19,2025-06-30,194.94,81,0,Enterprise,North America,7.0,True
C-52225,2025-01-31,2025-06-30,30.93,19,1,Basic,Latin America,7.0,True
C-52226,2024-06-26,2025-06-30,25.34,21,2,Basic,Europe,5.0,False
C-52227,2024-08-17,2024-10-09,90.96,4,6,Pro,Latin America,10.0,False
C-52228,2022-11-14,2023-01-29,240.76,4,1,Enterprise,Latin America,6.0,False
C-52229,2024-07-10,2025-06-30,24.21,31,2,Basic,Asia Pacific,10.0,False
C-52230,2022-11-09,2023-04-02,25.65,8,2,Basic,North America,6.0,False
C-52231,2024-08-21,2024-10-04,28.47,3,3,Basic,Asia Pacific,9.0,False
C-52232,2024-11-24,2025-06-30,247.81,19,3,Enterprise,Europe,6.0,False
C-52233,2024-07-02,2024-08-31,181.01,2,0,Enterprise,North America,10.0,False
C-52234,2024-04-19,2025-06-30,40.08,82,2,Basic,Europe,8.0,False
C-52235,2022-08-31,2023-02-05,33.38,19,3,Basic,Asia Pacific,7.0,False
C-52236,2024-08-09,2025-01-12,259.3,10,1,Enterprise,North America,6.0,False
C-52237,2023-04-26,2024-11-04,25.8,33,1,Basic,North America,7.0,False
C-52238,2022-07-14,2022-09-15,23.02,6,3,Basic,Latin America,6.0,False
C-52239,2024-12-13,2025-03-08,108.07,6,2,Pro,North America,7.0,False
C-52240,2024-03-01,2024-08-19,21.62,14,0,Basic,Asia Pacific,5.0,True
C-52241,2023-11-22,2023-12-22,82.68,4,0,Pro,North America,6.0,True
C-52242,2023-10-25,2024-11-29,25.73,32,3,Basic,Europe,5.0,True
C-52243,2023-02-02,2023-03-06,133.15,0,3,Enterprise,Asia Pacific,6.0,True
C-52244,2024-02-28,2024-06-19,197.04,12,1,Enterprise,Europe,3.0,True
C-52245,2022-10-27,2025-03-20,81.63,61,1,Pro,Asia Pacific,7.0,False
C-52246,2024-07-07,2025-06-30,95.01,67,2,Pro,Asia Pacific,5.0,False
C-52247,2022-06-26,2022-09-29,82.39,1,1,Pro,Europe,6.0,True
C-52248,2024-07-15,2024-08-19,13.4,0,1,Basic,Latin America,6.0,False
C-52249,2023-09-18,2025-06-30,24.56,59,2,Basic,North America,6.0,False
C-52250,2022-09-21,2023-04-03,119.71,12,1,Enterprise,Latin America,6.0,False
C-52251,2024-03-18,2025-06-30,88.95,52,1,Pro,Asia Pacific,10.0,False
C-52252,2024-10-28,2025-01-02,27.34,4,1,Basic,Asia Pacific,7.0,False
C-52253,2024-04-26,2025-05-14,156.47,27,0,Enterprise,Latin America,6.0,False
C-52254,2023-03-27,2023-07-15,29.1,6,1,Basic,Latin America,6.0,False
C-52255,2024-06-13,2025-06-30,24.22,52,1,Basic,Asia Pacific,8.0,False
C-52256,2024-11-26,2024-12-26,107.77,1,0,Pro,North America,5.0,False
C-52257,2024-08-27,2024-10-04,30.22,2,0,Basic,Asia Pacific,5.0,False
C-52258,2024-12-31,2025-01-30,35.22,0,0,Basic,Europe,7.0,True
C-52259,2024-02-25,2025-06-30,72.28,42,2,Pro,Asia Pacific,6.0,False
C-52260,2023-05-18,2023-07-19,22.6,4,2,Basic,Latin America,4.0,True
C-52261,2024-08-07,2025-06-06,84.37,16,0,Pro,Latin America,7.0,False
C-52262,2023-01-13,2023-04-16,29.92,6,1,Basic,Europe,6.0,False
C-52263,2023-06-28,2023-07-28,94.05,1,1,Pro,Asia Pacific,6.0,False
C-52264,2025-01-04,2025-06-30,69.42,33,1,Pro,Latin America,5.0,True
C-52265,2022-11-24,2023-07-31,191.47,21,1,Enterprise,North America,9.0,False
C-52266,2023-06-30,2024-01-01,22.45,10,3,Basic,Europe,4.0,True
C-52267,2023-08-23,2023-12-11,62.07,5,3,Pro,Asia Pacific,9.0,False
C-52268,2024-11-28,2025-01-11,27.75,1,1,Basic,North America,8.0,False
C-52269,2023-09-23,2024-01-25,74.26,10,2,Pro,Latin America,7.0,False
C-52270,2023-01-16,2023-02-20,298.95,4,3,Enterprise,Asia Pacific,8.0,False
C-52271,2022-07-15,2023-07-17,31.29,29,2,Basic,Latin America,7.0,False
C-52272,2024-06-19,2025-03-15,101.02,14,1,Pro,North America,7.0,True
C-52273,2022-09-22,2024-01-10,165.3,29,1,Enterprise,North America,,False
C-52274,2023-06-21,2023-09-20,34.97,3,2,Basic,Latin America,7.0,False
C-52275,2023-02-15,2023-03-17,74.22,3,1,Pro,North America,7.0,False
C-52276,2022-09-14,2023-10-27,87.4,33,1,Pro,North America,7.0,False
C-52277,2024-03-24,2024-07-16,73.78,6,0,Pro,Europe,7.0,False
C-52278,2023-09-09,2025-06-30,14.71,71,0,Basic,Europe,,False
C-52279,2023-03-29,2024-01-12,41.34,11,0,Basic,North America,7.0,False
C-52280,2023-12-20,2024-02-28,99.3,7,1,Pro,Latin America,8.0,False
C-52281,2022-06-27,2022-08-05,90.52,1,2,Pro,North America,7.0,False
C-52282,2023-05-19,2023-06-18,89.05,1,2,Pro,Asia Pacific,9.0,False
C-52283,2024-01-16,2025-06-30,27.25,95,0,Basic,Europe,7.0,False
C-52284,2024-05-11,2025-02-14,83.81,17,4,Pro,North America,6.0,False
C-52285,2023-03-17,2025-06-30,37.76,97,5,Basic,Europe,6.0,False
C-52286,2023-09-17,2023-10-17,73.82,3,2,Pro,Latin America,10.0,True
C-52287,2024-06-02,2025-06-05,112.15,20,1,Enterprise,Asia Pacific,10.0,True
C-52288,2023-03-05,2024-02-23,92.26,29,2,Pro,Europe,7.0,False
C-52289,2024-02-21,2025-06-30,33.14,66,3,Basic,Europe,9.0,False
C-52290,2022-08-15,2023-05-27,207.34,28,1,Enterprise,North America,6.0,False
C-52291,2024-10-19,2025-01-17,92.39,2,3,Pro,Asia Pacific,7.0,False
C-52292,2024-04-17,2024-09-24,85.25,8,0,Pro,North America,9.0,False
C-52293,2024-12-13,2025-02-14,34.84,2,2,Basic,Asia Pacific,6.0,False
C-52294,2022-08-28,2023-07-09,29.79,20,1,Basic,Asia Pacific,6.0,False
C-52295,2023-11-24,2025-01-15,25.76,30,1,Basic,North America,8.0,True
C-52296,2024-11-24,2024-12-27,30.5,1,0,Basic,Europe,8.0,False
C-52297,2023-04-27,2023-12-19,22.57,19,4,Basic,Latin America,3.0,True
C-52298,2023-04-10,2024-01-19,186.32,14,0,Enterprise,Europe,6.0,False
C-52299,2024-04-26,2025-06-30,193.6,92,0,Enterprise,Asia Pacific,5.0,False
C-52300,2024-01-03,2024-02-02,17.26,2,4,Basic,Latin America,8.0,False
C-52301,2023-05-05,2023-11-08,85.15,9,1,Pro,Europe,8.0,True
C-52302,2024-06-26,2025-06-30,90.77,87,2,Pro,North America,6.0,False
C-52303,2024-07-25,2025-03-28,92.75,11,3,Pro,Europe,7.0,False
C-52304,2023-02-12,2025-02-12,97.68,53,1,Pro,Europe,6.0,False
C-52305,2022-10-12,2022-11-21,39.48,3,0,Basic,Latin America,8.0,False
C-52306,2025-01-17,2025-02-16,86.72,2,3,Pro,Asia Pacific,9.0,False
C-52307,2022-07-10,2023-05-15,34.11,20,1,Basic,Asia Pacific,9.0,False
C-52308,2024-06-07,2024-09-28,54.09,6,1,Pro,Europe,9.0,False
C-52309,2024-10-28,2025-06-30,77.69,78,0,Pro,Latin America,6.0,False
C-52310,2022-08-08,2023-05-28,25.91,18,1,Basic,Asia Pacific,9.0,False
C-52311,2024-06-16,2025-06-30,31.06,135,4,Basic,Europe,6.0,False
C-52312,2022-10-23,2024-12-08,108.02,56,3,Pro,Latin America,8.0,False
C-52313,2022-06-17,2022-10-22,30.17,9,4,Basic,Asia Pacific,8.0,False
C-52314,2024-02-10,2025-04-02,83.63,30,2,Pro,Europe,8.0,True
C-52315,2024-02-24,2024-03-25,90.52,4,1,Pro,Latin America,7.0,True
C-52316,2023-05-07,2024-04-14,64.94,19,2,Pro,North America,8.0,False
C-52317,2024-07-28,2024-09-16,51.75,3,0,Pro,North America,4.0,False
C-52318,2023-02-09,2023-09-03,105.87,11,2,Pro,Latin America,,False
C-52319,2022-07-23,2023-02-14,108.39,16,0,Pro,Europe,8.0,False
C-52320,2024-05-01,2024-06-30,212.17,5,0,Enterprise,Europe,6.0,False
C-52321,2023-03-08,2025-06-30,21.15,138,3,Basic,North America,5.0,False
C-52322,2023-12-27,2024-12-25,199.84,16,1,Enterprise,Europe,7.0,False
C-52323,2024-03-02,2024-07-23,37.14,9,2,Basic,North America,5.0,False
C-52324,2023-04-05,2023-12-16,30.31,16,1,Basic,North America,8.0,False
C-52325,2024-09-28,2025-06-30,219.37,47,0,Enterprise,Latin America,6.0,False
C-52326,2023-07-26,2024-05-07,201.8,20,2,Enterprise,Europe,6.0,False
C-52327,2024-07-22,2025-06-30,24.43,34,2,Basic,North America,9.0,False
C-52328,2022-08-20,2023-04-11,25.78,14,2,Basic,Europe,8.0,True
C-52329,2022-08-01,2023-11-11,85.64,22,0,Pro,Latin America,5.0,False
C-52330,2023-08-28,2023-10-26,92.49,5,2,Pro,Europe,8.0,False
C-52331,2024-06-22,2024-08-30,191.83,4,3,Enterprise,Asia Pacific,8.0,False
C-52332,2022-09-11,2023-08-10,31.1,28,1,Basic,Europe,6.0,True
C-52333,2024-08-04,2025-06-30,29.99,62,4,Basic,North America,5.0,True
C-52334,2023-12-08,2024-02-03,76.17,3,5,Pro,North America,6.0,False
C-52335,2025-01-23,2025-03-15,29.22,6,1,Basic,Europe,7.0,False
C-52336,2024-10-12,2024-11-11,102.04,2,0,Pro,Asia Pacific,9.0,False
C-52337,2023-08-05,2023-10-08,233.61,7,2,Enterprise,North America,8.0,True
C-52338,2024-05-30,2025-06-30,26.87,34,2,Basic,Asia Pacific,6.0,True
C-52339,2024-04-09,2024-05-17,84.53,2,1,Pro,Asia Pacific,5.0,False
C-52340,2023-08-17,2025-02-01,29.64,36,0,Basic,Latin America,6.0,False
C-52341,2022-07-18,2023-05-08,162.14,21,2,Enterprise,Europe,6.0,False
C-52342,2022-08-30,2023-05-28,92.53,18,2,Pro,Asia Pacific,6.0,False
C-52343,2022-08-07,2024-03-28,12.65,45,2,Basic,North America,6.0,False
C-52344,2023-02-08,2024-01-07,30.81,25,1,Basic,North America,6.0,True
C-52345,2024-08-16,2025-06-30,30.98,41,1,Basic,North America,3.0,True
C-52346,2022-07-26,2022-10-27,23.1,8,1,Basic,Latin America,8.0,True
C-52347,2023-02-24,2023-07-08,21.71,9,0,Basic,Asia Pacific,7.0,False
C-52348,2024-08-16,2025-06-30,208.73,50,0,Enterprise,Asia Pacific,7.0,False
C-52349,2024-09-25,2025-06-30,57.69,46,1,Pro,Asia Pacific,9.0,False
C-52350,2023-12-19,2024-07-08,75.45,17,2,Pro,Europe,7.0,False
C-52351,2022-11-08,2022-12-08,22.71,2,0,Basic,North America,8.0,True
C-52352,2023-07-18,2024-01-28,31.53,14,1,Basic,Latin America,5.0,False
C-52353,2023-05-17,2025-02-20,37.35,40,0,Basic,Asia Pacific,5.0,False
C-52354,2024-09-27,2025-06-30,28.97,31,1,Basic,Latin America,9.0,False
C-52355,2024-08-09,2024-10-12,,5,3,Pro,Latin America,7.0,False
C-52356,2024-06-25,2025-06-30,22.4,21,1,Basic,Asia Pacific,10.0,False
C-52357,2024-11-06,2025-06-30,190.53,29,0,Enterprise,Europe,6.0,False
C-52358,2023-05-16,2024-07-01,114.77,26,3,Pro,Asia Pacific,7.0,False
C-52359,2024-04-28,2025-06-30,96.55,48,1,Pro,Latin America,6.0,False
C-52360,2024-05-01,2025-06-30,28.11,33,0,Basic,North America,7.0,False
C-52361,2022-07-21,2023-02-20,29.09,12,3,Basic,Asia Pacific,9.0,False
C-52362,2024-12-01,2025-06-30,76.36,106,1,Pro,Asia Pacific,7.0,True
C-52363,2023-01-18,2025-04-22,179.26,50,2,Enterprise,Asia Pacific,8.0,True
C-52364,2024-07-30,2025-06-30,30.89,38,1,Basic,Asia Pacific,8.0,False
C-52365,2024-10-25,2025-06-30,22.85,58,1,Basic,North America,8.0,False
C-52366,2024-09-23,2025-02-10,39.84,11,2,Basic,North America,7.0,False
C-52367,2024-02-12,2025-01-26,36.37,30,1,Basic,Asia Pacific,8.0,False
C-52368,2023-09-02,2025-06-30,30.46,71,3,Basic,Europe,7.0,False
C-52369,2022-06-09,2023-05-17,34.55,24,1,Basic,Asia Pacific,9.0,False
C-52370,2024-09-17,2025-06-30,104.17,131,2,Pro,Asia Pacific,9.0,True
C-52371,2024-10-14,2025-02-20,81.16,11,1,Pro,North America,7.0,False
C-52372,2022-12-21,2025-06-30,89.93,82,1,Pro,Europe,8.0,False
C-52373,2024-10-24,2025-06-30,78.96,43,1,Pro,Europe,8.0,False
C-52374,2025-01-11,2025-02-17,84.48,3,0,Pro,Europe,7.0,False
C-52375,2024-02-20,2024-03-21,56.93,1,0,Pro,Latin America,7.0,False
C-52376,2024-04-05,2025-06-30,65.7,49,0,Pro,Latin America,9.0,False
C-52377,2024-03-06,2025-06-30,21.02,117,0,Basic,Asia Pacific,7.0,False
C-52378,2024-01-04,2025-06-30,28.77,44,1,Basic,Asia Pacific,6.0,False
C-52379,2023-10-07,2024-05-05,87.24,19,0,Pro,Asia Pacific,7.0,False
C-52380,2022-07-04,2024-04-03,25.76,47,3,Basic,Europe,7.0,False
C-52381,2023-07-25,2024-06-28,17.03,23,1,Basic,Latin America,8.0,False
C-52382,2024-11-25,2025-03-27,93.96,4,1,Pro,Latin America,9.0,False
C-52383,2024-09-11,2025-05-19,67.77,17,0,Pro,Asia Pacific,9.0,False
C-52384,2024-03-09,2024-05-28,224.4,2,1,Enterprise,North America,4.0,True
C-52385,2024-02-21,2024-07-28,218.31,8,2,Enterprise,Asia Pacific,10.0,False
C-52386,2024-06-22,2025-01-05,74.96,17,1,Pro,Europe,9.0,False
C-52387,2024-10-11,2025-06-30,79.06,51,2,Pro,North America,5.0,False
C-52388,2022-08-21,2022-09-20,21.83,1,3,Basic,North America,8.0,False
C-52389,2022-11-05,2025-06-30,93.75,81,1,Pro,Latin America,7.0,False
C-52390,2023-06-13,2023-07-29,82.01,6,1,Pro,Latin America,6.0,False
C-52391,2023-10-13,2024-10-26,69.83,28,2,Pro,Europe,7.0,False
C-52392,2024-03-17,2024-04-16,68.31,0,0,Pro,Asia Pacific,7.0,False
C-52393,2024-07-28,2025-06-30,83.41,56,2,Pro,Latin America,9.0,False
C-52394,2024-02-16,2025-02-05,52.78,26,1,Pro,Europe,6.0,False
C-52395,2023-11-17,2025-06-30,166.56,36,3,Enterprise,North America,8.0,False
C-52396,2023-08-06,2025-06-30,83.12,122,1,Pro,North America,8.0,False
C-52397,2023-12-11,2024-01-10,36.88,0,3,Basic,Latin America,7.0,True
C-52398,2024-02-01,2024-05-19,175.62,13,1,Enterprise,Europe,6.0,False
C-52399,2022-10-17,2023-03-30,105.65,8,1,Pro,North America,5.0,False
C-52400,2023-07-15,2024-01-11,110.69,13,2,Pro,Europe,5.0,False
C-52401,2024-06-07,2025-06-30,38.0,34,0,Basic,Europe,8.0,False
C-52402,2024-04-13,2025-06-30,95.8,37,2,Pro,Latin America,6.0,False
C-52403,2024-05-24,2024-09-21,23.54,8,3,Basic,Latin America,5.0,False
C-52404,2024-11-23,2025-06-30,31.02,16,3,Basic,Latin America,7.0,False
C-52405,2023-10-12,2024-01-07,68.11,5,0,Pro,North America,8.0,False
C-52406,2024-08-22,2025-06-30,80.79,104,5,Pro,North America,8.0,False
C-52407,2024-12-12,2025-06-12,229.24,17,2,Enterprise,Latin America,6.0,False
C-52408,2024-03-09,2025-02-28,219.28,24,3,Enterprise,Latin America,6.0,False
C-52409,2022-07-12,2022-11-07,74.82,5,1,Pro,Europe,8.0,False
C-52410,2024-08-21,2025-03-15,85.42,13,1,Pro,Latin America,5.0,True
C-52411,2024-08-14,2025-06-30,186.17,109,0,Enterprise,Latin America,8.0,False
C-52412,2024-08-25,2024-10-30,89.53,3,1,Pro,North America,5.0,True
C-52413,2024-01-25,2024-06-26,24.2,7,3,Basic,Asia Pacific,8.0,False
C-52414,2023-05-26,2023-11-16,84.35,9,1,Pro,Asia Pacific,7.0,False
C-52415,2024-01-02,2024-04-28,88.06,8,3,Pro,Asia Pacific,7.0,False
C-52416,2025-01-01,2025-02-02,27.29,2,0,Basic,Europe,6.0,False
C-52417,2022-08-31,2023-09-11,78.06,26,0,Pro,North America,5.0,False
C-52418,2024-08-07,2024-09-17,29.52,1,0,Basic,North America,7.0,True
C-52419,2024-06-16,2025-01-11,25.95,21,0,Basic,Europe,7.0,True
C-52420,2023-12-11,2024-07-16,28.54,20,0,Basic,Latin America,6.0,False
C-52421,2022-10-14,2023-11-01,101.07,24,0,Pro,Asia Pacific,8.0,False
C-52422,2024-12-27,2025-06-30,71.99,73,5,Pro,North America,7.0,True
C-52423,2024-03-14,2024-04-18,30.82,2,0,Basic,Latin America,7.0,False
C-52424,2025-01-15,2025-05-18,25.5,9,0,Basic,Asia Pacific,8.0,False
C-52425,2023-06-10,2023-08-22,28.58,2,3,Basic,North America,7.0,True
C-52426,2024-06-15,2025-05-21,37.76,22,0,Basic,Europe,8.0,False
C-52427,2024-07-14,2024-11-26,198.2,8,1,Enterprise,Asia Pacific,9.0,False
C-52428,2023-11-19,2024-06-25,31.86,17,1,Basic,North America,8.0,False
C-52429,2023-06-15,2024-03-22,92.89,7,1,Pro,North America,10.0,False
C-52430,2023-05-14,2023-06-13,60.04,4,0,Pro,Asia Pacific,5.0,False
C-52431,2022-12-05,2023-01-04,106.07,1,1,Pro,Asia Pacific,7.0,False
C-52432,2022-08-10,2023-03-17,205.42,12,3,Enterprise,Latin America,8.0,False
C-52433,2023-04-04,2023-07-05,58.97,5,3,Pro,Latin America,6.0,False
C-52434,2022-12-14,2025-02-09,26.84,43,3,Basic,Europe,9.0,False
C-52435,2023-11-19,2025-06-20,22.27,28,2,Basic,Asia Pacific,6.0,False
C-52436,2023-01-10,2025-06-30,62.44,121,3,Pro,Asia Pacific,8.0,True
C-52437,2022-08-04,2022-12-08,39.02,6,2,Basic,Europe,6.0,False
C-52438,2025-01-25,2025-06-30,,30,1,Basic,Asia Pacific,6.0,True
C-52439,2022-11-12,2023-12-28,39.78,25,1,Basic,North America,7.0,False
C-52440,2023-05-06,2023-10-22,24.31,11,2,Basic,North America,8.0,False
C-52441,2024-05-09,2025-06-30,28.57,72,3,Basic,Latin America,8.0,False
C-52442,2024-04-09,2025-06-30,39.54,53,3,Basic,Europe,7.0,True
C-52443,2022-08-11,2023-10-02,30.07,21,1,Basic,Asia Pacific,10.0,False
C-52444,2024-10-04,2024-11-03,104.37,2,0,Pro,North America,7.0,True
C-52445,2022-10-18,2023-12-14,15.51,25,1,Basic,Europe,7.0,False
C-52446,2024-02-12,2024-09-24,159.18,12,2,Enterprise,North America,6.0,False
C-52447,2023-08-05,2023-09-26,35.51,6,2,Basic,Asia Pacific,6.0,False
C-52448,2024-02-04,2025-06-01,24.86,33,2,Basic,Europe,6.0,False
C-52449,2022-11-18,2023-12-23,74.16,36,1,Pro,Latin America,9.0,False
C-52450,2022-07-21,2022-10-24,27.42,7,0,Basic,Asia Pacific,7.0,False
C-52451,2022-12-06,2023-06-15,164.45,12,3,Enterprise,Europe,8.0,False
C-52452,2024-11-28,2025-04-18,72.41,10,0,Pro,North America,5.0,False
C-52453,2022-08-06,2023-02-16,35.7,13,1,Basic,Europe,9.0,False
C-52454,2024-06-13,2025-06-30,86.96,116,1,Pro,North America,7.0,False
C-52455,2023-11-25,2024-02-19,100.98,4,2,Pro,Latin America,9.0,False
C-52456,2023-06-10,2024-01-04,58.86,14,2,Pro,Latin America,7.0,False
C-52457,2023-06-23,2023-10-15,63.33,5,3,Pro,Europe,4.0,False
C-52458,2022-06-01,2023-12-07,41.33,27,1,Basic,Europe,8.0,False
C-52459,2024-12-05,2025-02-16,28.58,6,1,Basic,Latin America,7.0,False
C-52460,2024-02-08,2024-03-31,100.93,3,3,Pro,Asia Pacific,8.0,True
C-52461,2024-07-20,2024-08-19,65.26,6,0,Pro,Asia Pacific,7.0,False
C-52462,2024-02-19,2024-04-27,26.76,4,3,Basic,Asia Pacific,8.0,False
C-52463,2024-11-18,2025-06-04,78.99,13,0,Pro,Europe,6.0,False
C-52464,2025-01-23,2025-06-30,,11,2,Enterprise,Latin America,7.0,True
C-52465,2024-10-26,2024-12-21,86.02,3,0,Pro,Europe,6.0,False
C-52466,2023-04-08,2025-06-30,33.68,75,2,Basic,Europe,7.0,False
C-52467,2022-10-28,2023-08-16,212.1,21,1,Enterprise,North America,7.0,False
C-52468,2023-01-11,2024-03-29,20.29,31,1,Basic,Latin America,8.0,False
C-52469,2025-01-25,2025-06-30,73.25,25,1,Pro,Latin America,8.0,True
C-52470,2022-08-03,2023-04-13,68.65,14,0,Pro,Europe,5.0,False
C-52471,2025-01-14,2025-06-30,22.9,19,1,Basic,North America,9.0,True
C-52472,2024-03-30,2024-10-28,70.25,12,0,Pro,North America,7.0,False
C-52473,2024-12-01,2025-05-28,34.44,11,1,Basic,North America,7.0,False
C-52474,2023-01-19,2023-09-17,111.34,17,2,Pro,Europe,8.0,False
C-52475,2024-12-03,2025-06-30,200.24,41,2,Enterprise,Latin America,5.0,False
C-52476,2023-03-13,2024-08-02,34.74,30,2,Basic,Europe,7.0,True
C-52477,2024-03-02,2025-06-30,77.88,100,2,Pro,North America,5.0,False
C-52478,2023-02-19,2023-07-23,40.75,12,0,Basic,Asia Pacific,8.0,False
C-52479,2022-09-03,2023-02-21,33.73,21,2,Basic,Latin America,5.0,True
C-52480,2023-11-07,2024-02-11,37.29,5,1,Basic,Latin America,4.0,True
C-52481,2024-11-23,2025-04-01,30.87,8,1,Basic,North America,8.0,True
C-52482,2022-10-09,2023-09-15,27.34,13,1,Basic,Latin America,7.0,False
C-52483,2023-09-28,2023-10-28,210.05,3,2,Enterprise,Asia Pacific,5.0,False
C-52484,2023-06-30,2023-08-09,230.28,3,4,Enterprise,Asia Pacific,6.0,False
C-52485,2024-05-23,2024-10-16,77.64,8,4,Pro,Asia Pacific,7.0,False
C-52486,2022-09-10,2023-08-18,234.7,14,3,Enterprise,Asia Pacific,6.0,False
C-52487,2023-03-21,2023-06-06,91.6,6,0,Pro,Asia Pacific,,False
C-52488,2023-05-15,2023-06-14,68.73,3,2,Pro,Asia Pacific,5.0,True
C-52489,2022-08-17,2023-02-10,21.1,19,1,Basic,Asia Pacific,9.0,False
C-52490,2024-04-30,2025-05-10,28.02,18,4,Basic,North America,8.0,False
C-52491,2024-11-24,2025-06-30,95.56,109,0,Pro,Europe,10.0,False
C-52492,2022-09-27,2023-05-12,31.6,18,1,Basic,Latin America,9.0,False
C-52493,2024-06-24,2025-02-07,205.22,18,1,Enterprise,North America,6.0,False
C-52494,2023-01-19,2023-04-02,65.75,5,1,Pro,Europe,9.0,False
C-52495,2023-10-07,2025-06-30,25.26,44,1,Basic,North America,6.0,True
C-52496,2025-01-30,2025-06-30,253.41,13,0,Enterprise,Europe,8.0,False
C-52497,2024-12-22,2025-06-30,25.49,28,3,Basic,Europe,6.0,False
C-52498,2023-12-29,2025-06-30,34.14,44,0,Basic,Asia Pacific,8.0,True
C-52499,2024-10-02,2025-06-30,156.96,26,2,Enterprise,Latin America,7.0,False
C-52500,2024-01-29,2024-11-28,25.31,26,1,Basic,Latin America,,False
C-52501,2025-01-11,2025-04-19,23.47,8,5,Basic,North America,8.0,True
C-52502,2024-07-20,2024-11-01,22.91,2,3,Basic,Europe,8.0,False
C-52503,2023-05-04,2025-01-20,225.99,32,4,Enterprise,North America,7.0,True
C-52504,2024-09-20,2025-03-30,19.19,9,3,Basic,Asia Pacific,6.0,False
C-52505,2023-01-09,2024-03-16,22.93,24,0,Basic,Europe,3.0,True
C-52506,2024-03-13,2024-04-13,20.44,5,1,Basic,Europe,7.0,False
C-52507,2023-01-04,2023-07-19,63.54,8,5,Pro,Europe,6.0,False
C-52508,2024-04-05,2025-06-30,77.5,198,0,Pro,Asia Pacific,9.0,False
C-52509,2022-08-05,2022-09-28,66.78,7,3,Pro,Latin America,5.0,False
C-52510,2023-10-05,2024-07-23,71.21,23,3,Pro,Europe,6.0,False
C-52511,2024-01-08,2025-06-30,26.62,57,0,Basic,Asia Pacific,7.0,True
C-52512,2024-03-02,2025-06-30,85.03,42,2,Pro,North America,7.0,False
C-52513,2023-06-03,2024-02-06,172.16,14,0,Enterprise,Latin America,5.0,False
C-52514,2024-04-14,2024-11-26,219.45,18,1,Enterprise,Asia Pacific,8.0,False
C-52515,2024-05-16,2025-06-30,89.18,68,0,Pro,Asia Pacific,6.0,False
C-52516,2022-12-15,2023-04-12,259.38,10,1,Enterprise,Asia Pacific,8.0,False
C-52517,2023-05-24,2023-11-26,63.09,11,3,Pro,Latin America,6.0,False
C-52518,2022-12-03,2023-05-19,26.13,15,1,Basic,North America,9.0,False
C-52519,2023-03-21,2023-06-29,21.91,4,1,Basic,Latin America,7.0,False
C-52520,2023-11-11,2024-01-31,31.69,5,1,Basic,Europe,7.0,True
C-52521,2024-02-16,2025-06-30,77.59,56,1,Pro,Asia Pacific,6.0,False
C-52522,2024-05-22,2025-06-30,29.08,49,2,Basic,Latin America,7.0,False
C-52523,2023-07-09,2024-03-08,190.5,8,4,Enterprise,Latin America,6.0,False
C-52524,2022-08-18,2022-12-10,82.75,9,0,Pro,North America,8.0,False
C-52525,2023-11-27,2024-01-25,237.59,9,1,Enterprise,Asia Pacific,8.0,False
C-52526,2023-01-27,2023-04-08,92.33,4,1,Pro,Asia Pacific,6.0,False
C-52527,2024-06-21,2024-07-21,31.24,1,0,Basic,Europe,7.0,True
C-52528,2024-04-26,2024-08-12,91.25,7,0,Pro,North America,5.0,False
C-52529,2024-07-08,2025-06-30,79.89,27,0,Pro,Europe,9.0,False
C-52530,2023-06-25,2023-08-02,34.5,4,1,Basic,Latin America,6.0,True
C-52531,2022-07-04,2025-01-18,26.67,64,2,Basic,North America,7.0,False
C-52532,2024-03-18,2025-06-30,206.3,78,2,Enterprise,Europe,7.0,False
C-52533,2023-12-26,2024-04-14,250.12,10,0,Enterprise,Europe,6.0,False
C-52534,2023-11-02,2025-06-10,23.53,30,2,Basic,Europe,8.0,False
C-52535,2023-02-26,2025-06-04,25.74,56,0,Basic,Asia Pacific,6.0,False
C-52536,2022-07-25,2023-04-19,18.98,16,1,Basic,North America,6.0,False
C-52537,2022-11-27,2025-06-30,28.62,70,1,Basic,North America,6.0,False
C-52538,2023-04-01,2024-01-19,24.97,26,0,Basic,Asia Pacific,9.0,False
C-52539,2025-01-26,2025-06-30,89.3,63,0,Pro,North America,8.0,False
C-52540,2023-02-04,2023-05-02,34.2,10,2,Basic,North America,,False
C-52541,2025-01-24,2025-06-30,27.6,19,0,Basic,North America,4.0,True
C-52542,2022-12-05,2023-02-19,31.62,9,6,Basic,North America,6.0,False
C-52543,2023-02-11,2023-09-30,27.77,12,2,Basic,Asia Pacific,6.0,False
C-52544,2023-08-02,2024-10-06,83.02,24,0,Pro,Europe,8.0,False
C-52545,2023-05-28,2023-06-27,33.44,0,1,Basic,Asia Pacific,8.0,False
C-52546,2023-03-08,2025-06-30,244.88,88,0,Enterprise,Latin America,7.0,False
C-52547,2025-01-23,2025-06-30,37.47,54,1,Basic,North America,7.0,False
C-52548,2022-11-02,2022-12-02,35.83,3,2,Basic,Europe,6.0,True
C-52549,2022-09-28,2023-03-29,175.76,5,1,Enterprise,Asia Pacific,6.0,False
C-52550,2024-04-23,2024-06-07,37.91,2,0,Basic,North America,8.0,False
C-52551,2024-07-25,2024-08-24,64.13,4,2,Pro,Latin America,7.0,False
C-52552,2024-08-08,2025-06-30,28.08,47,1,Basic,North America,5.0,False
C-52553,2023-04-01,2024-02-08,82.03,17,3,Pro,North America,7.0,True
C-52554,2023-01-18,2023-03-07,,4,4,Basic,Latin America,10.0,True
C-52555,2022-12-22,2023-06-10,29.87,12,0,Basic,North America,8.0,False
C-52556,2024-10-10,2025-06-30,39.76,26,1,Basic,Europe,6.0,True
C-52557,2025-01-19,2025-03-12,32.27,3,1,Basic,Europe,5.0,True
C-52558,2024-01-05,2025-05-01,14.99,40,0,Basic,Europe,10.0,True
C-52559,2024-10-19,2025-01-21,32.08,7,1,Basic,Asia Pacific,7.0,False
C-52560,2024-12-04,2025-05-03,82.92,7,2,Pro,Europe,7.0,False
C-52561,2024-03-24,2025-06-16,34.97,27,0,Basic,North America,7.0,False
C-52562,2023-11-10,2024-02-12,27.23,9,0,Basic,Asia Pacific,7.0,False
C-52563,2024-06-12,2025-06-30,24.44,37,1,Basic,Asia Pacific,8.0,False
C-52564,2024-10-03,2025-06-30,103.06,20,2,Pro,Europe,9.0,False
C-52565,2023-09-17,2025-06-30,94.3,68,1,Pro,Asia Pacific,6.0,False
C-52566,2023-04-01,2023-12-20,67.66,16,3,Pro,Latin America,6.0,False
C-52567,2023-06-05,2024-05-15,154.4,25,0,Enterprise,Asia Pacific,6.0,False
C-52568,2022-06-11,2022-11-27,35.75,14,4,Basic,North America,8.0,False
C-52569,2022-08-10,2022-10-31,73.56,6,0,Pro,Asia Pacific,7.0,False
C-52570,2024-08-04,2025-04-07,100.67,18,2,Pro,Europe,8.0,False
C-52571,2023-09-06,2024-11-25,29.35,27,1,Basic,North America,8.0,True
C-52572,2024-07-09,2025-02-25,74.17,15,0,Pro,Latin America,7.0,False
C-52573,2023-07-26,2025-06-30,27.04,62,1,Basic,North America,7.0,False
C-52574,2022-11-20,2023-04-20,34.94,12,0,Basic,Europe,6.0,False
C-52575,2024-07-02,2024-11-18,176.15,9,0,Enterprise,North America,6.0,True
C-52576,2023-02-06,2025-06-30,68.46,78,4,Pro,North America,6.0,False
C-52577,2024-09-27,2025-02-17,86.4,7,2,Pro,Latin America,9.0,False
C-52578,2023-05-23,2024-02-18,210.98,17,0,Enterprise,North America,7.0,False
C-52579,2023-06-03,2023-11-12,38.51,12,1,Pro,Latin America,7.0,False
C-52580,2022-09-14,2023-03-29,82.54,10,1,Pro,North America,,False
C-52581,2023-03-02,2023-05-23,23.34,5,0,Basic,North America,6.0,False
C-52582,2023-03-22,2024-01-01,166.91,18,2,Enterprise,Latin America,6.0,False
C-52583,2024-06-07,2025-03-17,21.44,17,2,Basic,Latin America,8.0,False
C-52584,2023-09-24,2024-09-01,19.13,19,2,Basic,Asia Pacific,7.0,False
C-52585,2023-01-08,2023-04-07,30.18,7,2,Basic,Europe,7.0,False
C-52586,2023-12-19,2025-06-30,76.24,64,0,Pro,North America,7.0,False
C-52587,2022-12-06,2023-05-10,28.51,7,1,Basic,Asia Pacific,6.0,False
C-52588,2023-08-18,2025-03-05,22.28,39,2,Basic,Europe,7.0,True
C-52589,2024-10-17,2024-11-16,65.69,1,1,Pro,North America,9.0,False
C-52590,2023-04-01,2023-05-01,24.45,1,1,Basic,Europe,9.0,False
C-52591,2023-06-28,2025-06-30,32.33,53,0,Basic,Latin America,10.0,False
C-52592,2023-10-12,2024-12-22,96.39,30,0,Pro,North America,6.0,False
C-52593,2022-10-27,2023-05-23,26.4,15,1,Basic,Europe,6.0,False
C-52594,2024-08-31,2025-04-18,57.36,19,0,Pro,North America,7.0,False
C-52595,2024-08-08,2024-09-07,25.6,1,2,Basic,Asia Pacific,8.0,True
C-52596,2022-12-12,2023-04-25,220.55,2,2,Enterprise,Europe,7.0,False
C-52597,2024-07-04,2024-11-09,30.83,12,0,Basic,Europe,8.0,False
C-52598,2022-06-05,2024-07-20,84.45,50,2,Pro,North America,8.0,False
C-52599,2024-12-07,2025-06-30,31.78,21,2,Basic,Latin America,5.0,False
C-52600,2022-09-05,2024-01-27,81.31,24,2,Pro,Asia Pacific,9.0,False
C-52601,2023-08-02,2023-09-01,35.76,1,2,Basic,North America,9.0,True
C-52602,2023-06-06,2024-05-16,16.63,29,3,Basic,Asia Pacific,8.0,True
C-52603,2023-11-27,2024-02-14,68.78,4,2,Pro,Latin America,8.0,False
C-52604,2023-01-13,2024-01-28,65.15,24,2,Pro,Asia Pacific,4.0,False
C-52605,2023-11-28,2025-06-30,90.32,83,2,Pro,Latin America,5.0,False
C-52606,2023-02-18,2024-08-19,102.67,34,0,Pro,Europe,8.0,False
C-52607,2024-10-29,2025-02-13,26.75,10,4,Basic,Latin America,7.0,True
C-52608,2023-07-15,2024-06-01,79.83,22,0,Pro,North America,10.0,False
C-52609,2024-06-08,2024-12-05,259.42,16,3,Enterprise,Asia Pacific,6.0,False
C-52610,2025-01-13,2025-06-30,40.25,10,0,Basic,North America,5.0,False
C-52611,2023-06-16,2024-07-22,33.67,24,2,Basic,North America,9.0,False
C-52612,2024-02-19,2024-05-03,73.6,5,1,Pro,North America,8.0,False
C-52613,2023-11-12,2024-04-16,84.98,9,0,Pro,Europe,7.0,False
C-52614,2023-06-28,2023-08-30,,4,1,Basic,Latin America,6.0,True
C-52615,2024-07-15,2025-06-30,20.45,35,1,Basic,Latin America,6.0,False
C-52616,2022-10-27,2025-06-30,16.8,72,1,Basic,Europe,,False
C-52617,2024-03-04,2024-06-30,20.03,8,2,Basic,Latin America,6.0,False
C-52618,2023-10-31,2025-06-30,28.42,42,0,Basic,Europe,9.0,True
C-52619,2024-06-20,2024-11-11,179.59,16,0,Enterprise,Latin America,8.0,False
C-52620,2023-01-22,2023-07-28,160.34,11,1,Enterprise,Asia Pacific,8.0,False
C-52621,2022-09-29,2024-08-29,58.66,45,0,Pro,Latin America,6.0,False
C-52622,2023-08-11,2023-11-18,240.31,8,3,Enterprise,Latin America,10.0,False
C-52623,2022-09-28,2024-04-18,34.49,47,4,Basic,Latin America,7.0,True
C-52624,2024-02-14,2025-06-30,32.08,35,2,Basic,Latin America,5.0,True
C-52625,2024-07-18,2025-05-26,30.3,15,0,Basic,Latin America,6.0,False
C-52626,2024-09-08,2025-01-23,32.84,6,1,Basic,North America,5.0,False
C-52627,2023-06-09,2023-12-09,24.05,15,5,Basic,North America,8.0,True
C-52628,2024-10-05,2025-06-22,96.43,17,2,Pro,Asia Pacific,9.0,False
C-52629,2024-07-06,2025-03-27,90.26,24,2,Pro,Europe,7.0,False
C-52630,2022-07-05,2023-04-11,88.51,14,1,Pro,Latin America,8.0,False
C-52631,2023-11-18,2024-07-27,28.26,10,4,Basic,Asia Pacific,6.0,True
C-52632,2023-03-11,2023-04-21,89.88,5,1,Pro,Latin America,8.0,True
C-52633,2023-01-18,2023-04-03,32.65,6,0,Basic,Europe,7.0,False
C-52634,2023-07-14,2025-06-30,110.94,70,0,Pro,North America,7.0,False
C-52635,2024-08-15,2025-06-30,23.23,36,0,Basic,Europe,5.0,True
C-52636,2025-01-31,2025-06-30,33.95,17,0,Basic,Latin America,7.0,True
C-52637,2024-01-04,2024-09-12,34.06,15,0,Basic,Europe,8.0,False
C-52638,2022-09-21,2023-02-01,111.92,3,2,Enterprise,Asia Pacific,5.0,True
C-52639,2024-01-15,2025-06-30,70.96,70,1,Pro,Europe,5.0,False
C-52640,2024-04-28,2025-02-18,99.77,23,3,Pro,Asia Pacific,6.0,False
C-52641,2022-10-10,2024-01-29,36.86,34,0,Basic,Europe,6.0,False
C-52642,2024-09-11,2025-02-19,252.53,6,1,Enterprise,Latin America,5.0,False
C-52643,2024-07-30,2025-06-30,32.84,152,3,Basic,Europe,7.0,False
C-52644,2023-05-12,2023-07-26,63.04,6,1,Pro,Asia Pacific,6.0,False
C-52645,2022-08-16,2022-11-25,64.29,12,0,Pro,Latin America,7.0,False
C-52646,2025-01-17,2025-04-26,33.35,7,0,Basic,Latin America,6.0,False
C-52647,2023-07-19,2024-05-09,34.46,14,1,Basic,Asia Pacific,9.0,False
C-52648,2022-12-30,2023-07-06,23.61,13,0,Basic,Europe,7.0,False
C-52649,2024-09-16,2025-02-09,79.78,10,3,Pro,Latin America,,True
C-52650,2023-09-01,2024-02-17,61.6,11,2,Pro,North America,5.0,True
C-52651,2022-09-21,2023-03-13,91.27,9,4,Pro,Europe,7.0,False
C-52652,2024-02-20,2024-07-24,,14,0,Basic,Asia Pacific,5.0,True
C-52653,2023-06-19,2024-08-28,77.93,25,0,Pro,North America,7.0,True
C-52654,2024-01-02,2024-11-18,19.2,20,1,Basic,Latin America,4.0,True
C-52655,2024-10-04,2025-01-16,54.74,9,1,Pro,Asia Pacific,6.0,False
C-52656,2024-11-04,2025-06-30,94.67,66,1,Pro,Europe,6.0,False
C-52657,2022-07-09,2024-05-20,82.12,50,1,Pro,Latin America,6.0,False
C-52658,2023-10-22,2024-09-27,20.42,18,3,Basic,Europe,7.0,False
C-52659,2024-03-08,2024-10-12,34.35,13,4,Basic,Europe,6.0,False
C-52660,2024-04-18,2025-06-30,29.66,50,2,Basic,North America,7.0,False
C-52661,2024-07-13,2024-11-09,101.09,4,0,Pro,Europe,8.0,False
C-52662,2024-01-03,2024-06-01,256.45,10,5,Enterprise,Europe,6.0,False
C-52663,2025-01-09,2025-05-02,30.62,9,2,Basic,Asia Pacific,4.0,True
C-52664,2023-10-03,2024-04-17,34.98,13,1,Basic,North America,8.0,False
C-52665,2023-03-07,2025-05-26,28.18,66,3,Basic,North America,9.0,False
C-52666,2022-08-17,2024-07-27,28.38,46,0,Basic,North America,8.0,True
C-52667,2023-06-23,2023-10-27,85.08,8,2,Pro,Europe,6.0,True
C-52668,2023-12-09,2024-09-04,78.11,19,3,Pro,Europe,9.0,False
C-52669,2024-03-15,2024-04-21,17.18,0,0,Basic,Asia Pacific,8.0,False
C-52670,2024-07-25,2025-04-22,82.06,18,3,Pro,Latin America,7.0,False
C-52671,2022-11-25,2023-03-26,146.36,7,2,Enterprise,North America,6.0,False
C-52672,2025-01-29,2025-03-06,27.6,4,0,Basic,Latin America,8.0,False
C-52673,2023-06-06,2025-03-16,22.41,40,0,Basic,Asia Pacific,6.0,False
C-52674,2025-01-18,2025-03-26,92.93,3,1,Pro,Europe,6.0,True
C-52675,2024-05-20,2025-06-30,31.89,37,2,Basic,Asia Pacific,8.0,False
C-52676,2024-01-06,2025-06-30,36.04,64,4,Basic,Europe,5.0,False
C-52677,2024-07-25,2024-08-25,29.06,1,2,Basic,North America,9.0,False
C-52678,2023-03-05,2023-11-28,62.04,18,3,Pro,Asia Pacific,7.0,False
C-52679,2023-05-20,2025-01-10,179.51,42,1,Enterprise,North America,8.0,False
C-52680,2024-07-11,2025-02-07,87.72,16,1,Pro,Europe,9.0,False
C-52681,2024-07-10,2025-06-30,65.1,27,2,Pro,Latin America,8.0,False
C-52682,2022-06-11,2022-11-28,47.71,9,3,Pro,Latin America,9.0,True
C-52683,2022-06-27,2023-05-14,39.06,21,3,Basic,North America,6.0,False
C-52684,2024-04-21,2024-06-06,93.94,3,1,Pro,Latin America,7.0,False
C-52685,2024-10-25,2025-06-30,36.56,13,3,Basic,Asia Pacific,4.0,True
C-52686,2023-10-17,2023-11-16,32.37,3,0,Basic,Europe,8.0,False
C-52687,2022-11-30,2024-02-02,28.25,24,4,Basic,North America,6.0,True
C-52688,2022-12-16,2024-05-28,34.6,21,2,Basic,Asia Pacific,5.0,False
C-52689,2024-12-16,2025-05-12,29.7,12,2,Basic,Asia Pacific,5.0,False
C-52690,2024-06-21,2025-06-30,91.89,34,2,Pro,North America,8.0,False
C-52691,2024-09-02,2024-12-07,33.17,6,1,Basic,North America,7.0,False
C-52692,2023-03-18,2023-04-17,30.25,3,0,Basic,North America,3.0,False
C-52693,2023-11-27,2023-12-27,31.9,3,0,Basic,Europe,8.0,False
C-52694,2023-03-08,2025-04-14,25.95,56,1,Basic,North America,9.0,False
C-52695,2023-02-22,2024-06-04,169.75,27,2,Enterprise,Europe,6.0,True
C-52696,2024-10-01,2025-06-30,28.45,71,2,Basic,Asia Pacific,6.0,True
C-52697,2023-11-09,2025-02-25,93.09,20,2,Pro,Latin America,5.0,False
C-52698,2023-06-14,2023-08-12,62.61,5,1,Pro,Latin America,4.0,True
C-52699,2024-08-21,2024-10-27,32.98,6,3,Basic,Latin America,9.0,False
C-52700,2023-12-06,2025-06-30,227.58,49,2,Enterprise,North America,6.0,False
C-52701,2022-09-06,2022-12-02,23.04,8,1,Basic,Latin America,7.0,False
C-52702,2023-05-15,2025-06-30,86.85,126,1,Pro,Latin America,7.0,False
C-52703,2025-01-20,2025-06-30,25.9,110,3,Basic,Asia Pacific,5.0,True
C-52704,2024-06-06,2025-04-08,24.15,21,3,Basic,Europe,7.0,False
C-52705,2023-03-18,2024-11-19,161.7,38,3,Enterprise,North America,7.0,False
C-52706,2024-01-12,2024-06-08,20.94,11,0,Basic,Asia Pacific,7.0,True
C-52707,2023-07-16,2024-04-13,23.56,18,1,Basic,Asia Pacific,7.0,True
C-52708,2023-11-20,2024-02-28,217.06,7,1,Enterprise,Asia Pacific,8.0,False
C-52709,2025-01-06,2025-06-30,155.78,19,3,Enterprise,North America,7.0,False
C-52710,2024-01-15,2025-04-13,32.47,23,0,Basic,Latin America,,False
C-52711,2023-10-07,2024-11-26,219.33,27,2,Enterprise,Europe,7.0,False
C-52712,2023-06-23,2024-08-10,21.53,17,1,Basic,Asia Pacific,6.0,False
C-52713,2024-09-15,2025-06-30,52.61,33,1,Pro,North America,6.0,False
C-52714,2025-01-10,2025-06-30,166.56,21,1,Enterprise,Europe,6.0,False
C-52715,2024-07-23,2025-06-30,99.6,34,1,Pro,Latin America,7.0,False
C-52716,2022-07-30,2023-03-22,104.99,12,2,Pro,North America,6.0,True
C-52717,2023-10-17,2023-12-22,30.88,3,1,Basic,North America,8.0,False
C-52718,2023-03-17,2023-08-03,25.3,9,1,Basic,Asia Pacific,6.0,False
C-52719,2023-01-19,2023-12-08,31.89,16,4,Basic,Asia Pacific,9.0,True
C-52720,2024-08-22,2025-06-30,43.34,31,2,Basic,Asia Pacific,5.0,False
C-52721,2023-01-16,2024-05-04,24.27,34,0,Basic,Asia Pacific,6.0,False
C-52722,2024-09-20,2024-12-29,31.97,5,0,Basic,North America,6.0,True
C-52723,2024-10-24,2025-06-30,171.31,44,2,Enterprise,North America,6.0,False
C-52724,2023-12-07,2024-03-08,25.32,8,1,Basic,Asia Pacific,9.0,True
C-52725,2024-11-29,2024-12-29,190.42,3,1,Enterprise,Asia Pacific,9.0,False
C-52726,2023-10-16,2023-12-28,86.14,4,1,Pro,North America,8.0,False
C-52727,2024-08-30,2024-09-29,23.29,2,3,Basic,Latin America,7.0,False
C-52728,2024-03-04,2024-10-16,86.76,9,3,Pro,Europe,7.0,False
C-52729,2023-02-24,2024-10-23,66.1,27,0,Pro,Asia Pacific,9.0,False
C-52730,2023-07-28,2023-12-28,85.13,8,2,Pro,Latin America,6.0,False
C-52731,2023-08-08,2025-06-30,97.01,51,1,Pro,North America,6.0,False
C-52732,2023-09-30,2025-02-06,102.35,42,1,Pro,Europe,10.0,True
C-52733,2022-07-17,2022-12-01,30.4,14,3,Basic,Latin America,9.0,True
C-52734,2024-05-30,2024-08-19,235.18,3,0,Enterprise,North America,5.0,False
C-52735,2024-02-27,2025-02-06,90.51,21,0,Pro,Europe,6.0,False
C-52736,2023-09-08,2025-06-30,25.15,49,1,Basic,Latin America,5.0,False
C-52737,2024-03-07,2024-11-14,77.64,13,2,Pro,Latin America,,False
C-52738,2022-10-28,2023-01-24,84.67,6,2,Pro,Asia Pacific,6.0,True
C-52739,2024-03-31,2025-03-27,29.68,22,3,Basic,Europe,6.0,False
C-52740,2023-10-18,2024-01-09,169.28,7,2,Enterprise,Europe,7.0,False
C-52741,2023-12-25,2024-06-25,70.5,9,0,Pro,Asia Pacific,5.0,False
C-52742,2023-10-20,2025-06-30,35.64,50,0,Pro,Asia Pacific,9.0,False
C-52743,2024-07-15,2025-06-30,16.98,98,2,Basic,Latin America,5.0,False
C-52744,2023-12-10,2024-09-12,39.88,14,0,Basic,Europe,6.0,False
C-52745,2024-02-27,2024-08-25,27.62,15,0,Basic,Asia Pacific,6.0,True
C-52746,2022-12-12,2023-02-08,17.48,4,0,Basic,Latin America,7.0,False
C-52747,2023-08-06,2024-02-23,32.34,11,2,Basic,Asia Pacific,7.0,True
C-52748,2022-06-01,2023-02-24,25.76,13,3,Basic,Asia Pacific,6.0,False
C-52749,2022-08-05,2025-06-30,217.04,99,2,Enterprise,Latin America,6.0,False
C-52750,2023-05-07,2024-10-24,121.86,44,2,Pro,Europe,8.0,False
C-52751,2022-11-12,2022-12-12,81.13,2,2,Pro,Europe,,False
C-52752,2024-04-07,2024-05-13,22.53,0,2,Basic,Europe,8.0,True
C-52753,2024-05-10,2025-06-30,25.42,82,3,Basic,Latin America,7.0,False
C-52754,2025-01-25,2025-05-19,29.63,4,1,Basic,North America,7.0,False
C-52755,2024-09-08,2025-06-30,37.17,51,2,Basic,Asia Pacific,7.0,False
C-52756,2023-05-27,2023-09-12,37.78,6,3,Basic,Europe,8.0,False
C-52757,2024-08-08,2025-06-14,37.91,23,1,Basic,Asia Pacific,6.0,False
C-52758,2023-12-15,2025-06-30,22.1,43,1,Basic,Latin America,5.0,False
C-52759,2024-07-19,2025-03-25,14.4,14,0,Basic,Latin America,7.0,False
C-52760,2022-12-28,2024-08-23,222.46,42,2,Enterprise,North America,5.0,False
C-52761,2024-10-02,2025-06-30,26.36,31,2,Basic,Asia Pacific,8.0,False
C-52762,2024-01-31,2025-05-09,43.53,27,2,Pro,North America,5.0,False
C-52763,2024-07-18,2025-01-18,30.0,10,1,Basic,North America,8.0,True
C-52764,2024-03-08,2025-02-14,84.22,28,2,Pro,North America,6.0,False
C-52765,2023-06-08,2023-09-02,240.11,8,1,Enterprise,Asia Pacific,8.0,False
C-52766,2023-06-08,2024-02-02,72.87,15,0,Pro,North America,8.0,False
C-52767,2024-07-15,2025-06-30,50.64,65,2,Pro,Asia Pacific,10.0,False
C-52768,2022-10-09,2023-12-03,31.71,22,2,Basic,Latin America,7.0,True
C-52769,2022-12-16,2025-06-27,29.77,76,6,Basic,Latin America,7.0,False
C-52770,2022-07-25,2023-06-16,84.37,24,3,Pro,North America,4.0,True
C-52771,2024-11-14,2025-06-30,22.48,32,4,Basic,North America,8.0,True
C-52772,2025-01-17,2025-03-13,69.26,4,2,Pro,Latin America,6.0,True
C-52773,2024-04-10,2024-07-02,29.4,6,2,Basic,Latin America,9.0,False
C-52774,2023-08-14,2024-08-06,26.89,24,3,Basic,Europe,8.0,False
C-52775,2023-05-24,2023-07-10,94.01,3,1,Pro,North America,7.0,False
C-52776,2023-04-08,2024-08-19,80.64,45,2,Pro,Europe,8.0,False
C-52777,2023-05-31,2023-09-12,36.36,11,2,Basic,Latin America,7.0,False
C-52778,2023-11-01,2024-03-26,192.52,8,5,Enterprise,Europe,7.0,False
C-52779,2023-10-30,2023-12-31,102.97,1,2,Pro,Latin America,8.0,False
C-52780,2023-10-07,2024-06-26,87.94,17,0,Pro,Asia Pacific,9.0,False
C-52781,2024-05-01,2025-01-30,77.89,26,2,Pro,Europe,7.0,False
C-52782,2024-11-21,2025-02-01,98.41,2,1,Pro,Europe,7.0,False
C-52783,2023-09-29,2023-10-29,159.26,3,2,Enterprise,North America,6.0,True
C-52784,2022-08-28,2023-06-04,64.37,27,1,Pro,Asia Pacific,7.0,False
C-52785,2023-09-23,2024-05-02,23.85,18,0,Basic,Latin America,6.0,True
C-52786,2022-09-04,2023-10-15,40.7,32,2,Basic,Asia Pacific,6.0,True
C-52787,2023-02-20,2025-02-11,20.93,59,1,Basic,Europe,7.0,False
C-52788,2024-10-09,2024-11-22,265.76,2,1,Enterprise,Asia Pacific,6.0,False
C-52789,2023-07-12,2024-08-03,71.65,28,3,Pro,North America,6.0,False
C-52790,2025-01-13,2025-03-21,20.03,7,0,Basic,Asia Pacific,8.0,False
C-52791,2023-11-01,2025-06-30,195.75,90,1,Enterprise,North America,6.0,False
C-52792,2024-06-10,2024-08-04,34.35,3,2,Basic,Europe,7.0,False
C-52793,2024-12-10,2025-03-14,67.79,6,4,Pro,North America,6.0,True
C-52794,2024-09-20,2025-06-30,70.51,35,0,Pro,Asia Pacific,8.0,False
C-52795,2024-03-02,2024-04-01,70.2,1,2,Pro,North America,7.0,False
C-52796,2024-10-27,2025-06-30,74.07,22,1,Pro,Europe,6.0,False
C-52797,2022-12-23,2024-06-15,79.49,40,2,Pro,Europe,10.0,False
C-52798,2024-06-22,2025-06-30,78.52,27,0,Pro,Asia Pacific,7.0,False
C-52799,2022-09-03,2023-03-31,33.81,13,2,Basic,Europe,8.0,False
C-52800,2023-02-08,2023-06-17,150.17,9,3,Enterprise,Europe,9.0,False
C-52801,2022-11-10,2024-12-17,95.95,55,2,Pro,Latin America,7.0,True
C-52802,2024-10-23,2025-06-30,25.29,16,1,Basic,Asia Pacific,7.0,False
C-52803,2025-01-11,2025-06-30,33.75,18,1,Basic,Europe,7.0,False
C-52804,2024-11-29,2025-06-30,24.59,27,5,Basic,Latin America,6.0,True
C-52805,2023-04-21,2023-08-20,20.3,5,2,Basic,Europe,8.0,False
C-52806,2024-05-21,2025-06-30,31.65,120,1,Basic,Europe,7.0,False
C-52807,2022-09-28,2023-07-27,218.96,11,0,Enterprise,Europe,9.0,False
C-52808,2024-06-27,2024-11-11,254.49,8,2,Enterprise,Asia Pacific,6.0,False
C-52809,2024-08-11,2024-11-16,83.19,3,0,Pro,Europe,8.0,False
C-52810,2023-11-09,2025-06-30,85.15,58,2,Pro,North America,7.0,False
C-52811,2023-09-14,2023-10-14,18.08,2,4,Basic,North America,7.0,True
C-52812,2023-05-13,2025-02-02,30.24,46,3,Basic,Latin America,6.0,False
C-52813,2022-09-02,2025-06-30,35.58,72,3,Basic,North America,7.0,False
C-52814,2024-03-11,2025-02-24,26.93,19,3,Basic,Asia Pacific,5.0,False
C-52815,2022-10-02,2022-11-07,75.35,2,1,Pro,Asia Pacific,7.0,False
C-52816,2022-06-07,2023-01-17,25.94,17,0,Basic,Europe,8.0,False
C-52817,2023-12-16,2024-03-30,25.66,6,0,Basic,North America,8.0,False
C-52818,2024-11-06,2025-05-11,123.31,8,1,Pro,Europe,10.0,False
C-52819,2024-03-08,2024-09-02,24.33,10,2,Basic,Latin America,8.0,False
C-52820,2023-07-26,2024-07-26,81.45,24,0,Pro,Asia Pacific,4.0,True
C-52821,2023-05-25,2023-08-16,23.01,8,2,Basic,North America,7.0,True
C-52822,2023-05-04,2024-04-21,35.21,31,3,Basic,Asia Pacific,10.0,False
C-52823,2023-01-22,2023-11-27,24.2,20,2,Basic,Latin America,5.0,False
C-52824,2024-04-21,2025-06-30,33.58,24,1,Basic,Europe,9.0,False
C-52825,2023-11-29,2025-03-13,193.95,25,1,Enterprise,Latin America,9.0,False
C-52826,2023-07-06,2024-07-12,33.61,22,2,Basic,North America,7.0,False
C-52827,2022-08-04,2023-02-23,34.78,12,1,Basic,North America,10.0,True
C-52828,2024-10-15,2025-06-30,28.5,32,1,Basic,Latin America,7.0,False
C-52829,2024-11-01,2024-12-01,32.99,1,1,Basic,Europe,6.0,True
C-52830,2023-10-19,2023-11-18,24.22,3,1,Basic,Latin America,8.0,False
C-52831,2023-12-15,2024-03-12,26.79,4,0,Basic,North America,7.0,False
C-52832,2023-02-19,2023-03-21,192.14,1,1,Enterprise,Asia Pacific,6.0,False
C-52833,2025-01-26,2025-02-27,25.47,1,2,Basic,Asia Pacific,6.0,False
C-52834,2022-06-24,2024-11-13,181.54,62,1,Enterprise,Europe,7.0,False
C-52835,2023-03-25,2024-07-15,33.42,34,0,Basic,North America,10.0,False
C-52836,2024-10-17,2025-06-30,24.04,32,3,Basic,North America,5.0,False
C-52837,2023-06-04,2025-05-14,37.89,47,1,Basic,Asia Pacific,8.0,False
C-52838,2023-07-30,2025-06-30,69.95,58,1,Pro,Asia Pacific,,True
C-52839,2022-10-15,2025-05-31,218.63,76,2,Enterprise,North America,5.0,False
C-52840,2024-01-17,2024-08-18,28.8,11,1,Basic,Europe,5.0,False
C-52841,2023-06-29,2023-12-22,31.59,15,2,Basic,Latin America,8.0,False
C-52842,2024-04-05,2025-01-14,226.3,15,0,Enterprise,Europe,9.0,True
C-52843,2024-12-09,2025-01-17,74.0,3,4,Pro,Latin America,5.0,False
C-52844,2024-04-19,2024-06-14,77.31,1,1,Pro,Europe,6.0,False
C-52845,2024-03-04,2025-03-06,31.23,22,1,Basic,Europe,6.0,True
C-52846,2024-09-20,2025-06-30,37.52,80,3,Basic,Latin America,7.0,False
C-52847,2024-04-02,2025-06-30,52.32,53,4,Pro,Latin America,8.0,True
C-52848,2024-12-18,2025-04-08,117.95,10,0,Enterprise,Asia Pacific,8.0,True
C-52849,2024-11-20,2025-06-30,66.04,22,0,Pro,North America,9.0,False
C-52850,2024-05-31,2024-06-30,25.62,1,1,Basic,Asia Pacific,9.0,False
C-52851,2023-11-05,2024-06-04,89.49,13,2,Pro,North America,7.0,False
C-52852,2024-04-17,2025-05-30,66.31,26,0,Pro,Europe,6.0,False
C-52853,2023-05-01,2023-06-26,18.45,4,1,Basic,Latin America,7.0,True
C-52854,2023-06-29,2025-04-05,91.34,44,2,Pro,Asia Pacific,10.0,False
C-52855,2022-11-14,2024-03-29,137.21,46,1,Enterprise,North America,8.0,True
C-52856,2023-11-19,2025-06-30,28.69,204,4,Basic,Europe,9.0,False
C-52857,2022-11-19,2023-03-02,30.25,10,2,Basic,Latin America,5.0,False
C-52858,2022-06-24,2023-10-22,213.81,41,0,Enterprise,Latin America,8.0,False
C-52859,2023-11-23,2024-10-08,77.05,18,0,Pro,Europe,6.0,True
C-52860,2023-08-14,2025-04-03,196.61,37,2,Enterprise,Asia Pacific,7.0,False
C-52861,2023-04-04,2024-06-12,31.87,32,2,Basic,North America,8.0,False
C-52862,2024-12-13,2025-06-13,34.89,10,0,Basic,North America,5.0,False
C-52863,2023-12-18,2024-07-19,31.89,15,3,Basic,Europe,8.0,True
C-52864,2024-02-03,2025-02-18,86.29,24,0,Pro,North America,4.0,False
C-52865,2022-12-15,2023-05-23,64.65,12,1,Pro,Latin America,7.0,False
C-52866,2023-12-23,2024-07-03,27.29,15,2,Basic,Asia Pacific,5.0,False
C-52867,2022-06-24,2022-12-11,30.75,16,3,Basic,Asia Pacific,6.0,False
C-52868,2024-03-12,2024-06-30,232.53,13,3,Enterprise,Asia Pacific,7.0,False
C-52869,2024-10-08,2025-06-30,200.96,25,1,Enterprise,Asia Pacific,7.0,False
C-52870,2023-10-04,2023-11-03,171.01,4,0,Enterprise,Europe,5.0,False
C-52871,2024-01-04,2024-11-18,36.7,17,1,Basic,Asia Pacific,10.0,True
C-52872,2023-02-24,2025-06-30,172.65,95,2,Enterprise,North America,7.0,False
C-52873,2023-12-19,2024-12-08,32.6,23,1,Basic,North America,7.0,False
C-52874,2022-06-18,2023-08-13,34.51,28,0,Basic,North America,5.0,False
C-52875,2024-01-15,2025-06-30,30.59,118,2,Basic,Asia Pacific,7.0,False
C-52876,2024-10-18,2024-12-01,19.23,2,2,Basic,Europe,5.0,False
C-52877,2022-10-09,2023-03-13,32.74,19,0,Basic,Latin America,8.0,False
C-52878,2023-01-07,2024-06-26,24.64,35,0,Basic,North America,6.0,False
C-52879,2023-09-12,2025-06-30,83.55,68,3,Pro,North America,10.0,False
C-52880,2023-08-11,2025-06-30,87.75,99,0,Pro,Latin America,10.0,False
C-52881,2022-07-31,2023-02-09,36.41,11,2,Basic,Asia Pacific,6.0,True
C-52882,2023-02-27,2025-06-30,89.73,75,2,Pro,North America,4.0,False
C-52883,2024-07-20,2024-09-21,91.81,7,0,Pro,North America,6.0,False
C-52884,2024-05-18,2024-07-13,92.12,2,1,Pro,Asia Pacific,6.0,False
C-52885,2024-06-09,2024-10-13,21.78,8,1,Basic,Latin America,9.0,False
C-52886,2022-10-01,2023-05-06,77.73,16,2,Pro,Europe,8.0,False
C-52887,2022-11-14,2023-09-01,99.0,25,2,Pro,Latin America,8.0,False
C-52888,2023-08-01,2023-12-19,83.21,8,2,Pro,North America,5.0,False
C-52889,2022-07-05,2023-06-12,27.75,20,2,Basic,North America,8.0,False
C-52890,2024-09-28,2025-06-30,31.03,44,0,Basic,Asia Pacific,8.0,False
C-52891,2024-11-24,2025-06-30,68.75,30,2,Pro,Latin America,7.0,False
C-52892,2023-05-29,2024-03-23,108.79,22,1,Pro,Latin America,8.0,False
C-52893,2024-07-28,2025-04-29,130.25,13,1,Enterprise,Latin America,10.0,False
C-52894,2023-11-27,2025-06-30,31.18,82,1,Basic,Europe,5.0,False
C-52895,2023-08-30,2023-10-18,21.12,3,0,Basic,Latin America,5.0,True
C-52896,2023-07-10,2023-09-26,45.11,7,0,Pro,Asia Pacific,7.0,False
C-52897,2024-08-03,2025-06-30,35.9,31,1,Basic,Europe,6.0,False
C-52898,2023-10-12,2024-11-02,25.62,30,2,Basic,Europe,5.0,False
C-52899,2023-10-30,2025-06-30,24.53,40,3,Basic,North America,7.0,False
C-52900,2024-11-21,2025-06-25,25.69,22,1,Basic,North America,5.0,True
C-52901,2024-03-18,2024-07-29,27.4,9,2,Basic,Asia Pacific,8.0,True
C-52902,2023-09-17,2024-05-23,32.19,13,2,Basic,North America,8.0,False
C-52903,2023-09-26,2024-08-15,89.51,23,2,Pro,Europe,5.0,False
C-52904,2024-12-23,2025-04-14,28.91,10,0,Basic,Europe,8.0,True
C-52905,2022-06-06,2023-01-07,31.05,13,1,Basic,Europe,10.0,False
C-52906,2024-06-30,2024-07-30,203.93,4,2,Enterprise,Latin America,4.0,True
C-52907,2024-07-15,2024-10-20,84.85,3,2,Pro,Latin America,5.0,False
C-52908,2024-06-10,2024-12-28,26.63,8,1,Basic,Asia Pacific,6.0,True
C-52909,2022-07-03,2023-02-15,28.94,18,1,Basic,Latin America,8.0,False
C-52910,2024-05-03,2025-06-30,151.22,48,1,Enterprise,Asia Pacific,6.0,True
C-52911,2024-07-28,2024-08-27,33.97,1,1,Basic,Asia Pacific,6.0,True
C-52912,2023-11-13,2024-11-24,55.3,26,0,Pro,Asia Pacific,9.0,True
C-52913,2023-06-10,2024-08-16,74.59,35,0,Pro,Latin America,10.0,True
C-52914,2023-07-26,2023-12-11,23.97,10,0,Basic,Latin America,6.0,False
C-52915,2023-06-04,2023-07-04,228.57,2,2,Enterprise,North America,7.0,True
C-52916,2023-01-31,2024-08-17,61.81,48,1,Pro,Asia Pacific,7.0,False
C-52917,2024-09-22,2024-10-22,145.04,1,2,Enterprise,North America,6.0,False
C-52918,2024-09-11,2025-04-07,178.83,16,2,Enterprise,North America,9.0,False
C-52919,2023-03-15,2023-04-14,25.41,2,0,Basic,Latin America,6.0,False
C-52920,2022-09-05,2024-09-24,27.71,53,2,Basic,North America,7.0,False
C-52921,2023-02-25,2023-03-27,22.92,2,2,Basic,Asia Pacific,7.0,False
C-52922,2024-03-01,2024-05-06,163.14,5,1,Enterprise,Latin America,7.0,True
C-52923,2022-12-23,2023-07-24,100.87,16,2,Pro,Asia Pacific,8.0,True
C-52924,2023-03-02,2025-06-30,83.33,70,0,Pro,Asia Pacific,7.0,False
C-52925,2024-09-30,2025-06-30,29.41,16,2,Basic,Europe,4.0,False
C-52926,2024-08-31,2024-12-31,206.18,8,3,Enterprise,Europe,6.0,True
C-52927,2024-06-22,2025-05-25,95.25,26,1,Pro,Europe,6.0,True
C-52928,2024-08-26,2025-01-15,29.72,9,2,Basic,Latin America,6.0,True
C-52929,2023-11-29,2025-06-30,24.1,50,1,Basic,Latin America,5.0,False
C-52930,2023-06-02,2025-05-25,27.79,48,1,Basic,Latin America,7.0,True
C-52931,2024-12-23,2025-06-30,82.5,15,0,Pro,North America,6.0,False
C-52932,2022-09-12,2023-09-02,104.83,20,2,Pro,Asia Pacific,7.0,False
C-52933,2022-11-24,2023-06-17,170.59,13,1,Enterprise,Europe,7.0,False
C-52934,2023-02-04,2023-12-20,134.41,12,0,Enterprise,Asia Pacific,5.0,True
C-52935,2024-02-10,2025-06-30,18.11,51,3,Basic,North America,7.0,False
C-52936,2022-10-01,2022-10-31,19.36,1,0,Basic,Asia Pacific,,True
C-52937,2023-04-21,2024-05-23,50.92,27,0,Pro,Latin America,2.0,True
C-52938,2022-06-18,2023-08-06,32.32,34,0,Basic,North America,6.0,True
C-52939,2025-01-16,2025-06-30,81.79,33,0,Pro,Europe,9.0,False
C-52940,2024-07-16,2024-08-24,17.75,1,1,Basic,North America,9.0,False
C-52941,2024-11-28,2025-04-28,89.35,11,1,Pro,Asia Pacific,6.0,True
C-52942,2022-10-28,2024-01-12,225.14,31,2,Enterprise,Latin America,,False
C-52943,2023-12-19,2024-04-08,23.09,4,0,Basic,Latin America,9.0,False
C-52944,2023-04-06,2024-04-14,33.73,30,0,Basic,Europe,6.0,False
C-52945,2023-05-13,2023-06-12,31.0,4,3,Basic,Asia Pacific,9.0,True
C-52946,2023-03-18,2025-06-30,146.9,74,6,Enterprise,Latin America,6.0,True
C-52947,2022-07-25,2022-11-08,63.35,5,0,Pro,Asia Pacific,9.0,False
C-52948,2025-01-01,2025-04-05,85.2,7,2,Pro,Asia Pacific,9.0,False
C-52949,2024-09-05,2025-05-04,89.56,12,6,Pro,Asia Pacific,7.0,True
C-52950,2023-12-07,2025-06-30,102.15,55,2,Pro,North America,6.0,False
C-52951,2023-07-20,2025-06-30,79.2,54,2,Pro,Europe,6.0,False
C-52952,2022-12-05,2025-06-30,34.98,115,1,Basic,Asia Pacific,7.0,False
C-52953,2022-07-15,2023-09-07,21.46,33,2,Basic,Asia Pacific,7.0,False
C-52954,2022-06-22,2022-08-16,16.91,4,0,Basic,Asia Pacific,8.0,False
C-52955,2022-12-24,2023-03-28,28.47,4,3,Basic,Latin America,9.0,False
C-52956,2022-08-10,2023-03-28,80.64,14,4,Pro,Latin America,5.0,False
C-52957,2024-09-29,2024-11-18,28.29,3,0,Basic,Europe,6.0,False
C-52958,2024-09-14,2025-04-18,26.65,13,2,Basic,Europe,6.0,False
C-52959,2022-11-18,2023-12-24,94.89,25,5,Pro,North America,10.0,False
C-52960,2024-07-20,2025-04-12,28.14,19,2,Basic,Asia Pacific,8.0,True
C-52961,2022-07-31,2024-01-02,90.04,40,1,Pro,Europe,7.0,False
C-52962,2025-01-26,2025-06-30,79.77,12,0,Pro,Latin America,8.0,False
C-52963,2024-11-29,2025-01-09,81.06,4,0,Pro,Latin America,7.0,False
C-52964,2023-05-20,2023-12-25,18.51,13,0,Basic,North America,6.0,False
C-52965,2022-07-07,2023-04-29,29.55,22,4,Basic,Europe,7.0,False
C-52966,2023-08-18,2024-08-28,83.3,21,3,Pro,Europe,6.0,False
C-52967,2024-05-09,2024-08-08,91.36,6,4,Pro,North America,9.0,True
C-52968,2024-01-25,2025-06-12,25.96,31,3,Basic,Asia Pacific,7.0,False
C-52969,2024-04-06,2025-06-30,87.11,96,2,Pro,Europe,2.0,False
C-52970,2024-10-31,2025-06-30,79.54,23,1,Pro,Europe,7.0,False
C-52971,2022-07-06,2023-06-14,65.37,28,2,Pro,North America,3.0,False
C-52972,2024-11-26,2024-12-26,27.22,2,1,Basic,Europe,9.0,False
C-52973,2022-11-02,2023-01-27,30.23,9,1,Basic,North America,8.0,False
C-52974,2024-08-10,2025-06-30,29.59,38,3,Basic,Europe,9.0,False
C-52975,2024-11-02,2025-03-23,24.09,10,1,Basic,Asia Pacific,6.0,False
C-52976,2022-12-18,2023-03-05,30.14,1,4,Basic,North America,9.0,False
C-52977,2023-03-19,2025-06-30,147.49,73,2,Enterprise,Asia Pacific,6.0,False
C-52978,2024-06-29,2025-01-03,22.32,13,2,Basic,North America,8.0,False
C-52979,2022-08-23,2023-04-11,86.31,14,1,Pro,Latin America,7.0,False
C-52980,2024-06-10,2024-10-27,107.16,6,3,Pro,Latin America,9.0,False
C-52981,2023-07-23,2023-12-30,23.34,17,3,Basic,Asia Pacific,,True
C-52982,2023-08-19,2024-05-06,27.85,5,2,Basic,Europe,6.0,True
C-52983,2023-09-19,2023-11-01,31.94,4,0,Basic,Latin America,9.0,False
C-52984,2023-01-04,2025-06-30,27.21,108,0,Basic,North America,6.0,True
C-52985,2023-05-15,2023-11-02,31.11,8,1,Basic,Latin America,7.0,False
C-52986,2023-01-29,2023-07-04,174.96,12,7,Enterprise,Europe,8.0,False
C-52987,2023-09-20,2024-02-24,14.46,12,2,Basic,Asia Pacific,6.0,True
C-52988,2023-01-06,2024-08-04,76.77,34,0,Pro,North America,5.0,False
C-52989,2022-07-08,2024-02-07,63.99,29,3,Pro,Europe,6.0,False
C-52990,2024-05-09,2024-12-01,89.4,15,0,Pro,Europe,9.0,False
C-52991,2023-02-17,2024-01-03,28.54,35,1,Basic,North America,7.0,False
C-52992,2022-09-01,2023-04-15,102.04,12,2,Pro,Asia Pacific,9.0,True
C-52993,2024-06-19,2025-06-30,80.18,76,1,Pro,Asia Pacific,8.0,False
C-52994,2022-12-16,2023-01-22,32.1,2,2,Basic,Asia Pacific,8.0,False
C-52995,2023-11-04,2024-02-28,87.0,3,0,Pro,Latin America,6.0,False
C-52996,2023-05-05,2023-08-06,101.27,7,3,Pro,North America,9.0,False
C-52997,2023-10-02,2023-12-01,30.11,2,2,Basic,Latin America,7.0,True
C-52998,2022-06-19,2023-01-31,93.68,14,1,Pro,Latin America,8.0,False
C-52999,2023-06-26,2024-01-19,18.82,16,1,Basic,Asia Pacific,8.0,False
C-53000,2022-11-25,2023-02-19,57.57,8,3,Pro,North America,8.0,False
C-53001,2024-01-07,2025-06-30,234.69,69,0,Enterprise,Asia Pacific,6.0,False
C-53002,2023-12-07,2024-01-06,74.16,2,2,Pro,Europe,9.0,False
C-53003,2022-10-07,2022-11-16,107.59,2,4,Pro,Europe,6.0,False
C-53004,2023-01-06,2023-02-05,28.66,3,1,Basic,Asia Pacific,7.0,False
C-53005,2023-04-04,2024-10-10,24.97,28,0,Basic,Asia Pacific,5.0,False
C-53006,2023-07-12,2023-08-11,190.46,3,3,Enterprise,North America,7.0,False
C-53007,2022-07-08,2023-07-22,90.6,32,0,Pro,Latin America,7.0,False
C-53008,2023-04-17,2023-08-12,32.93,5,1,Basic,Europe,8.0,False
C-53009,2023-10-17,2025-06-30,119.38,54,0,Pro,North America,5.0,False
C-53010,2024-07-03,2025-06-30,102.58,49,1,Pro,North America,6.0,False
C-53011,2022-06-11,2022-08-28,88.25,8,4,Pro,Latin America,8.0,False
C-53012,2024-09-12,2024-10-12,77.64,7,2,Pro,Asia Pacific,7.0,False
C-53013,2024-11-03,2025-06-30,73.01,29,2,Pro,North America,8.0,False
C-53014,2024-08-07,2024-11-30,73.92,13,1,Pro,Asia Pacific,4.0,False
C-53015,2024-04-10,2024-08-05,33.02,7,0,Basic,Asia Pacific,6.0,False
C-53016,2024-11-11,2025-06-30,216.52,12,2,Enterprise,Asia Pacific,9.0,False
C-53017,2024-10-07,2025-06-30,27.93,31,0,Basic,Asia Pacific,7.0,False
C-53018,2024-05-29,2025-06-30,,87,2,Pro,Europe,7.0,False
C-53019,2023-03-23,2025-06-30,266.66,57,1,Enterprise,North America,7.0,False
C-53020,2023-10-24,2024-05-12,64.05,21,1,Pro,North America,6.0,False
C-53021,2024-02-14,2024-12-07,24.15,20,3,Basic,North America,7.0,False
C-53022,2023-07-21,2024-07-02,34.66,22,0,Basic,Asia Pacific,9.0,False
C-53023,2024-06-05,2024-07-05,24.7,5,3,Basic,Latin America,8.0,False
C-53024,2023-05-28,2025-06-30,70.78,54,1,Pro,Europe,4.0,False
C-53025,2023-07-04,2023-12-26,26.65,12,2,Basic,Asia Pacific,6.0,False
C-53026,2023-06-13,2023-12-20,64.21,11,0,Pro,Europe,10.0,True
C-53027,2022-08-06,2025-03-19,35.98,66,4,Basic,Europe,7.0,False
C-53028,2024-07-28,2024-09-28,25.44,7,0,Basic,Latin America,6.0,True
C-53029,2024-08-07,2025-06-30,28.73,27,0,Basic,Latin America,5.0,True
C-53030,2024-08-06,2025-06-30,27.83,31,0,Basic,Latin America,8.0,False
C-53031,2024-11-18,2025-03-12,30.61,7,1,Basic,North America,7.0,False
C-53032,2023-06-02,2025-06-30,139.68,85,0,Enterprise,Latin America,7.0,False
C-53033,2023-07-31,2025-06-22,75.16,43,2,Pro,Asia Pacific,6.0,False
C-53034,2024-11-12,2025-06-30,28.97,39,0,Basic,Europe,7.0,False
C-53035,2023-09-14,2023-11-17,29.73,10,3,Basic,Asia Pacific,6.0,True
C-53036,2025-01-18,2025-06-30,78.62,16,1,Pro,Europe,9.0,False
C-53037,2024-11-04,2025-01-11,72.74,5,2,Pro,North America,9.0,False
C-53038,2023-08-27,2024-07-08,30.1,20,2,Basic,Asia Pacific,5.0,False
C-53039,2023-03-22,2023-12-25,29.19,21,1,Basic,Latin America,7.0,False
C-53040,2023-11-05,2024-07-18,89.82,18,2,Pro,Europe,8.0,False
C-53041,2022-09-18,2023-01-17,22.16,9,2,Basic,North America,10.0,False
C-53042,2022-06-05,2023-02-28,159.85,18,0,Enterprise,North America,7.0,False
C-53043,2023-07-25,2025-03-01,19.72,41,1,Basic,North America,5.0,False
C-53044,2024-07-22,2024-10-06,69.77,3,4,Pro,Asia Pacific,8.0,False
C-53045,2022-12-27,2023-02-15,37.98,2,1,Basic,Asia Pacific,5.0,True
C-53046,2024-12-15,2025-05-23,159.11,14,2,Enterprise,Asia Pacific,5.0,True
C-53047,2023-07-29,2024-08-18,31.37,19,1,Basic,Asia Pacific,6.0,False
C-53048,2023-06-05,2024-03-07,29.18,19,2,Basic,Asia Pacific,7.0,False
C-53049,2023-11-25,2025-05-18,198.26,38,2,Enterprise,Latin America,8.0,False
C-53050,2022-11-28,2022-12-28,74.4,3,1,Pro,Europe,7.0,False
C-53051,2025-01-15,2025-03-03,179.37,1,0,Enterprise,North America,8.0,False
C-53052,2023-08-30,2024-05-30,81.59,18,2,Pro,Asia Pacific,8.0,True
C-53053,2024-07-25,2025-06-30,38.53,111,1,Basic,North America,6.0,False
C-53054,2023-10-23,2025-06-30,15.92,62,0,Basic,Latin America,10.0,False
C-53055,2023-09-19,2023-10-19,33.63,2,4,Basic,North America,10.0,False
C-53056,2023-03-02,2023-09-04,90.72,13,1,Pro,Asia Pacific,8.0,True
C-53057,2022-06-11,2022-07-19,94.7,3,2,Pro,Asia Pacific,7.0,False
C-53058,2024-07-06,2025-02-09,,12,3,Basic,Asia Pacific,8.0,True
C-53059,2024-06-02,2025-06-30,92.03,72,1,Pro,Europe,7.0,False
C-53060,2024-11-25,2025-06-30,34.42,31,0,Basic,Latin America,9.0,False
C-53061,2023-04-01,2023-12-04,24.74,21,2,Basic,North America,4.0,False
C-53062,2023-08-15,2024-04-19,134.2,21,0,Enterprise,Asia Pacific,7.0,True
C-53063,2024-04-23,2024-08-06,134.3,8,6,Enterprise,Asia Pacific,10.0,False
C-53064,2023-09-03,2023-12-22,193.24,10,2,Enterprise,Asia Pacific,6.0,True
C-53065,2024-08-06,2024-09-23,35.71,0,3,Basic,Latin America,7.0,True
C-53066,2024-02-09,2024-07-06,34.56,7,1,Basic,Latin America,7.0,False
C-53067,2023-05-21,2024-10-04,155.61,38,2,Enterprise,Europe,6.0,False
C-53068,2024-08-30,2024-10-31,61.07,5,0,Pro,North America,6.0,False
C-53069,2022-11-13,2023-10-05,33.79,21,2,Basic,Latin America,8.0,True
C-53070,2024-12-24,2025-06-30,187.34,58,0,Enterprise,Europe,7.0,True
C-53071,2023-03-05,2023-07-09,75.77,12,2,Pro,Latin America,7.0,False
C-53072,2023-03-22,2023-09-08,15.61,7,2,Basic,North America,7.0,False
C-53073,2023-06-22,2023-10-06,33.48,5,4,Basic,Asia Pacific,9.0,False
C-53074,2023-05-14,2023-08-10,22.65,3,1,Basic,Latin America,6.0,False
C-53075,2022-06-18,2023-03-18,251.92,18,1,Enterprise,Latin America,7.0,True
C-53076,2024-07-31,2025-06-30,21.16,64,4,Basic,North America,8.0,False
C-53077,2023-05-20,2023-06-19,14.27,2,1,Basic,Europe,8.0,False
C-53078,2023-06-16,2025-06-10,93.25,32,0,Pro,Europe,8.0,False
C-53079,2022-12-11,2023-08-06,26.16,17,3,Basic,Asia Pacific,8.0,False
C-53080,2024-06-18,2025-06-30,75.11,28,4,Pro,Latin America,9.0,False
C-53081,2024-10-26,2025-03-07,19.65,8,3,Basic,Asia Pacific,7.0,False
C-53082,2022-06-11,2024-01-08,266.14,41,2,Enterprise,Asia Pacific,7.0,False
C-53083,2024-07-10,2025-01-30,101.52,15,4,Pro,Asia Pacific,6.0,True
C-53084,2022-12-07,2024-05-02,271.58,28,3,Enterprise,North America,7.0,True
C-53085,2024-10-21,2025-06-03,27.55,13,0,Basic,North America,6.0,False
C-53086,2023-08-24,2025-06-30,26.6,55,1,Basic,Latin America,10.0,False
C-53087,2023-03-16,2023-04-15,89.03,2,0,Pro,Latin America,8.0,False
C-53088,2023-12-20,2025-06-30,34.93,91,2,Basic,Asia Pacific,8.0,True
C-53089,2024-04-17,2025-04-08,37.51,30,2,Basic,Europe,6.0,False
C-53090,2022-11-02,2023-12-17,203.47,33,0,Enterprise,Asia Pacific,6.0,False
C-53091,2024-05-14,2024-11-24,91.28,11,3,Pro,Latin America,7.0,False
C-53092,2023-11-29,2024-08-30,36.6,17,1,Basic,Europe,9.0,False
C-53093,2024-11-24,2025-06-30,27.01,104,2,Basic,Latin America,7.0,True
C-53094,2023-02-20,2025-06-30,170.48,134,0,Enterprise,Europe,7.0,False
C-53095,2023-08-14,2025-03-04,83.43,45,1,Pro,Europe,7.0,True
C-53096,2023-01-21,2023-03-02,22.14,2,2,Basic,North America,6.0,False
C-53097,2023-03-17,2023-04-16,155.72,3,0,Enterprise,North America,8.0,False
C-53098,2024-06-04,2024-10-20,214.39,10,0,Enterprise,Europe,7.0,False
C-53099,2023-05-24,2023-10-04,36.51,5,2,Basic,Europe,8.0,False
C-53100,2023-09-06,2025-06-30,71.07,56,2,Pro,Asia Pacific,7.0,False
C-53101,2023-01-31,2023-07-05,44.8,12,1,Basic,North America,8.0,True
C-53102,2023-05-21,2025-04-30,30.55,51,1,Basic,North America,9.0,False
C-53103,2023-05-27,2023-07-27,217.13,2,3,Enterprise,Europe,3.0,True
C-53104,2023-01-16,2023-03-26,238.68,1,1,Enterprise,North America,8.0,True
C-53105,2023-12-30,2024-04-01,185.14,11,2,Enterprise,Latin America,8.0,True
C-53106,2022-10-23,2023-09-04,66.93,19,3,Pro,North America,7.0,False
C-53107,2024-08-07,2024-12-23,175.04,4,2,Enterprise,Asia Pacific,5.0,False
C-53108,2024-12-13,2025-06-30,52.86,12,1,Pro,Asia Pacific,10.0,False
C-53109,2023-11-02,2023-12-02,131.06,1,0,Enterprise,Asia Pacific,6.0,False
C-53110,2024-12-22,2025-06-30,91.21,22,1,Pro,Latin America,7.0,False
C-53111,2023-02-17,2023-03-19,90.24,2,1,Pro,North America,7.0,True
C-53112,2025-01-16,2025-06-30,18.21,160,1,Basic,North America,8.0,True
C-53113,2024-01-05,2025-05-09,235.42,32,1,Enterprise,North America,7.0,True
C-53114,2023-03-30,2024-05-30,70.51,24,0,Pro,Europe,9.0,False
C-53115,2024-07-03,2024-08-24,247.43,4,0,Enterprise,Latin America,4.0,False
C-53116,2025-01-06,2025-02-05,81.56,2,1,Pro,North America,6.0,False
C-53117,2024-07-18,2024-11-17,24.29,11,2,Basic,Latin America,7.0,True
C-53118,2024-07-02,2025-01-18,217.86,16,2,Enterprise,North America,9.0,True
C-53119,2024-04-08,2025-02-06,23.74,23,1,Basic,Asia Pacific,8.0,False
C-53120,2023-04-01,2023-12-21,56.25,17,1,Pro,Europe,4.0,False
C-53121,2023-12-30,2024-02-28,132.11,6,3,Enterprise,North America,8.0,True
C-53122,2024-08-25,2025-06-30,26.88,58,0,Basic,North America,10.0,True
C-53123,2023-07-19,2023-10-23,67.02,8,0,Pro,North America,7.0,False
C-53124,2023-07-23,2023-11-11,31.44,10,1,Basic,Asia Pacific,9.0,False
C-53125,2024-01-24,2024-08-27,48.55,20,4,Pro,North America,7.0,False
C-53126,2023-07-28,2023-09-17,62.62,4,1,Pro,Asia Pacific,7.0,False
C-53127,2022-12-20,2023-08-18,84.75,15,1,Pro,Asia Pacific,5.0,False
C-53128,2023-02-06,2023-07-10,22.3,10,0,Basic,Asia Pacific,9.0,False
C-53129,2023-09-18,2025-05-10,26.07,48,2,Basic,Europe,6.0,True
C-53130,2022-07-08,2025-01-06,35.58,53,1,Basic,Latin America,5.0,False
C-53131,2024-12-15,2025-05-09,28.08,12,0,Basic,Latin America,9.0,True
C-53132,2024-04-11,2025-06-30,96.9,34,3,Pro,Latin America,6.0,False
C-53133,2022-09-25,2022-10-25,52.2,2,4,Pro,Europe,8.0,True
C-53134,2023-10-18,2023-11-17,82.19,1,2,Pro,North America,7.0,False
C-53135,2023-10-10,2024-11-24,30.26,19,3,Basic,North America,10.0,True
C-53136,2024-06-13,2024-07-18,31.41,4,0,Basic,Europe,5.0,False
C-53137,2023-07-21,2023-08-21,270.62,3,5,Enterprise,Asia Pacific,,True
C-53138,2024-06-10,2025-06-30,222.69,33,1,Enterprise,Europe,5.0,False
C-53139,2023-08-15,2025-01-03,33.89,30,2,Basic,Latin America,7.0,True
C-53140,2022-08-03,2024-11-05,25.14,54,1,Basic,Europe,6.0,False
C-53141,2023-04-02,2024-07-12,23.05,31,0,Basic,Asia Pacific,8.0,False
C-53142,2024-08-22,2025-06-30,23.3,51,0,Basic,Latin America,8.0,False
C-53143,2023-09-19,2024-02-08,76.6,13,2,Pro,Latin America,7.0,False
C-53144,2022-06-01,2022-07-01,32.56,3,0,Basic,Europe,9.0,False
C-53145,2024-06-18,2024-11-28,51.79,8,4,Pro,North America,9.0,False
C-53146,2022-09-06,2023-08-10,18.23,33,1,Basic,Latin America,7.0,False
C-53147,2022-06-28,2024-11-28,79.0,69,2,Pro,Latin America,8.0,False
C-53148,2023-09-06,2024-08-09,33.22,31,2,Basic,Europe,7.0,False
C-53149,2024-06-10,2024-12-11,26.75,11,1,Basic,Europe,6.0,False
C-53150,2022-10-09,2023-02-22,158.81,12,0,Enterprise,Latin America,7.0,False
C-53151,2024-11-17,2024-12-26,31.23,1,1,Basic,Europe,6.0,False
C-53152,2024-12-22,2025-06-30,33.88,11,4,Basic,Europe,6.0,True
C-53153,2024-11-13,2025-02-06,31.36,7,3,Basic,Asia Pacific,8.0,False
C-53154,2022-10-26,2022-11-25,99.53,1,3,Pro,Europe,9.0,False
C-53155,2024-10-28,2025-06-30,30.91,18,2,Basic,Europe,7.0,False
C-53156,2023-04-08,2023-07-26,32.86,5,3,Basic,Europe,5.0,True
C-53157,2025-01-14,2025-06-30,30.96,16,2,Basic,Europe,8.0,False
C-53158,2024-01-18,2024-04-13,83.81,7,1,Pro,Asia Pacific,8.0,False
C-53159,2024-03-24,2025-06-30,106.84,35,3,Pro,Latin America,8.0,False
C-53160,2023-02-02,2024-07-16,19.23,29,6,Basic,Europe,5.0,False
C-53161,2024-12-08,2025-06-27,72.93,15,0,Pro,North America,5.0,False
C-53162,2023-11-09,2024-04-17,31.45,6,1,Basic,Latin America,6.0,False
C-53163,2023-11-03,2024-04-07,87.81,18,0,Pro,Europe,9.0,False
C-53164,2023-05-13,2024-02-03,83.76,18,2,Pro,Latin America,6.0,False
C-53165,2023-02-22,2023-10-29,34.39,11,2,Basic,Asia Pacific,5.0,False
C-53166,2024-09-23,2025-05-05,96.66,13,0,Pro,North America,7.0,False
C-53167,2024-01-11,2024-04-25,61.77,8,0,Pro,North America,7.0,False
C-53168,2024-02-19,2024-05-01,72.71,4,1,Pro,Europe,7.0,False
C-53169,2024-08-15,2025-06-30,26.34,67,3,Basic,North America,7.0,True
C-53170,2023-08-09,2025-06-30,29.07,83,0,Basic,Europe,,False
C-53171,2023-07-26,2023-10-14,210.84,5,0,Enterprise,Europe,8.0,False
C-53172,2024-06-13,2025-06-30,19.15,41,1,Basic,Europe,8.0,False
C-53173,2024-09-28,2025-05-29,26.97,16,3,Basic,Asia Pacific,8.0,False
C-53174,2025-01-18,2025-06-30,76.25,7,1,Pro,North America,9.0,False
C-53175,2023-09-15,2024-04-18,28.19,21,0,Basic,North America,4.0,True
C-53176,2024-01-02,2024-09-02,212.89,18,0,Enterprise,Asia Pacific,6.0,False
C-53177,2024-09-21,2025-06-30,149.43,23,1,Enterprise,North America,6.0,False
C-53178,2024-11-16,2025-01-25,30.2,4,0,Basic,Asia Pacific,7.0,False
C-53179,2023-01-27,2023-02-26,109.6,2,1,Pro,North America,7.0,False
C-53180,2023-02-27,2023-06-13,28.77,6,1,Basic,Asia Pacific,9.0,False
C-53181,2023-04-26,2024-09-08,25.48,27,1,Basic,Asia Pacific,7.0,False
C-53182,2024-10-12,2024-11-11,34.32,1,2,Basic,Latin America,8.0,False
C-53183,2024-01-21,2025-06-30,193.14,49,1,Enterprise,Europe,5.0,False
C-53184,2023-01-05,2024-04-17,158.51,31,2,Enterprise,Latin America,7.0,False
C-53185,2024-11-19,2024-12-19,39.32,1,0,Basic,Latin America,8.0,False
C-53186,2024-12-12,2025-06-30,217.27,16,4,Enterprise,North America,9.0,False
C-53187,2024-09-21,2025-06-30,69.58,38,0,Pro,Europe,6.0,True
C-53188,2022-06-11,2022-09-12,29.01,10,2,Basic,Asia Pacific,8.0,False
C-53189,2023-12-09,2024-03-01,29.89,4,1,Basic,North America,8.0,False
C-53190,2024-11-01,2025-05-23,67.15,21,2,Pro,North America,7.0,False
C-53191,2024-05-19,2025-06-30,152.85,55,4,Enterprise,Asia Pacific,6.0,True
C-53192,2022-11-06,2023-07-15,21.09,18,0,Basic,Asia Pacific,6.0,False
C-53193,2024-03-26,2024-10-07,97.72,12,3,Pro,Latin America,6.0,False
C-53194,2024-03-19,2024-08-17,97.33,9,2,Pro,Europe,9.0,False
C-53195,2024-06-09,2025-06-30,226.62,27,0,Enterprise,Asia Pacific,8.0,False
C-53196,2023-11-29,2024-01-03,66.85,1,1,Pro,Asia Pacific,7.0,False
C-53197,2023-03-28,2024-04-20,31.63,31,1,Basic,Asia Pacific,7.0,False
C-53198,2023-04-13,2023-06-28,19.26,4,1,Basic,Asia Pacific,6.0,True
C-53199,2024-10-27,2025-03-09,72.3,4,3,Pro,Latin America,10.0,False
C-53200,2023-08-28,2023-12-07,26.69,6,2,Basic,Europe,5.0,True
C-53201,2023-02-22,2023-09-16,189.81,13,0,Enterprise,Asia Pacific,6.0,False
C-53202,2024-09-10,2025-06-30,34.45,80,1,Basic,Latin America,5.0,True
C-53203,2024-01-04,2025-06-30,76.3,82,2,Pro,Latin America,5.0,False
C-53204,2024-05-01,2024-10-01,67.77,9,3,Pro,Asia Pacific,7.0,False
C-53205,2022-12-10,2024-07-21,79.22,32,1,Pro,Asia Pacific,4.0,True
C-53206,2023-12-17,2025-06-30,29.72,44,3,Basic,Asia Pacific,4.0,True
C-53207,2023-03-04,2023-06-21,90.05,5,2,Pro,Latin America,6.0,False
C-53208,2023-01-03,2023-06-22,212.78,8,3,Enterprise,Europe,5.0,True
C-53209,2023-12-12,2025-02-28,29.41,33,1,Pro,Europe,8.0,False
C-53210,2024-11-01,2024-12-07,29.73,3,1,Basic,Asia Pacific,7.0,True
C-53211,2024-06-22,2025-06-30,78.15,32,3,Pro,Latin America,6.0,False
C-53212,2023-11-21,2025-01-19,29.53,22,0,Basic,Latin America,9.0,False
C-53213,2022-07-21,2025-06-30,24.87,99,3,Basic,North America,7.0,False
C-53214,2024-07-15,2025-04-09,67.2,17,3,Pro,Europe,8.0,True
C-53215,2023-12-10,2024-08-11,29.12,15,3,Basic,Europe,6.0,False
C-53216,2023-03-15,2023-10-01,31.19,8,0,Basic,Asia Pacific,6.0,False
C-53217,2022-07-17,2022-09-02,204.28,7,1,Enterprise,North America,8.0,False
C-53218,2023-02-18,2023-07-24,24.82,6,0,Basic,North America,5.0,False
C-53219,2024-01-28,2025-01-30,195.56,27,3,Enterprise,North America,6.0,False
C-53220,2022-12-07,2023-09-08,62.02,9,1,Pro,North America,6.0,False
C-53221,2024-08-18,2024-12-04,31.08,11,1,Basic,Asia Pacific,9.0,True
C-53222,2024-08-09,2024-12-07,31.76,9,4,Basic,Europe,5.0,False
C-53223,2023-01-02,2023-02-06,24.15,1,0,Basic,Europe,8.0,True
C-53224,2024-04-06,2025-06-30,35.01,78,1,Basic,North America,8.0,True
C-53225,2023-09-02,2023-12-07,104.0,8,1,Pro,Latin America,8.0,False
C-53226,2022-12-12,2023-04-05,55.7,11,0,Pro,North America,6.0,False
C-53227,2022-07-04,2023-07-27,65.68,36,1,Pro,Latin America,8.0,False
C-53228,2024-11-16,2025-06-30,,28,2,Enterprise,Europe,7.0,False
C-53229,2023-08-13,2024-12-21,29.61,24,3,Basic,Europe,8.0,False
C-53230,2022-08-15,2022-11-05,47.32,10,1,Pro,North America,8.0,False
C-53231,2022-09-19,2022-10-19,66.09,2,2,Pro,North America,8.0,False
C-53232,2022-07-10,2022-09-27,93.47,7,2,Pro,North America,5.0,False
C-53233,2024-10-25,2025-02-27,75.11,5,1,Pro,Asia Pacific,8.0,False
C-53234,2023-04-29,2024-03-29,101.33,22,1,Pro,Latin America,5.0,False
C-53235,2023-02-06,2023-03-08,69.56,2,2,Pro,Latin America,6.0,False
C-53236,2023-05-31,2023-09-21,197.74,3,2,Enterprise,Europe,5.0,False
C-53237,2022-08-13,2025-06-30,246.05,73,2,Enterprise,Latin America,8.0,True
C-53238,2024-07-22,2024-08-21,56.82,1,2,Pro,Latin America,6.0,False
C-53239,2022-08-11,2022-12-23,157.97,5,1,Enterprise,North America,9.0,False
C-53240,2024-05-29,2025-02-11,19.66,20,0,Basic,Europe,7.0,True
C-53241,2024-01-15,2024-06-22,36.39,7,3,Basic,Latin America,5.0,False
C-53242,2024-02-28,2025-03-28,54.8,25,0,Pro,Latin America,6.0,False
C-53243,2022-10-10,2023-11-17,30.08,33,2,Basic,Asia Pacific,9.0,False
C-53244,2023-03-06,2025-04-11,86.88,58,1,Pro,Latin America,9.0,False
C-53245,2024-08-21,2025-06-30,287.93,92,2,Enterprise,Latin America,7.0,True
C-53246,2023-03-29,2023-11-12,67.65,20,0,Pro,North America,7.0,False
C-53247,2023-01-07,2023-04-10,69.07,7,1,Pro,North America,8.0,False
C-53248,2022-11-21,2023-06-18,24.07,12,0,Basic,North America,10.0,False
C-53249,2024-11-08,2025-06-30,61.33,24,3,Pro,Europe,6.0,False
C-53250,2024-04-25,2025-03-17,28.55,24,0,Basic,Europe,8.0,False
C-53251,2022-11-11,2024-07-08,26.69,40,2,Basic,North America,9.0,True
C-53252,2022-10-13,2023-01-15,93.65,7,1,Pro,Europe,9.0,False
C-53253,2024-05-14,2024-09-09,205.5,7,1,Enterprise,Latin America,6.0,False
C-53254,2022-12-10,2023-03-06,195.89,3,1,Enterprise,Asia Pacific,10.0,False
C-53255,2025-01-28,2025-03-22,24.13,5,2,Basic,Asia Pacific,,False
C-53256,2023-07-09,2023-10-14,91.61,4,2,Pro,Latin America,8.0,False
C-53257,2024-09-27,2025-03-08,70.47,8,0,Pro,North America,5.0,False
C-53258,2022-12-15,2023-08-29,34.32,15,0,Basic,Asia Pacific,6.0,True
C-53259,2022-10-29,2024-07-06,25.22,39,0,Basic,Latin America,8.0,False
C-53260,2023-07-17,2024-10-25,252.48,26,0,Enterprise,North America,9.0,False
C-53261,2024-03-16,2025-05-06,16.89,30,1,Basic,Latin America,8.0,False
C-53262,2024-12-03,2025-06-30,68.73,36,0,Pro,Asia Pacific,8.0,False
C-53263,2024-09-27,2024-10-27,172.78,1,0,Enterprise,North America,8.0,False
C-53264,2024-06-26,2024-08-20,33.63,3,0,Basic,North America,7.0,False
C-53265,2024-10-24,2025-06-30,97.39,34,2,Pro,Asia Pacific,9.0,False
C-53266,2022-11-11,2023-05-08,87.23,11,2,Pro,Europe,6.0,False
C-53267,2024-12-09,2025-04-12,35.03,5,0,Basic,Asia Pacific,7.0,False
C-53268,2024-12-09,2025-03-03,70.66,4,1,Pro,Asia Pacific,8.0,False
C-53269,2023-12-25,2024-07-17,153.96,9,2,Enterprise,North America,7.0,False
C-53270,2023-06-05,2023-11-15,67.64,6,2,Pro,Europe,7.0,False
C-53271,2023-11-13,2024-01-02,70.09,3,1,Pro,North America,6.0,True
C-53272,2023-02-06,2023-08-21,174.2,20,2,Enterprise,North America,6.0,False
C-53273,2023-04-08,2024-01-10,222.35,10,1,Enterprise,Latin America,7.0,False
C-53274,2024-09-20,2025-06-30,259.69,37,1,Enterprise,Latin America,4.0,True
C-53275,2022-07-11,2022-08-10,96.49,2,4,Pro,Latin America,7.0,False
C-53276,2024-07-07,2025-02-07,92.72,14,0,Pro,Europe,7.0,False
C-53277,2022-10-05,2023-01-03,28.7,4,1,Basic,Europe,6.0,False
C-53278,2025-01-25,2025-02-24,73.06,3,0,Pro,Asia Pacific,9.0,True
C-53279,2022-12-27,2023-09-13,27.82,22,1,Basic,Latin America,5.0,False
C-53280,2024-07-28,2025-06-26,160.53,13,1,Enterprise,North America,5.0,False
C-53281,2022-12-16,2023-02-06,27.02,5,1,Basic,Asia Pacific,6.0,True
C-53282,2024-05-09,2024-11-18,190.97,15,4,Enterprise,Europe,8.0,True
C-53283,2024-10-11,2025-02-27,29.19,6,3,Basic,Europe,9.0,False
C-53284,2024-11-27,2025-06-30,84.81,39,1,Pro,Latin America,8.0,False
C-53285,2024-11-02,2025-05-17,103.15,16,0,Pro,Latin America,6.0,False
C-53286,2023-07-26,2023-09-27,209.82,7,5,Enterprise,Asia Pacific,5.0,False
C-53287,2024-06-01,2024-09-27,31.51,10,1,Basic,Latin America,7.0,False
C-53288,2022-12-06,2025-06-30,67.55,89,2,Pro,Europe,9.0,True
C-53289,2024-07-26,2025-05-11,39.57,24,5,Basic,Latin America,6.0,False
C-53290,2023-06-03,2023-08-24,64.37,8,1,Pro,North America,6.0,False
C-53291,2024-05-31,2024-10-27,35.87,12,1,Basic,Europe,6.0,False
C-53292,2024-01-20,2024-04-20,36.67,7,0,Basic,Europe,7.0,False
C-53293,2022-09-27,2024-08-01,68.18,53,0,Pro,Latin America,7.0,False
C-53294,2025-01-27,2025-06-30,32.58,30,1,Basic,North America,6.0,False
C-53295,2024-10-01,2025-06-30,85.19,57,3,Pro,Europe,5.0,False
C-53296,2023-04-05,2023-11-14,29.26,14,1,Basic,Latin America,7.0,False
C-53297,2023-10-21,2024-07-13,18.84,12,0,Basic,North America,4.0,False
C-53298,2023-04-13,2023-10-05,99.35,9,3,Pro,Asia Pacific,6.0,False
C-53299,2023-01-23,2024-05-03,150.77,21,1,Enterprise,Asia Pacific,5.0,False
C-53300,2022-10-24,2023-09-30,93.84,18,3,Pro,Latin America,8.0,False
C-53301,2024-07-02,2025-06-30,28.44,68,2,Basic,Asia Pacific,6.0,False
C-53302,2022-11-11,2024-03-18,75.95,21,2,Pro,Europe,6.0,False
C-53303,2023-09-23,2024-04-24,24.15,16,3,Basic,North America,10.0,False
C-53304,2023-10-11,2024-08-20,34.72,17,1,Basic,Latin America,8.0,False
C-53305,2024-04-24,2025-06-30,107.11,41,2,Pro,Europe,6.0,False
C-53306,2023-10-20,2025-06-30,36.92,36,1,Basic,Europe,8.0,True
C-53307,2022-09-03,2023-03-26,47.38,14,1,Pro,Asia Pacific,8.0,False
C-53308,2024-02-29,2025-02-07,90.59,23,1,Pro,Latin America,5.0,True
C-53309,2024-02-16,2024-05-19,57.37,11,2,Pro,North America,7.0,False
C-53310,2023-12-24,2025-06-30,31.37,48,2,Basic,Latin America,10.0,False
C-53311,2024-05-25,2025-06-21,71.87,18,2,Pro,North America,7.0,False
C-53312,2022-07-19,2023-06-09,98.67,24,2,Pro,Latin America,6.0,False
C-53313,2022-07-16,2022-12-11,71.21,10,0,Pro,Asia Pacific,4.0,True
C-53314,2023-10-06,2024-09-13,19.57,18,5,Basic,North America,6.0,True
C-53315,2023-01-28,2025-05-18,31.77,55,2,Basic,Latin America,9.0,False
C-53316,2024-06-08,2024-11-27,225.5,11,2,Enterprise,Asia Pacific,6.0,True
C-53317,2024-01-24,2024-08-01,35.19,15,0,Basic,Asia Pacific,7.0,False
C-53318,2024-12-14,2025-06-30,22.61,100,2,Basic,North America,9.0,True
C-53319,2022-12-14,2023-04-26,33.68,4,0,Basic,Latin America,7.0,False
C-53320,2024-12-08,2025-06-30,83.24,75,4,Pro,Europe,10.0,False
C-53321,2024-01-29,2025-06-08,29.17,26,1,Basic,Latin America,8.0,False
C-53322,2022-08-01,2023-09-05,85.08,22,2,Pro,Latin America,7.0,False
C-53323,2024-09-01,2025-06-30,22.45,21,1,Basic,Latin America,9.0,False
C-53324,2024-02-23,2025-03-22,23.55,24,2,Basic,Europe,9.0,True
C-53325,2022-10-25,2022-12-02,27.99,3,0,Basic,Asia Pacific,6.0,False
C-53326,2023-06-16,2024-11-30,153.0,25,3,Enterprise,North America,8.0,False
C-53327,2023-08-30,2023-09-29,15.55,5,1,Basic,Asia Pacific,6.0,False
C-53328,2022-06-02,2022-11-14,30.91,17,1,Basic,Asia Pacific,8.0,True
C-53329,2024-02-15,2024-04-14,66.03,2,0,Pro,Asia Pacific,9.0,False
C-53330,2022-08-15,2022-12-19,60.4,8,4,Pro,Asia Pacific,7.0,False
C-53331,2023-12-19,2024-02-23,68.13,4,1,Pro,Asia Pacific,6.0,False
C-53332,2022-06-10,2022-07-23,169.61,4,0,Enterprise,Latin America,5.0,False
C-53333,2022-10-18,2024-04-03,175.51,29,1,Enterprise,Latin America,8.0,False
C-53334,2024-03-02,2025-06-27,24.06,28,2,Basic,Europe,6.0,True
C-53335,2023-06-04,2023-11-17,72.48,11,0,Pro,Europe,6.0,False
C-53336,2024-02-12,2025-06-30,33.23,37,1,Basic,Europe,7.0,False
C-53337,2024-09-29,2025-06-30,71.86,49,0,Pro,Latin America,8.0,True
C-53338,2024-07-30,2025-06-30,27.95,19,2,Basic,Asia Pacific,8.0,False
C-53339,2022-12-10,2023-09-03,126.24,24,1,Enterprise,North America,4.0,True
C-53340,2022-08-31,2025-01-24,28.24,53,0,Basic,Europe,7.0,False
C-53341,2023-06-18,2024-05-01,26.81,31,4,Basic,North America,8.0,True
C-53342,2024-08-06,2024-11-10,24.45,8,0,Basic,Latin America,6.0,False
C-53343,2023-06-09,2025-01-13,211.04,33,1,Enterprise,Latin America,4.0,True
C-53344,2022-09-12,2023-06-25,40.54,18,1,Basic,Latin America,,False
C-53345,2023-11-03,2025-04-30,21.94,37,1,Basic,Asia Pacific,7.0,False
C-53346,2022-06-04,2023-04-26,24.72,18,1,Basic,Latin America,9.0,True
C-53347,2024-10-04,2025-06-29,30.71,16,1,Basic,North America,7.0,False
C-53348,2023-10-15,2024-05-14,89.83,12,0,Pro,Asia Pacific,8.0,False
C-53349,2022-10-14,2023-02-10,27.75,11,4,Basic,Latin America,7.0,True
C-53350,2022-08-24,2023-11-03,25.67,33,0,Basic,Latin America,8.0,False
C-53351,2024-03-28,2025-06-30,72.04,30,2,Pro,Latin America,5.0,False
C-53352,2022-06-04,2023-08-19,26.89,27,1,Basic,North America,8.0,False
C-53353,2023-11-25,2025-05-14,32.26,31,0,Basic,North America,10.0,False
C-53354,2022-08-02,2023-02-23,28.23,10,2,Basic,Latin America,7.0,False
C-53355,2023-06-24,2023-07-24,29.99,3,0,Basic,Europe,8.0,False
C-53356,2024-01-28,2024-09-30,24.96,11,3,Basic,Europe,6.0,False
C-53357,2022-07-15,2023-09-04,87.37,29,2,Pro,Latin America,9.0,False
C-53358,2022-09-29,2023-08-10,19.03,21,0,Basic,North America,4.0,True
C-53359,2023-01-15,2023-10-05,63.34,22,5,Pro,Latin America,8.0,False
C-53360,2023-05-19,2023-06-20,26.18,3,1,Basic,Europe,10.0,True
C-53361,2023-09-25,2024-06-15,18.92,13,2,Basic,Europe,9.0,False
C-53362,2024-06-03,2024-09-29,28.5,5,1,Basic,Europe,7.0,False
C-53363,2023-02-14,2024-03-23,224.93,29,2,Enterprise,Asia Pacific,7.0,True
C-53364,2023-06-04,2023-09-07,38.14,4,2,Basic,Asia Pacific,8.0,True
C-53365,2023-10-25,2025-06-30,182.56,58,2,Enterprise,Latin America,7.0,False
C-53366,2024-09-14,2025-01-17,31.61,7,1,Basic,North America,4.0,False
C-53367,2022-09-30,2022-12-22,111.51,3,4,Pro,Europe,7.0,True
C-53368,2024-08-18,2025-06-30,56.37,46,2,Pro,North America,6.0,False
C-53369,2023-12-14,2024-05-11,272.14,16,1,Enterprise,Latin America,7.0,False
C-53370,2022-06-04,2022-09-03,214.74,8,1,Enterprise,North America,7.0,False
C-53371,2024-06-02,2024-07-14,28.8,5,0,Basic,Asia Pacific,8.0,False
C-53372,2024-04-03,2025-06-30,25.32,31,2,Basic,Latin America,7.0,True
C-53373,2022-06-14,2022-10-04,89.76,8,0,Pro,North America,6.0,False
C-53374,2023-10-21,2024-01-18,79.88,7,2,Pro,Asia Pacific,8.0,True
C-53375,2022-09-24,2022-12-17,77.07,7,1,Pro,Europe,4.0,False
C-53376,2023-12-08,2025-06-30,76.72,31,1,Pro,Asia Pacific,6.0,False
C-53377,2024-07-14,2025-03-13,28.72,12,2,Basic,Latin America,7.0,False
C-53378,2024-01-03,2024-02-19,68.94,4,2,Pro,North America,7.0,False
C-53379,2023-11-30,2024-02-13,27.2,3,0,Basic,North America,6.0,False
C-53380,2024-08-15,2025-06-30,76.33,64,2,Pro,Latin America,8.0,False
C-53381,2023-03-12,2025-01-14,26.72,46,3,Basic,North America,8.0,True
C-53382,2024-11-08,2025-06-30,51.72,41,1,Pro,Asia Pacific,8.0,False
C-53383,2023-06-11,2024-07-10,32.2,24,0,Basic,Asia Pacific,8.0,False
C-53384,2023-06-03,2024-07-09,92.85,24,1,Pro,Europe,5.0,False
C-53385,2024-01-28,2024-02-27,62.47,1,1,Pro,Latin America,8.0,True
C-53386,2023-03-14,2023-07-07,25.07,8,1,Basic,Latin America,5.0,True
C-53387,2024-11-06,2025-06-30,78.49,14,2,Pro,Europe,7.0,True
C-53388,2024-03-15,2024-10-19,35.13,18,1,Basic,Asia Pacific,5.0,False
C-53389,2022-06-15,2025-06-30,68.08,92,3,Pro,Europe,7.0,True
C-53390,2022-11-07,2022-12-07,240.53,2,0,Enterprise,Latin America,5.0,False
C-53391,2023-10-19,2025-01-10,58.34,36,1,Pro,Asia Pacific,9.0,False
C-53392,2024-12-02,2025-06-30,26.27,26,1,Basic,North America,8.0,True
C-53393,2024-08-30,2024-09-29,27.54,3,0,Basic,North America,6.0,False
C-53394,2024-10-09,2025-06-30,41.29,58,2,Pro,Asia Pacific,8.0,False
C-53395,2024-01-18,2024-08-12,67.56,16,2,Pro,Asia Pacific,6.0,False
C-53396,2024-06-30,2025-03-08,70.67,14,3,Pro,Asia Pacific,7.0,False
C-53397,2024-03-26,2024-08-12,31.37,11,4,Basic,Asia Pacific,10.0,False
C-53398,2023-05-12,2024-08-03,189.43,26,2,Enterprise,Latin America,4.0,False
C-53399,2024-04-02,2024-05-02,68.15,2,2,Pro,Asia Pacific,4.0,False
C-53400,2023-07-29,2023-09-28,26.69,1,4,Basic,Asia Pacific,6.0,False
C-53401,2023-06-23,2023-08-18,106.29,2,0,Pro,Asia Pacific,7.0,True
C-53402,2025-01-25,2025-05-04,33.87,6,1,Basic,Asia Pacific,9.0,True
C-53403,2024-06-08,2024-12-12,80.44,11,3,Pro,North America,9.0,False
C-53404,2024-06-28,2025-01-01,19.3,17,2,Basic,North America,9.0,False
C-53405,2023-10-16,2023-11-15,30.78,0,3,Basic,Europe,7.0,False
C-53406,2024-07-22,2024-12-28,21.25,6,2,Basic,Asia Pacific,9.0,False
C-53407,2022-10-19,2025-06-30,27.57,90,0,Basic,Asia Pacific,8.0,True
C-53408,2023-03-12,2023-04-12,83.35,1,0,Pro,Latin America,4.0,False
C-53409,2023-03-30,2025-01-06,17.58,45,2,Basic,Europe,6.0,False
C-53410,2025-01-16,2025-06-30,50.16,16,0,Pro,Latin America,9.0,False
C-53411,2024-12-12,2025-06-30,27.48,19,2,Basic,Europe,5.0,False
C-53412,2024-10-14,2024-11-13,164.64,0,0,Enterprise,Europe,6.0,False
C-53413,2024-10-17,2025-05-17,93.09,8,2,Pro,Latin America,5.0,False
C-53414,2022-11-09,2022-12-09,26.69,2,0,Basic,Asia Pacific,10.0,False
C-53415,2022-09-10,2022-10-14,,4,2,Pro,Europe,7.0,False
C-53416,2022-06-23,2024-10-17,100.07,61,1,Pro,Asia Pacific,7.0,True
C-53417,2023-12-04,2024-02-20,94.76,1,2,Pro,Europe,7.0,False
C-53418,2025-01-25,2025-04-02,85.58,8,0,Pro,Asia Pacific,7.0,True
C-53419,2022-10-24,2023-12-18,187.4,18,2,Enterprise,Latin America,9.0,False
C-53420,2024-03-10,2025-06-30,23.86,81,1,Basic,North America,6.0,True
C-53421,2022-06-28,2023-12-18,26.37,30,1,Basic,North America,5.0,True
C-53422,2023-12-30,2025-06-30,31.07,53,2,Basic,Latin America,6.0,False
C-53423,2024-04-14,2024-07-24,26.61,8,2,Basic,Asia Pacific,7.0,False
C-53424,2024-08-06,2024-09-05,62.61,2,4,Pro,Latin America,8.0,False
C-53425,2024-09-04,2025-06-30,28.66,45,2,Basic,Latin America,8.0,False
C-53426,2022-09-23,2022-11-02,25.96,1,1,Basic,North America,7.0,False
C-53427,2024-02-09,2025-04-08,21.3,32,2,Basic,North America,8.0,True
C-53428,2023-12-22,2025-01-29,227.44,28,2,Enterprise,North America,8.0,False
C-53429,2023-12-22,2024-09-29,68.89,20,1,Pro,Europe,6.0,False
C-53430,2024-01-19,2024-02-22,89.44,0,3,Pro,Latin America,10.0,True
C-53431,2023-05-14,2025-02-21,98.5,26,4,Pro,Europe,7.0,False
C-53432,2025-01-14,2025-06-30,25.5,79,3,Basic,Europe,6.0,True
C-53433,2022-06-25,2023-11-18,22.99,39,3,Basic,Asia Pacific,6.0,False
C-53434,2024-10-02,2025-06-30,33.51,12,1,Basic,Europe,6.0,True
C-53435,2024-09-24,2025-04-08,,13,0,Pro,Europe,8.0,False
C-53436,2024-04-30,2024-09-23,25.08,10,2,Basic,Europe,8.0,False
C-53437,2024-03-12,2024-08-16,30.14,7,2,Basic,Latin America,7.0,False
C-53438,2024-12-07,2025-01-07,,3,3,Enterprise,Latin America,10.0,False
C-53439,2022-09-24,2023-05-04,27.57,14,4,Basic,Latin America,7.0,False
C-53440,2022-11-07,2024-01-21,88.78,22,1,Pro,Europe,5.0,False
C-53441,2022-10-30,2024-08-09,278.39,33,0,Enterprise,Latin America,6.0,False
C-53442,2024-02-01,2024-08-15,83.95,9,1,Pro,Europe,10.0,False
C-53443,2023-12-25,2025-01-28,77.44,32,1,Pro,Europe,9.0,False
C-53444,2024-08-23,2025-06-30,25.87,86,0,Basic,Asia Pacific,8.0,True
C-53445,2022-07-22,2023-01-13,58.1,15,1,Pro,Latin America,6.0,False
C-53446,2022-12-31,2023-06-11,152.06,11,1,Enterprise,Latin America,7.0,False
C-53447,2023-04-27,2025-06-30,254.7,70,3,Enterprise,Latin America,6.0,False
C-53448,2024-04-09,2024-05-09,215.86,2,3,Enterprise,North America,8.0,False
C-53449,2023-12-16,2024-03-21,80.62,3,1,Pro,Latin America,6.0,False
C-53450,2023-05-15,2023-07-11,65.07,6,3,Pro,Asia Pacific,5.0,False
C-53451,2023-08-17,2024-10-21,34.03,23,2,Basic,North America,6.0,True
C-53452,2023-06-12,2023-09-10,79.96,7,1,Pro,Asia Pacific,5.0,False
C-53453,2023-07-16,2024-03-27,169.68,17,1,Enterprise,North America,8.0,False
C-53454,2023-08-26,2023-10-05,117.5,4,0,Pro,Latin America,6.0,False
C-53455,2024-07-30,2025-06-30,75.35,28,0,Pro,Europe,8.0,False
C-53456,2023-08-22,2023-11-02,74.76,4,1,Pro,Asia Pacific,8.0,False
C-53457,2023-08-01,2024-05-02,81.99,14,1,Pro,North America,8.0,False
C-53458,2022-08-02,2022-10-17,28.87,6,3,Basic,North America,7.0,False
C-53459,2024-08-30,2025-06-30,214.83,58,0,Enterprise,Latin America,4.0,False
C-53460,2023-08-27,2023-10-15,22.6,2,0,Basic,North America,7.0,False
C-53461,2024-06-18,2025-06-30,40.39,24,2,Pro,Asia Pacific,8.0,False
C-53462,2023-10-13,2025-06-30,85.29,71,2,Pro,Asia Pacific,8.0,False
C-53463,2024-11-23,2025-06-30,82.49,55,0,Pro,Latin America,8.0,False
C-53464,2024-09-08,2025-06-30,57.63,27,3,Pro,Asia Pacific,5.0,False
C-53465,2022-09-29,2023-05-02,30.48,16,0,Basic,North America,6.0,False
C-53466,2023-06-11,2024-03-27,90.64,15,0,Pro,Latin America,8.0,False
C-53467,2024-12-29,2025-06-20,85.55,11,3,Pro,Asia Pacific,8.0,False
C-53468,2024-01-05,2025-06-17,250.28,45,0,Enterprise,Europe,7.0,True
C-53469,2023-01-23,2024-05-10,34.91,23,2,Basic,North America,7.0,False
C-53470,2023-01-07,2023-06-03,156.92,11,0,Enterprise,Latin America,6.0,True
C-53471,2023-02-06,2023-10-21,93.55,22,1,Pro,Asia Pacific,8.0,True
C-53472,2023-07-29,2024-12-13,35.93,31,1,Basic,Europe,7.0,False
C-53473,2023-07-27,2023-10-03,21.7,6,3,Basic,North America,8.0,False
C-53474,2024-01-16,2024-11-17,33.56,18,0,Basic,Asia Pacific,6.0,False
C-53475,2022-06-28,2023-01-16,31.09,11,1,Basic,North America,9.0,False
C-53476,2023-12-22,2024-07-11,25.74,15,2,Basic,Asia Pacific,7.0,True
C-53477,2024-10-29,2025-06-30,228.08,21,0,Enterprise,Asia Pacific,7.0,False
C-53478,2024-08-21,2025-06-30,74.93,43,4,Pro,Europe,5.0,True
C-53479,2022-10-13,2024-02-28,30.8,41,1,Basic,Latin America,7.0,False
C-53480,2022-09-27,2023-02-28,67.74,14,1,Pro,Europe,8.0,True
C-53481,2023-05-29,2023-09-11,78.17,9,4,Pro,Asia Pacific,6.0,True
C-53482,2024-08-30,2025-04-02,30.38,19,2,Basic,Latin America,6.0,True
C-53483,2022-07-16,2023-09-23,27.96,36,4,Basic,North America,8.0,True
C-53484,2022-06-04,2025-06-30,96.55,90,1,Pro,Europe,6.0,False
C-53485,2024-01-31,2024-09-06,78.32,11,1,Pro,North America,5.0,True
C-53486,2023-12-10,2024-01-16,30.9,1,2,Basic,North America,8.0,True
C-53487,2023-06-09,2024-10-11,189.73,40,2,Enterprise,Latin America,6.0,True
C-53488,2022-10-25,2023-11-22,18.38,33,0,Basic,Latin America,8.0,False
C-53489,2023-09-15,2024-02-26,88.19,8,2,Pro,North America,7.0,True
C-53490,2022-09-16,2023-01-08,168.82,6,3,Enterprise,Asia Pacific,4.0,False
C-53491,2024-06-04,2024-08-24,29.0,5,3,Basic,Europe,8.0,True
C-53492,2023-03-02,2023-06-18,56.59,8,3,Pro,Asia Pacific,6.0,False
C-53493,2022-08-01,2024-04-23,204.82,45,2,Enterprise,Latin America,8.0,False
C-53494,2024-07-07,2024-10-27,30.12,7,0,Basic,Europe,6.0,False
C-53495,2024-12-21,2025-06-30,129.95,15,1,Enterprise,North America,6.0,False
C-53496,2024-07-15,2024-10-28,35.13,5,1,Basic,North America,4.0,True
C-53497,2023-08-22,2024-04-13,24.07,17,1,Basic,Asia Pacific,7.0,False
C-53498,2024-07-19,2025-06-30,19.63,20,0,Basic,Asia Pacific,7.0,False
C-53499,2024-12-27,2025-06-30,69.15,11,0,Pro,Europe,10.0,False
C-53500,2023-01-14,2023-09-24,32.22,17,1,Basic,Europe,8.0,False
C-53501,2023-04-23,2023-05-23,242.11,1,2,Enterprise,Asia Pacific,9.0,False
C-53502,2025-01-17,2025-03-12,32.29,6,0,Basic,Europe,7.0,True
C-53503,2023-01-07,2023-08-01,27.4,10,2,Basic,Europe,9.0,True
C-53504,2023-04-26,2024-03-07,17.77,17,6,Basic,Europe,9.0,True
C-53505,2023-01-08,2025-06-30,177.12,120,2,Enterprise,Latin America,6.0,False
C-53506,2023-10-05,2023-11-19,139.3,4,2,Enterprise,North America,5.0,False
C-53507,2022-09-13,2023-01-23,66.12,9,1,Pro,North America,7.0,False
C-53508,2024-02-28,2024-07-26,24.16,11,1,Basic,Latin America,6.0,True
C-53509,2024-07-12,2025-02-13,186.21,23,1,Enterprise,Latin America,8.0,False
C-53510,2023-10-23,2023-12-07,,3,3,Pro,Latin America,6.0,False
C-53511,2024-12-20,2025-06-30,72.65,30,1,Pro,North America,6.0,True
C-53512,2024-12-02,2025-06-30,38.32,6,1,Basic,Latin America,8.0,True
C-53513,2023-12-06,2025-06-30,32.78,90,2,Basic,Asia Pacific,8.0,False
C-53514,2022-08-21,2024-01-10,87.92,38,1,Pro,Asia Pacific,8.0,False
C-53515,2023-01-21,2025-06-30,181.99,61,2,Enterprise,North America,9.0,False
C-53516,2025-01-24,2025-06-30,38.37,31,1,Basic,North America,9.0,True
C-53517,2022-07-22,2022-11-26,34.03,13,5,Basic,Asia Pacific,7.0,False
C-53518,2024-01-24,2024-03-03,70.11,1,2,Pro,Europe,6.0,False
C-53519,2023-09-09,2023-11-20,,5,3,Pro,Europe,10.0,False
C-53520,2022-11-21,2023-05-27,35.4,13,0,Basic,Asia Pacific,7.0,False
C-53521,2023-06-19,2025-06-30,225.57,55,2,Enterprise,Latin America,5.0,True
C-53522,2023-12-24,2024-09-10,193.75,8,2,Enterprise,Asia Pacific,9.0,False
C-53523,2024-10-08,2024-11-07,67.9,1,0,Pro,Europe,5.0,False
C-53524,2022-07-14,2025-06-30,16.35,93,1,Basic,Latin America,7.0,False
C-53525,2022-10-27,2023-01-18,,6,2,Basic,Latin America,5.0,False
C-53526,2022-06-22,2024-09-29,21.33,63,0,Basic,Latin America,7.0,True
C-53527,2022-10-17,2022-11-16,65.66,1,2,Pro,North America,6.0,False
C-53528,2022-08-29,2022-10-21,26.7,5,0,Basic,North America,7.0,True
C-53529,2023-05-31,2024-12-03,82.84,37,1,Pro,Latin America,8.0,True
C-53530,2022-07-20,2022-10-24,72.89,10,1,Pro,Latin America,5.0,False
C-53531,2022-06-10,2024-01-07,24.99,42,1,Basic,Latin America,7.0,True
C-53532,2024-07-15,2025-06-02,23.28,18,5,Basic,Latin America,7.0,False
C-53533,2024-05-05,2025-02-09,25.1,16,2,Basic,Asia Pacific,9.0,True
C-53534,2024-12-11,2025-06-30,82.45,22,3,Pro,Latin America,7.0,False
C-53535,2023-10-13,2024-10-30,19.86,31,2,Basic,Europe,8.0,False
C-53536,2023-12-13,2025-02-28,93.87,34,1,Pro,Latin America,4.0,True
C-53537,2023-11-07,2024-03-10,204.79,7,0,Enterprise,Europe,5.0,False
C-53538,2022-12-09,2023-12-26,39.35,23,1,Basic,North America,8.0,False
C-53539,2024-04-04,2025-02-13,31.37,14,3,Basic,Latin America,8.0,False
C-53540,2024-11-01,2025-01-31,68.22,3,2,Pro,North America,5.0,False
C-53541,2024-09-12,2025-03-12,29.94,10,2,Basic,North America,5.0,False
C-53542,2024-07-05,2024-09-28,114.59,5,1,Enterprise,Europe,6.0,False
C-53543,2023-10-09,2024-06-17,77.05,14,3,Pro,Asia Pacific,10.0,False
C-53544,2023-05-12,2024-10-14,81.17,40,0,Pro,Asia Pacific,10.0,False
C-53545,2022-07-22,2023-01-17,27.7,17,2,Basic,North America,8.0,True
C-53546,2024-05-22,2025-01-12,137.57,16,3,Enterprise,Europe,6.0,False
C-53547,2023-07-07,2024-11-29,18.19,36,0,Basic,Europe,7.0,False
C-53548,2024-05-29,2025-06-30,25.24,92,1,Basic,Latin America,7.0,False
C-53549,2024-03-14,2025-06-30,37.36,69,2,Basic,Asia Pacific,8.0,True
C-53550,2024-03-03,2024-12-07,96.76,29,0,Pro,Europe,6.0,True
C-53551,2024-01-26,2024-08-05,20.59,14,1,Basic,Europe,5.0,False
C-53552,2023-07-09,2025-03-05,262.72,45,1,Enterprise,Asia Pacific,5.0,False
C-53553,2023-07-25,2023-10-09,79.33,4,1,Pro,Asia Pacific,7.0,True
C-53554,2023-04-21,2025-02-13,32.17,46,0,Basic,North America,9.0,False
C-53555,2023-12-09,2025-06-30,82.47,67,1,Pro,Asia Pacific,6.0,False
C-53556,2024-05-06,2024-08-19,33.45,6,0,Basic,Europe,6.0,False
C-53557,2024-11-26,2025-06-30,,17,1,Basic,Europe,5.0,True
C-53558,2024-04-21,2025-01-05,73.85,8,3,Pro,Asia Pacific,9.0,False
C-53559,2022-06-04,2022-09-01,,8,3,Basic,Europe,8.0,False
C-53560,2023-04-21,2025-06-04,14.3,49,0,Basic,Asia Pacific,6.0,False
C-53561,2023-08-31,2024-03-27,26.53,14,1,Basic,Latin America,5.0,True
C-53562,2024-08-01,2024-12-04,30.71,10,3,Basic,Asia Pacific,6.0,False
C-53563,2022-07-24,2023-01-12,27.42,8,0,Basic,North America,7.0,False
C-53564,2024-08-20,2025-06-30,74.42,51,1,Pro,Latin America,9.0,False
C-53565,2023-07-21,2023-11-06,156.3,7,1,Enterprise,Latin America,7.0,False
C-53566,2023-01-29,2024-01-04,32.54,27,2,Basic,North America,7.0,False
C-53567,2022-12-21,2023-08-18,30.56,13,0,Basic,Latin America,6.0,False
C-53568,2023-10-29,2024-05-29,217.38,22,1,Enterprise,Latin America,3.0,False
C-53569,2023-05-17,2024-03-25,245.23,15,3,Enterprise,North America,6.0,False
C-53570,2024-03-03,2024-09-15,27.52,15,1,Basic,Europe,4.0,False
C-53571,2023-07-17,2024-12-06,34.53,37,3,Basic,Europe,6.0,False
C-53572,2024-10-25,2025-01-04,147.55,7,2,Enterprise,Asia Pacific,8.0,False
C-53573,2023-05-28,2024-02-08,88.39,9,1,Pro,Latin America,9.0,False
C-53574,2023-11-29,2025-03-02,213.23,32,1,Enterprise,North America,6.0,False
C-53575,2024-08-13,2025-06-30,75.76,10,0,Pro,Latin America,5.0,False
C-53576,2023-05-26,2025-01-02,28.37,38,1,Basic,Europe,10.0,False
C-53577,2023-12-04,2024-01-03,41.33,4,3,Basic,Europe,10.0,False
C-53578,2024-09-09,2025-06-30,21.38,73,2,Basic,Asia Pacific,9.0,False
C-53579,2024-01-25,2025-02-12,93.14,32,3,Pro,Europe,9.0,False
C-53580,2022-12-26,2023-03-25,158.26,3,2,Enterprise,Asia Pacific,7.0,True
C-53581,2025-01-06,2025-06-30,55.3,67,4,Pro,Asia Pacific,7.0,True
C-53582,2022-12-09,2023-02-19,91.55,3,1,Pro,Europe,7.0,False
C-53583,2023-01-27,2023-02-26,33.85,3,0,Basic,North America,8.0,False
C-53584,2022-11-29,2023-09-12,65.62,25,1,Pro,Europe,7.0,False
C-53585,2024-01-28,2024-08-01,30.17,11,1,Basic,North America,7.0,False
C-53586,2023-03-20,2023-05-21,27.84,4,0,Basic,Asia Pacific,6.0,True
C-53587,2023-06-26,2024-09-19,207.55,26,2,Enterprise,Europe,7.0,False
C-53588,2022-06-25,2022-08-01,219.08,3,1,Enterprise,Asia Pacific,9.0,False
C-53589,2023-12-03,2025-06-30,24.8,45,2,Basic,Latin America,8.0,False
C-53590,2022-06-25,2023-08-15,20.86,41,0,Basic,North America,7.0,False
C-53591,2023-12-26,2024-01-31,33.32,0,1,Basic,Asia Pacific,7.0,True
C-53592,2025-01-03,2025-04-30,217.56,7,1,Enterprise,Asia Pacific,9.0,False
C-53593,2022-07-02,2022-08-09,64.17,5,3,Pro,Europe,6.0,False
C-53594,2022-11-06,2023-12-29,29.2,27,2,Basic,North America,7.0,False
C-53595,2024-09-04,2024-10-23,166.97,4,2,Enterprise,Asia Pacific,6.0,False
C-53596,2024-02-19,2025-06-30,53.98,36,0,Pro,North America,5.0,False
C-53597,2023-07-28,2024-03-08,34.35,13,1,Basic,Europe,6.0,False
C-53598,2022-09-15,2022-11-04,79.21,0,0,Pro,Latin America,8.0,False
C-53599,2023-04-18,2025-06-30,90.42,71,1,Pro,Latin America,8.0,False
C-53600,2024-03-19,2025-06-30,182.87,54,2,Enterprise,Asia Pacific,7.0,True
C-53601,2023-09-29,2024-04-27,33.3,13,1,Basic,North America,7.0,False
C-53602,2022-12-01,2023-11-27,181.01,24,3,Enterprise,Latin America,,False
C-53603,2024-03-31,2024-05-01,29.42,1,2,Basic,Asia Pacific,7.0,False
C-53604,2023-04-19,2025-06-30,38.19,53,1,Basic,Asia Pacific,9.0,False
C-53605,2022-06-17,2023-02-05,24.05,14,3,Basic,Latin America,10.0,False
C-53606,2022-10-26,2023-05-10,27.42,28,0,Basic,Europe,6.0,False
C-53607,2023-04-25,2023-05-25,164.98,2,0,Enterprise,North America,6.0,True
C-53608,2022-06-18,2025-06-30,227.72,82,2,Enterprise,Europe,5.0,False
C-53609,2023-04-19,2025-06-04,30.54,59,1,Basic,Asia Pacific,7.0,False
C-53610,2025-01-04,2025-06-30,29.06,20,4,Basic,Asia Pacific,5.0,False
C-53611,2023-11-02,2024-01-04,44.75,4,0,Pro,Europe,5.0,False
C-53612,2023-04-17,2023-05-17,29.6,1,3,Basic,Latin America,8.0,True
C-53613,2024-02-21,2024-03-24,52.68,2,5,Pro,Europe,8.0,True
C-53614,2024-01-27,2025-06-30,86.89,44,1,Pro,North America,10.0,False
C-53615,2024-02-15,2025-03-05,31.69,25,1,Basic,North America,6.0,False
C-53616,2024-07-23,2025-06-30,77.56,146,1,Pro,Latin America,7.0,False
C-53617,2024-06-14,2025-06-30,75.12,32,1,Pro,Asia Pacific,8.0,True
C-53618,2023-01-04,2024-07-14,24.22,44,1,Basic,North America,8.0,False
C-53619,2023-05-18,2024-10-08,86.44,35,1,Pro,North America,7.0,True
C-53620,2023-05-31,2025-06-30,24.68,90,1,Basic,North America,7.0,False
C-53621,2023-04-11,2024-06-14,98.42,29,3,Pro,Europe,7.0,False
C-53622,2025-01-06,2025-06-30,81.66,21,2,Pro,Europe,6.0,False
C-53623,2023-11-22,2024-01-12,33.8,2,1,Basic,North America,8.0,True
C-53624,2024-10-09,2025-02-18,78.34,8,2,Pro,Latin America,7.0,False
C-53625,2023-03-04,2025-06-30,165.83,96,3,Enterprise,Asia Pacific,8.0,True
C-53626,2024-02-09,2024-03-14,97.63,1,0,Pro,North America,5.0,False
C-53627,2024-11-28,2025-06-16,46.84,8,2,Pro,Latin America,5.0,False
C-53628,2024-03-17,2024-10-27,91.56,10,0,Pro,Asia Pacific,6.0,False
C-53629,2024-12-14,2025-06-30,35.99,57,3,Basic,Asia Pacific,8.0,False
C-53630,2023-12-15,2025-06-30,91.99,51,3,Pro,North America,5.0,False
C-53631,2022-07-02,2023-07-22,86.38,15,1,Pro,North America,7.0,False
C-53632,2023-10-28,2023-12-13,24.41,5,0,Basic,Latin America,8.0,False
C-53633,2022-12-14,2024-11-27,30.25,49,2,Basic,North America,6.0,False
C-53634,2022-11-13,2023-06-30,34.49,21,1,Basic,North America,5.0,False
C-53635,2022-11-19,2024-06-16,83.12,34,4,Pro,Europe,4.0,False
C-53636,2024-04-18,2025-06-30,80.27,53,0,Pro,Asia Pacific,6.0,True
C-53637,2024-12-19,2025-02-03,208.2,0,1,Enterprise,Latin America,9.0,False
C-53638,2025-01-25,2025-06-30,90.28,49,0,Pro,Latin America,5.0,False
C-53639,2023-03-02,2023-07-19,217.07,6,1,Enterprise,Latin America,6.0,False
C-53640,2023-01-21,2024-06-27,,42,2,Basic,North America,6.0,False
C-53641,2022-11-09,2023-03-30,28.47,8,2,Basic,Europe,9.0,False
C-53642,2024-01-08,2024-05-16,171.54,14,2,Enterprise,Europe,10.0,False
C-53643,2024-08-30,2024-12-13,74.4,4,0,Pro,North America,8.0,True
C-53644,2022-07-28,2023-06-09,23.42,20,3,Basic,North America,7.0,False
C-53645,2024-05-17,2025-01-03,68.4,20,4,Pro,North America,9.0,False
C-53646,2023-11-04,2024-02-04,79.22,6,1,Pro,Europe,10.0,True
C-53647,2022-11-24,2023-01-28,226.77,4,1,Enterprise,Asia Pacific,6.0,False
C-53648,2023-02-19,2025-06-30,84.56,71,2,Pro,North America,6.0,False
C-53649,2023-01-06,2024-04-14,29.82,31,1,Basic,Asia Pacific,7.0,False
C-53650,2024-07-19,2025-06-30,270.97,30,2,Enterprise,Latin America,9.0,False
C-53651,2024-08-29,2025-02-20,81.71,7,0,Pro,North America,7.0,False
C-53652,2023-06-16,2025-02-24,60.03,41,0,Pro,Asia Pacific,8.0,True
C-53653,2023-06-18,2023-12-26,70.47,20,2,Pro,Latin America,7.0,False
C-53654,2023-07-17,2025-01-15,75.51,35,2,Pro,North America,7.0,False
C-53655,2023-03-11,2025-03-13,96.23,58,0,Pro,North America,5.0,False
C-53656,2024-02-06,2024-06-26,79.66,6,1,Pro,Latin America,7.0,False
C-53657,2023-09-20,2025-06-30,25.68,48,3,Basic,Europe,8.0,False
C-53658,2023-01-10,2023-10-31,33.2,23,1,Basic,North America,8.0,False
C-53659,2023-11-03,2024-01-02,75.29,6,2,Pro,Europe,9.0,False
C-53660,2023-11-17,2024-10-06,27.01,28,0,Basic,Asia Pacific,7.0,False
C-53661,2024-04-26,2025-05-04,37.12,17,1,Basic,Latin America,7.0,False
C-53662,2022-07-16,2024-03-21,88.01,39,1,Pro,Latin America,7.0,True
C-53663,2023-07-11,2025-06-30,34.43,80,3,Basic,Latin America,7.0,True
C-53664,2024-08-17,2025-06-30,118.83,41,1,Pro,North America,6.0,False
C-53665,2022-09-11,2023-03-06,61.14,15,0,Pro,Asia Pacific,7.0,False
C-53666,2024-11-08,2025-06-30,27.17,22,2,Basic,North America,5.0,True
C-53667,2022-10-14,2025-06-30,74.76,80,1,Pro,Latin America,6.0,True
C-53668,2022-09-22,2025-06-30,170.14,105,1,Enterprise,Asia Pacific,6.0,False
C-53669,2023-03-15,2023-10-06,32.0,15,2,Basic,Europe,7.0,False
C-53670,2022-12-30,2023-09-05,100.58,22,6,Pro,Latin America,9.0,False
C-53671,2023-07-22,2024-02-27,228.79,14,1,Enterprise,Asia Pacific,6.0,False
C-53672,2024-12-28,2025-06-30,29.05,13,1,Basic,Europe,7.0,True
C-53673,2022-12-24,2024-06-26,38.38,43,0,Basic,North America,4.0,True
C-53674,2023-01-01,2024-10-04,35.02,50,0,Basic,Asia Pacific,8.0,False
C-53675,2023-12-10,2024-07-25,87.73,10,0,Pro,Europe,8.0,False
C-53676,2022-09-24,2023-06-25,33.47,29,0,Basic,Europe,7.0,False
C-53677,2024-08-17,2025-06-30,127.89,36,0,Enterprise,Europe,6.0,False
C-53678,2022-07-01,2022-08-21,22.18,1,3,Basic,North America,7.0,True
C-53679,2024-03-20,2024-07-02,69.8,4,0,Pro,Europe,10.0,True
C-53680,2023-06-30,2025-02-17,77.16,42,2,Pro,Europe,7.0,True
C-53681,2023-09-06,2023-10-06,19.47,2,3,Basic,Europe,6.0,True
C-53682,2023-10-30,2023-11-29,87.19,2,1,Pro,Europe,7.0,True
C-53683,2024-06-08,2025-06-30,58.17,106,0,Pro,Europe,9.0,False
C-53684,2022-07-29,2025-06-30,201.62,86,1,Enterprise,Latin America,5.0,True
C-53685,2023-01-01,2024-09-06,28.25,35,1,Basic,Asia Pacific,9.0,True
C-53686,2024-05-03,2024-12-04,196.9,13,2,Enterprise,Latin America,8.0,False
C-53687,2023-08-19,2023-10-09,229.32,3,1,Enterprise,North America,4.0,True
C-53688,2023-03-06,2025-06-30,31.25,59,0,Basic,Europe,10.0,True
C-53689,2023-05-26,2024-08-21,59.12,38,0,Pro,Europe,7.0,False
C-53690,2023-05-24,2024-03-09,75.03,15,2,Pro,Asia Pacific,7.0,False
C-53691,2024-02-10,2024-05-05,13.21,10,1,Basic,Europe,6.0,False
C-53692,2025-01-13,2025-06-30,71.2,16,1,Pro,Latin America,8.0,False
C-53693,2024-05-09,2024-08-19,15.14,5,2,Basic,Europe,6.0,True
C-53694,2023-02-12,2023-06-08,102.5,6,0,Pro,North America,5.0,False
C-53695,2023-12-31,2025-01-30,33.57,25,1,Basic,Europe,6.0,False
C-53696,2025-01-30,2025-06-30,32.04,21,0,Basic,Asia Pacific,7.0,False
C-53697,2024-01-25,2024-06-26,24.21,12,3,Basic,Asia Pacific,6.0,False
C-53698,2024-01-30,2025-01-04,79.52,25,2,Pro,North America,9.0,False
C-53699,2023-12-04,2024-03-23,187.93,4,1,Enterprise,North America,5.0,False
C-53700,2023-05-21,2024-02-20,31.19,24,1,Basic,North America,5.0,False
C-53701,2022-08-09,2022-11-04,33.88,3,0,Basic,Latin America,9.0,True
C-53702,2023-05-22,2023-12-26,62.0,17,2,Pro,Latin America,5.0,False
C-53703,2023-01-11,2023-03-24,32.44,8,2,Basic,Europe,9.0,False
C-53704,2023-12-04,2024-01-03,199.39,0,2,Enterprise,Europe,6.0,False
C-53705,2022-12-24,2023-04-21,83.19,6,1,Pro,North America,8.0,False
C-53706,2023-01-14,2023-07-25,37.65,11,3,Basic,Asia Pacific,7.0,False
C-53707,2023-04-29,2023-08-18,39.38,11,0,Basic,North America,9.0,False
C-53708,2022-08-28,2023-03-07,223.21,16,2,Enterprise,Latin America,7.0,True
C-53709,2023-11-14,2024-06-07,95.38,11,4,Pro,North America,7.0,True
C-53710,2024-02-25,2024-12-22,39.11,10,0,Basic,Latin America,8.0,True
C-53711,2023-05-23,2024-01-23,96.78,11,2,Pro,Latin America,7.0,True
C-53712,2024-01-20,2024-04-24,34.44,6,0,Basic,North America,5.0,False
C-53713,2023-02-09,2024-02-19,81.08,21,1,Pro,North America,5.0,False
C-53714,2024-07-26,2025-03-01,102.38,10,1,Pro,Europe,7.0,False
C-53715,2024-10-14,2025-06-30,22.46,99,3,Basic,North America,7.0,False
C-53716,2024-11-12,2025-06-30,30.16,92,0,Basic,North America,6.0,False
C-53717,2023-11-07,2024-02-11,26.63,4,0,Basic,Latin America,5.0,False
C-53718,2023-05-21,2023-07-21,21.22,3,0,Basic,Latin America,6.0,False
C-53719,2025-01-17,2025-05-05,103.21,6,2,Pro,Asia Pacific,7.0,True
C-53720,2022-08-02,2023-03-05,138.57,21,2,Enterprise,North America,7.0,False
C-53721,2022-09-05,2023-01-31,23.84,8,2,Basic,Latin America,8.0,False
C-53722,2023-11-09,2025-06-30,81.18,44,0,Pro,Latin America,6.0,False
C-53723,2023-05-15,2025-06-30,27.35,87,2,Basic,Europe,5.0,False
C-53724,2024-06-24,2024-11-30,33.05,9,2,Basic,Europe,10.0,False
C-53725,2022-09-02,2023-01-02,197.75,8,1,Enterprise,Europe,7.0,False
C-53726,2022-07-15,2022-09-21,23.86,2,1,Basic,Latin America,10.0,True
C-53727,2024-02-23,2025-05-13,40.16,29,1,Basic,Latin America,8.0,True
C-53728,2023-12-30,2025-06-30,27.47,41,4,Basic,North America,7.0,False
C-53729,2024-09-24,2025-06-30,11.07,18,0,Basic,Latin America,7.0,False
C-53730,2022-10-24,2024-05-02,42.1,36,1,Basic,Europe,8.0,False
C-53731,2024-04-21,2024-06-07,30.4,2,1,Basic,Latin America,9.0,False
C-53732,2023-08-17,2023-12-12,27.03,8,2,Basic,North America,6.0,False
C-53733,2024-11-30,2025-06-05,23.13,8,2,Basic,Latin America,6.0,False
C-53734,2024-08-16,2025-06-30,37.12,46,1,Basic,Latin America,7.0,False
C-53735,2022-06-08,2022-08-08,34.61,7,1,Basic,Asia Pacific,6.0,False
C-53736,2024-03-09,2024-06-19,231.22,8,2,Enterprise,North America,5.0,True
C-53737,2024-04-23,2024-10-03,,11,1,Pro,Latin America,8.0,False
C-53738,2023-12-20,2025-06-29,109.47,34,0,Pro,Latin America,7.0,False
C-53739,2024-04-20,2024-06-04,31.85,3,3,Basic,North America,8.0,False
C-53740,2023-08-14,2024-07-30,184.91,19,0,Enterprise,Europe,10.0,False
C-53741,2024-12-15,2025-06-30,98.2,27,0,Pro,Latin America,6.0,False
C-53742,2024-11-17,2025-06-30,22.94,42,2,Basic,North America,7.0,False
C-53743,2024-04-16,2024-07-06,33.64,6,2,Basic,Latin America,6.0,False
C-53744,2024-09-05,2025-01-03,30.74,11,2,Basic,Asia Pacific,7.0,False
C-53745,2024-11-24,2024-12-24,34.59,2,3,Basic,North America,9.0,False
C-53746,2023-03-23,2025-02-12,82.64,45,2,Pro,North America,6.0,False
C-53747,2023-01-21,2023-04-10,63.47,3,0,Pro,North America,9.0,True
C-53748,2023-04-07,2023-09-09,37.2,10,1,Basic,Latin America,6.0,False
C-53749,2024-05-29,2025-06-30,223.13,65,0,Enterprise,Latin America,8.0,False
C-53750,2024-01-17,2024-04-16,72.81,2,3,Pro,Asia Pacific,6.0,False
C-53751,2023-09-13,2025-06-30,85.1,81,1,Pro,Europe,4.0,False
C-53752,2023-11-14,2025-06-30,39.18,70,3,Basic,Europe,8.0,False
C-53753,2024-04-02,2025-04-11,31.23,28,0,Basic,Latin America,7.0,True
C-53754,2024-03-23,2024-04-22,67.23,3,0,Pro,Europe,4.0,True
C-53755,2022-10-09,2023-03-08,29.81,16,0,Basic,Asia Pacific,4.0,False
C-53756,2024-10-10,2025-01-19,92.77,3,1,Pro,Asia Pacific,9.0,False
C-53757,2024-03-28,2024-07-17,32.43,6,1,Basic,Europe,9.0,False
C-53758,2025-01-02,2025-02-01,91.23,1,3,Pro,Latin America,7.0,False
C-53759,2022-07-19,2023-04-24,77.63,16,0,Pro,Europe,8.0,False
C-53760,2024-06-01,2024-10-27,21.5,7,2,Basic,Latin America,6.0,False
C-53761,2023-01-02,2024-03-15,28.42,26,4,Basic,Europe,6.0,True
C-53762,2023-09-21,2025-06-30,51.09,155,5,Pro,Europe,8.0,False
C-53763,2025-01-30,2025-06-30,24.16,105,1,Basic,North America,8.0,False
C-53764,2024-07-29,2025-04-28,29.95,14,1,Basic,Europe,7.0,False
C-53765,2023-09-18,2023-12-01,71.55,4,3,Pro,Europe,9.0,False
C-53766,2023-06-21,2024-03-16,28.34,19,2,Basic,Europe,8.0,False
C-53767,2024-09-25,2025-06-30,175.03,15,0,Enterprise,Europe,6.0,False
C-53768,2022-10-24,2023-04-09,71.41,9,1,Pro,Asia Pacific,6.0,False
C-53769,2024-01-19,2025-06-30,72.71,75,2,Pro,North America,6.0,False
C-53770,2023-01-12,2023-09-27,,12,1,Basic,North America,6.0,True
C-53771,2022-06-21,2022-09-22,210.47,8,1,Enterprise,North America,9.0,False
C-53772,2022-09-25,2023-08-07,80.4,17,1,Pro,Latin America,8.0,False
C-53773,2024-11-04,2025-01-21,79.83,9,2,Pro,Asia Pacific,6.0,True
C-53774,2024-08-13,2024-11-29,,11,3,Basic,Europe,7.0,False
C-53775,2024-08-16,2024-11-22,27.3,7,1,Basic,North America,7.0,False
C-53776,2023-11-04,2023-12-04,27.85,3,2,Basic,Latin America,7.0,True
C-53777,2023-01-14,2023-03-12,35.82,4,1,Basic,Asia Pacific,9.0,False
C-53778,2023-10-17,2024-07-25,246.39,22,1,Enterprise,North America,9.0,False
C-53779,2024-01-20,2024-03-04,60.92,1,1,Pro,Asia Pacific,9.0,False
C-53780,2023-10-30,2024-04-04,85.77,8,1,Pro,Europe,7.0,False
C-53781,2023-02-07,2024-11-01,31.89,49,1,Basic,North America,6.0,False
C-53782,2024-02-08,2025-06-30,30.92,58,1,Basic,Europe,8.0,False
C-53783,2023-05-17,2023-12-27,22.95,24,1,Basic,Latin America,8.0,False
C-53784,2024-05-16,2024-09-10,184.96,6,1,Enterprise,Latin America,5.0,False
C-53785,2023-08-16,2023-09-15,253.84,0,3,Enterprise,Latin America,7.0,True
C-53786,2022-08-18,2022-09-17,175.32,2,3,Enterprise,Europe,6.0,False
C-53787,2024-04-05,2025-06-30,39.78,54,1,Pro,Asia Pacific,6.0,False
C-53788,2024-05-23,2025-06-30,170.7,21,3,Enterprise,Europe,8.0,False
C-53789,2023-12-08,2024-01-21,82.42,4,1,Pro,North America,7.0,False
C-53790,2024-12-30,2025-06-30,20.98,17,0,Basic,Latin America,8.0,False
C-53791,2023-10-27,2024-03-25,24.84,9,1,Basic,North America,7.0,False
C-53792,2023-07-05,2025-06-30,33.82,62,3,Basic,North America,7.0,False
C-53793,2022-09-01,2022-10-01,96.07,1,2,Pro,North America,8.0,False
C-53794,2024-07-16,2025-06-30,,31,2,Basic,Latin America,5.0,True
C-53795,2023-04-12,2024-09-28,15.79,25,2,Basic,Europe,6.0,False
C-53796,2023-12-25,2025-02-11,50.38,23,3,Pro,Asia Pacific,7.0,False
C-53797,2024-06-14,2025-06-30,65.13,35,0,Pro,Latin America,6.0,False
C-53798,2024-07-04,2024-11-24,38.45,9,2,Basic,Asia Pacific,6.0,False
C-53799,2025-01-02,2025-06-30,66.34,32,2,Pro,Asia Pacific,6.0,False
C-53800,2022-09-06,2022-12-30,182.47,8,1,Enterprise,Asia Pacific,8.0,False
C-53801,2023-03-26,2024-03-30,25.06,23,2,Basic,Europe,9.0,False
C-53802,2023-04-28,2023-05-28,60.49,1,3,Pro,North America,8.0,False
C-53803,2024-12-14,2025-06-30,76.42,24,1,Pro,Asia Pacific,6.0,False
C-53804,2022-11-02,2023-08-11,37.12,23,0,Basic,Latin America,10.0,False
C-53805,2022-12-15,2023-10-04,27.59,24,1,Basic,Latin America,5.0,False
C-53806,2022-06-21,2023-05-15,77.83,24,0,Pro,Europe,,True
C-53807,2022-10-02,2022-11-21,227.98,5,3,Enterprise,Asia Pacific,6.0,False
C-53808,2023-10-08,2023-12-17,29.63,4,0,Basic,North America,7.0,False
C-53809,2023-03-15,2024-04-04,20.76,21,2,Basic,North America,4.0,True
C-53810,2024-04-01,2024-05-06,211.46,1,3,Enterprise,Asia Pacific,5.0,False
C-53811,2024-01-15,2024-05-20,227.16,9,3,Enterprise,Europe,7.0,False
C-53812,2022-10-03,2023-12-23,33.66,20,3,Basic,Latin America,7.0,False
C-53813,2024-04-14,2024-11-16,174.26,6,1,Enterprise,Latin America,6.0,False
C-53814,2022-09-28,2024-03-26,70.88,39,0,Pro,Asia Pacific,6.0,False
C-53815,2024-08-09,2024-12-01,80.07,9,3,Pro,Asia Pacific,8.0,True
C-53816,2023-01-27,2023-07-05,227.14,8,1,Enterprise,Europe,6.0,False
C-53817,2023-10-10,2024-01-23,163.62,8,4,Enterprise,Europe,5.0,False
C-53818,2024-06-03,2024-11-08,92.22,12,0,Pro,North America,6.0,False
C-53819,2022-10-30,2023-08-22,36.72,24,4,Basic,North America,7.0,True
C-53820,2023-10-21,2024-10-25,88.41,31,0,Pro,Asia Pacific,6.0,False
C-53821,2022-10-21,2023-02-12,137.35,7,1,Enterprise,Europe,6.0,False
C-53822,2024-06-30,2025-06-30,35.43,29,3,Basic,Latin America,10.0,False
C-53823,2023-05-16,2023-06-15,47.68,2,1,Pro,Asia Pacific,5.0,False
C-53824,2023-06-07,2024-05-10,42.86,16,1,Basic,Europe,9.0,False
C-53825,2023-11-16,2025-02-07,32.29,26,2,Basic,North America,9.0,False
C-53826,2024-01-17,2024-11-04,30.3,19,2,Basic,Asia Pacific,4.0,True
C-53827,2022-11-17,2023-06-08,26.9,12,1,Basic,Asia Pacific,5.0,False
C-53828,2022-09-14,2022-10-23,93.48,2,1,Pro,Latin America,6.0,False
C-53829,2024-06-13,2025-04-08,31.19,18,3,Basic,Europe,6.0,False
C-53830,2023-07-27,2024-02-03,24.3,10,2,Basic,Latin America,7.0,False
C-53831,2023-11-03,2024-07-27,90.06,16,0,Pro,Europe,7.0,False
C-53832,2024-03-03,2025-03-27,37.86,34,1,Basic,North America,8.0,False
C-53833,2024-06-19,2024-09-25,36.04,12,0,Basic,Asia Pacific,7.0,False
C-53834,2022-06-28,2023-05-01,33.6,16,0,Basic,Latin America,8.0,True
C-53835,2023-04-03,2025-06-30,,65,1,Basic,Latin America,9.0,False
C-53836,2023-08-13,2023-10-20,62.07,8,3,Pro,North America,5.0,False
C-53837,2024-10-24,2025-06-30,69.93,35,0,Pro,Latin America,6.0,False
C-53838,2022-06-29,2023-02-15,74.02,13,0,Pro,Asia Pacific,6.0,True
C-53839,2024-05-12,2025-01-29,154.04,13,2,Enterprise,Europe,,False
C-53840,2024-06-19,2025-06-30,31.48,56,0,Basic,Asia Pacific,6.0,False
C-53841,2022-12-03,2023-05-13,25.18,11,1,Basic,Latin America,8.0,False
C-53842,2023-06-04,2023-12-31,155.99,15,1,Enterprise,Asia Pacific,8.0,False
C-53843,2023-11-05,2025-03-01,66.22,30,3,Pro,Latin America,7.0,False
C-53844,2024-05-15,2024-10-21,237.66,12,0,Enterprise,Latin America,6.0,False
C-53845,2024-10-22,2025-01-30,31.13,3,1,Basic,North America,7.0,True
C-53846,2024-02-16,2025-06-30,80.25,43,2,Pro,Asia Pacific,10.0,False
C-53847,2022-06-13,2022-11-08,76.68,9,1,Pro,North America,7.0,False
C-53848,2022-11-14,2025-05-11,37.26,62,1,Basic,North America,6.0,False
C-53849,2022-11-28,2024-01-06,161.26,20,1,Enterprise,Europe,3.0,True
C-53850,2024-08-11,2025-04-24,19.72,17,3,Basic,Latin America,8.0,False
C-53851,2023-01-09,2024-02-27,15.68,32,2,Basic,Latin America,8.0,True
C-53852,2022-07-16,2023-01-29,32.44,18,2,Basic,Latin America,5.0,False
C-53853,2024-01-09,2024-08-18,91.69,15,2,Pro,Latin America,5.0,True
C-53854,2022-08-22,2022-11-17,20.14,7,1,Basic,Latin America,6.0,False
C-53855,2022-10-03,2023-05-30,75.84,19,3,Pro,North America,8.0,False
C-53856,2022-06-30,2023-08-29,37.55,32,1,Basic,North America,6.0,False
C-53857,2022-09-19,2023-11-01,100.89,35,2,Pro,North America,5.0,False
C-53858,2024-05-09,2025-02-20,29.74,16,4,Basic,Europe,8.0,False
C-53859,2024-02-24,2024-05-10,39.66,3,0,Pro,North America,7.0,False
C-53860,2024-09-05,2025-06-30,36.56,32,2,Basic,Latin America,9.0,True
C-53861,2024-02-11,2024-08-27,35.64,12,3,Basic,North America,6.0,False
C-53862,2024-10-11,2025-06-30,25.79,61,1,Basic,North America,6.0,False
C-53863,2024-05-24,2024-07-24,18.93,4,1,Basic,North America,9.0,False
C-53864,2022-10-24,2022-11-23,25.39,4,2,Basic,Asia Pacific,6.0,False
C-53865,2023-07-01,2024-08-18,63.63,20,1,Pro,Asia Pacific,5.0,False
C-53866,2024-12-22,2025-06-30,88.01,37,3,Pro,Latin America,9.0,False
C-53867,2024-04-30,2025-04-23,,19,1,Enterprise,North America,8.0,False
C-53868,2024-07-06,2025-06-03,109.82,22,2,Pro,Asia Pacific,7.0,False
C-53869,2022-06-03,2023-05-28,27.25,27,0,Basic,North America,9.0,False
C-53870,2024-07-21,2024-10-30,33.79,8,1,Basic,North America,6.0,False
C-53871,2023-01-23,2024-03-22,247.98,33,0,Enterprise,Latin America,5.0,False
C-53872,2022-07-09,2022-11-25,19.56,10,1,Basic,North America,5.0,True
C-53873,2023-07-16,2025-03-24,23.1,35,1,Basic,North America,10.0,False
C-53874,2024-08-21,2025-06-30,90.95,22,3,Pro,Asia Pacific,8.0,False
C-53875,2024-10-02,2025-06-30,108.94,86,0,Pro,Asia Pacific,7.0,False
C-53876,2022-06-25,2022-08-01,230.22,4,0,Enterprise,Europe,6.0,False
C-53877,2023-03-08,2023-04-07,196.94,3,2,Enterprise,North America,7.0,True
C-53878,2023-10-26,2024-02-13,104.63,8,3,Pro,Latin America,6.0,False
C-53879,2024-03-13,2025-06-30,26.7,86,2,Basic,Latin America,9.0,False
C-53880,2023-09-11,2023-11-29,30.82,5,4,Basic,Asia Pacific,8.0,False
C-53881,2024-11-14,2025-06-30,22.72,33,4,Basic,Europe,6.0,True
C-53882,2024-08-13,2025-06-30,28.87,30,4,Basic,North America,7.0,False
C-53883,2025-01-07,2025-05-14,100.21,8,1,Pro,North America,8.0,False
C-53884,2022-08-14,2022-11-06,36.38,4,0,Basic,Asia Pacific,5.0,False
C-53885,2025-01-01,2025-06-30,27.82,34,1,Basic,North America,6.0,True
C-53886,2023-10-28,2024-02-16,25.32,5,2,Basic,Asia Pacific,8.0,False
C-53887,2024-03-08,2025-06-30,154.1,42,3,Enterprise,Asia Pacific,6.0,False
C-53888,2023-10-12,2025-01-07,33.11,16,1,Basic,Europe,9.0,False
C-53889,2023-01-09,2023-02-08,172.19,2,4,Enterprise,North America,6.0,True
C-53890,2024-05-14,2024-08-02,32.11,6,1,Basic,North America,7.0,False
C-53891,2024-12-09,2025-06-30,75.85,73,1,Pro,Asia Pacific,8.0,True
C-53892,2023-06-01,2023-10-20,78.28,4,1,Pro,North America,8.0,False
C-53893,2023-04-23,2023-11-19,83.96,13,2,Pro,North America,7.0,False
C-53894,2023-12-06,2024-08-02,40.21,12,1,Basic,Latin America,8.0,True
C-53895,2022-07-07,2025-06-30,44.77,113,3,Basic,North America,6.0,True
C-53896,2024-08-12,2025-06-30,72.69,69,2,Pro,Asia Pacific,6.0,True
C-53897,2024-06-30,2024-10-24,91.64,4,4,Pro,Europe,7.0,True
C-53898,2024-05-03,2025-06-30,216.3,31,0,Enterprise,Europe,4.0,True
C-53899,2024-05-08,2024-06-13,31.76,3,2,Basic,North America,7.0,False
C-53900,2023-02-21,2023-07-25,43.27,14,2,Basic,North America,8.0,False
C-53901,2024-03-12,2025-06-30,32.66,35,1,Basic,Latin America,8.0,False
C-53902,2024-02-26,2024-06-01,31.42,1,2,Basic,Latin America,6.0,True
C-53903,2023-04-12,2023-10-31,19.34,15,2,Basic,North America,9.0,False
C-53904,2024-05-23,2025-06-30,219.83,41,3,Enterprise,Asia Pacific,7.0,False
C-53905,2022-07-17,2022-10-02,,8,1,Enterprise,Latin America,7.0,False
C-53906,2022-12-12,2023-02-21,37.14,4,0,Basic,Asia Pacific,7.0,True
C-53907,2022-09-11,2023-01-05,30.67,5,0,Basic,Asia Pacific,6.0,True
C-53908,2023-11-18,2025-06-30,31.79,43,2,Basic,Latin America,6.0,False
C-53909,2024-02-19,2024-05-12,265.13,5,0,Enterprise,Latin America,7.0,False
C-53910,2022-11-02,2024-12-09,77.11,53,1,Pro,Europe,5.0,False
C-53911,2023-05-16,2023-06-15,,1,1,Enterprise,Europe,6.0,False
C-53912,2024-04-09,2025-05-10,30.43,28,1,Basic,Asia Pacific,8.0,False
C-53913,2022-07-07,2022-11-21,189.89,4,3,Enterprise,Asia Pacific,9.0,True
C-53914,2023-02-18,2025-06-30,80.22,63,2,Pro,Asia Pacific,7.0,False
C-53915,2024-02-08,2024-05-14,34.38,12,0,Basic,Asia Pacific,6.0,False
C-53916,2024-06-22,2024-08-28,22.32,4,1,Basic,Asia Pacific,7.0,True
C-53917,2022-09-16,2023-01-01,31.49,5,1,Basic,Europe,,True
C-53918,2024-10-04,2025-03-09,31.72,15,2,Basic,Latin America,7.0,False
C-53919,2024-12-26,2025-06-30,65.92,36,1,Pro,Asia Pacific,4.0,False
C-53920,2024-01-19,2025-06-30,24.84,53,2,Basic,Latin America,7.0,False
C-53921,2024-06-06,2024-12-13,96.76,14,1,Pro,North America,8.0,False
C-53922,2024-09-04,2024-11-15,70.98,6,0,Pro,Latin America,5.0,False
C-53923,2023-08-28,2024-03-12,72.34,13,1,Pro,Latin America,8.0,False
C-53924,2022-10-21,2023-05-25,33.94,17,1,Basic,Asia Pacific,8.0,False
C-53925,2023-06-12,2025-06-30,75.41,91,1,Pro,Europe,8.0,True
C-53926,2023-01-31,2023-03-02,24.3,6,1,Basic,Europe,9.0,False
C-53927,2022-10-13,2023-06-28,65.74,13,4,Pro,Europe,5.0,True
C-53928,2025-01-07,2025-06-30,68.44,22,2,Pro,Asia Pacific,6.0,False
C-53929,2024-11-08,2025-06-26,91.6,11,2,Pro,Europe,2.0,False
C-53930,2024-04-18,2025-06-30,28.2,55,2,Basic,Europe,6.0,False
C-53931,2024-09-27,2024-11-02,80.22,0,1,Pro,Asia Pacific,9.0,False
C-53932,2024-10-03,2025-06-30,36.09,71,3,Basic,Latin America,6.0,False
C-53933,2024-10-11,2024-11-19,23.66,0,0,Basic,Latin America,7.0,False
C-53934,2024-05-01,2024-11-22,37.22,8,2,Basic,Asia Pacific,8.0,False
C-53935,2023-11-27,2024-02-26,16.38,10,3,Basic,Latin America,6.0,False
C-53936,2023-10-23,2025-01-16,76.34,24,2,Pro,Asia Pacific,6.0,False
C-53937,2024-12-27,2025-03-23,76.67,6,1,Pro,Latin America,7.0,False
C-53938,2024-11-28,2025-06-30,27.74,21,2,Basic,North America,10.0,False
C-53939,2024-05-11,2024-06-10,191.01,1,2,Enterprise,Latin America,6.0,False
C-53940,2024-08-27,2025-03-20,113.39,11,0,Pro,North America,9.0,False
C-53941,2023-06-03,2023-08-13,34.21,1,0,Basic,Europe,6.0,False
C-53942,2022-08-22,2022-12-13,26.77,6,1,Basic,Asia Pacific,8.0,False
C-53943,2023-05-10,2023-07-25,79.38,4,2,Pro,Latin America,6.0,False
C-53944,2022-12-23,2023-03-04,162.25,4,1,Enterprise,North America,5.0,False
C-53945,2024-11-26,2024-12-26,25.42,1,1,Basic,Europe,9.0,False
C-53946,2022-10-25,2022-11-24,164.51,1,0,Enterprise,North America,7.0,False
C-53947,2023-12-09,2024-08-07,31.81,13,4,Basic,Asia Pacific,8.0,False
C-53948,2022-06-21,2022-12-15,69.45,10,1,Pro,Europe,10.0,False
C-53949,2024-08-20,2025-01-25,27.65,11,2,Basic,North America,5.0,False
C-53950,2023-10-25,2024-11-24,36.85,22,0,Basic,North America,7.0,False
C-53951,2024-09-08,2025-06-30,101.93,58,2,Pro,Asia Pacific,8.0,False
C-53952,2022-11-02,2023-01-20,72.23,1,1,Pro,North America,7.0,False
C-53953,2022-09-26,2023-03-02,21.28,9,1,Basic,Latin America,8.0,False
C-53954,2024-12-08,2025-06-14,,12,3,Basic,Asia Pacific,7.0,False
C-53955,2023-03-13,2023-05-19,37.04,4,5,Basic,North America,4.0,True
C-53956,2024-01-05,2024-04-24,72.47,4,0,Pro,North America,6.0,False
C-53957,2024-03-19,2024-04-18,159.06,1,1,Enterprise,Europe,8.0,False
C-53958,2022-10-11,2024-07-06,92.73,34,5,Pro,North America,8.0,False
C-53959,2023-12-17,2024-04-29,62.18,7,2,Pro,Asia Pacific,6.0,False
C-53960,2024-01-25,2024-04-16,82.54,3,0,Pro,North America,9.0,False
C-53961,2025-01-23,2025-04-18,163.96,9,1,Enterprise,Asia Pacific,8.0,False
C-53962,2024-07-22,2025-05-02,22.42,15,4,Basic,Latin America,7.0,True
C-53963,2025-01-19,2025-06-30,82.3,27,0,Pro,Latin America,7.0,False
C-53964,2022-12-08,2025-06-30,88.33,61,2,Pro,Asia Pacific,9.0,True
C-53965,2023-01-05,2023-03-13,25.46,3,0,Basic,Latin America,8.0,False
C-53966,2022-07-22,2023-11-13,69.79,28,0,Pro,Europe,7.0,False
C-53967,2023-12-06,2024-01-05,116.92,4,1,Pro,Europe,7.0,False
C-53968,2022-09-17,2023-08-01,77.32,21,2,Pro,North America,6.0,False
C-53969,2023-04-23,2025-06-30,19.59,54,2,Basic,Latin America,7.0,False
C-53970,2022-06-01,2022-11-25,29.06,9,1,Basic,North America,8.0,False
C-53971,2024-05-31,2024-06-30,85.65,3,3,Pro,Europe,7.0,False
C-53972,2023-01-22,2024-04-09,28.18,25,0,Basic,North America,7.0,False
C-53973,2022-10-21,2023-09-25,99.44,14,0,Pro,North America,9.0,False
C-53974,2023-01-21,2025-06-30,87.58,65,0,Pro,Latin America,8.0,False
C-53975,2024-01-12,2025-03-01,81.96,26,3,Pro,Latin America,6.0,False
C-53976,2023-08-31,2023-10-05,27.2,4,0,Basic,North America,4.0,False
C-53977,2022-09-10,2023-05-13,113.97,18,0,Pro,Asia Pacific,8.0,True
C-53978,2025-01-23,2025-05-24,108.48,6,1,Pro,Asia Pacific,7.0,False
C-53979,2023-08-24,2025-06-30,21.98,76,0,Basic,Europe,8.0,False
C-53980,2022-10-14,2025-06-30,202.68,74,2,Enterprise,North America,8.0,False
C-53981,2023-06-05,2025-06-30,32.36,45,0,Basic,Latin America,5.0,True
C-53982,2023-08-27,2024-03-26,36.7,10,2,Basic,North America,5.0,False
C-53983,2024-01-21,2025-04-13,105.96,38,2,Pro,Latin America,6.0,False
C-53984,2023-03-19,2025-06-30,125.61,66,3,Enterprise,Europe,10.0,False
C-53985,2023-11-14,2024-08-11,276.83,22,1,Enterprise,Europe,8.0,False
C-53986,2024-08-21,2024-09-20,84.8,3,0,Pro,Latin America,7.0,True
C-53987,2024-12-21,2025-06-30,24.23,20,2,Basic,Europe,6.0,False
C-53988,2025-01-07,2025-06-30,86.72,9,2,Pro,Asia Pacific,6.0,False
C-53989,2023-01-21,2023-10-29,29.76,24,0,Basic,Latin America,9.0,False
C-53990,2022-06-05,2023-11-11,21.81,43,1,Basic,Europe,7.0,False
C-53991,2025-01-29,2025-06-30,36.5,8,1,Basic,Europe,6.0,False
C-53992,2024-10-15,2025-05-18,163.33,21,1,Enterprise,Latin America,6.0,True
C-53993,2024-03-19,2024-04-18,33.63,1,1,Basic,Asia Pacific,8.0,False
C-53994,2024-10-28,2025-02-10,30.8,6,1,Basic,North America,7.0,True
C-53995,2023-12-27,2024-04-16,37.17,4,2,Basic,North America,10.0,False
C-53996,2022-07-12,2025-01-31,32.95,65,2,Basic,Latin America,6.0,True
C-53997,2023-01-08,2023-11-11,76.13,25,4,Pro,North America,9.0,False
C-53998,2023-04-10,2024-02-22,82.68,22,5,Pro,Latin America,7.0,False
C-53999,2022-07-02,2025-01-02,30.15,60,2,Basic,Asia Pacific,6.0,False
C-54000,2022-12-11,2023-08-03,24.62,14,3,Basic,North America,8.0,False
C-54001,2023-01-18,2025-01-27,212.6,49,2,Enterprise,North America,6.0,True
C-54002,2023-10-05,2023-11-26,35.37,4,4,Basic,Europe,6.0,False
C-54003,2024-10-16,2025-01-24,27.2,8,1,Basic,Asia Pacific,6.0,False
C-54004,2022-11-15,2023-10-29,175.25,27,2,Enterprise,Latin America,7.0,False
C-54005,2023-04-16,2023-12-09,34.27,15,0,Basic,Latin America,7.0,True
C-54006,2023-07-14,2024-09-01,99.99,29,1,Pro,North America,7.0,False
C-54007,2024-07-07,2025-06-30,89.32,25,0,Pro,Europe,6.0,False
C-54008,2023-12-07,2024-01-06,82.49,2,3,Pro,Latin America,7.0,False
C-54009,2024-02-07,2024-03-17,183.5,0,1,Enterprise,Europe,4.0,True
C-54010,2022-12-10,2024-01-02,162.29,25,1,Enterprise,Latin America,8.0,False
C-54011,2022-12-11,2023-04-20,164.61,8,3,Enterprise,Asia Pacific,9.0,True
C-54012,2023-09-06,2024-05-14,86.66,10,2,Pro,Asia Pacific,5.0,False
C-54013,2024-07-23,2025-02-04,,13,4,Pro,Asia Pacific,9.0,False
C-54014,2024-02-16,2024-08-07,30.63,10,2,Basic,Asia Pacific,5.0,True
C-54015,2024-03-14,2024-04-13,160.53,2,0,Enterprise,Latin America,9.0,False
C-54016,2023-01-27,2024-07-09,30.5,42,4,Basic,Asia Pacific,7.0,False
C-54017,2024-08-09,2024-09-18,30.56,3,0,Basic,North America,8.0,False
C-54018,2024-01-30,2024-10-13,28.07,19,0,Basic,Europe,10.0,False
C-54019,2023-12-20,2024-06-28,26.1,16,0,Basic,Asia Pacific,7.0,False
C-54020,2023-08-13,2025-04-30,90.09,32,2,Pro,North America,6.0,False
C-54021,2024-02-27,2025-05-05,278.26,35,0,Enterprise,Asia Pacific,9.0,False
C-54022,2023-12-03,2024-09-02,42.56,19,2,Basic,Latin America,6.0,False
C-54023,2022-11-25,2025-06-30,86.9,83,5,Pro,Europe,6.0,False
C-54024,2024-12-25,2025-04-03,49.29,3,1,Pro,Europe,6.0,False
C-54025,2023-01-29,2023-04-13,26.99,5,3,Basic,Europe,7.0,False
C-54026,2024-01-06,2024-04-28,214.12,8,1,Enterprise,Europe,8.0,False
C-54027,2022-12-06,2023-04-08,191.61,4,1,Enterprise,Europe,7.0,False
C-54028,2023-09-01,2025-06-30,84.12,68,1,Pro,Asia Pacific,9.0,False
C-54029,2023-04-11,2023-11-04,25.21,14,2,Basic,Latin America,8.0,False
C-54030,2024-10-31,2025-06-30,91.91,119,0,Pro,Latin America,10.0,False
C-54031,2023-03-07,2023-05-11,26.21,3,4,Basic,Europe,7.0,False
C-54032,2024-07-23,2025-05-31,182.36,20,0,Enterprise,Latin America,8.0,False
C-54033,2022-11-06,2023-01-23,41.71,4,1,Pro,North America,5.0,False
C-54034,2025-01-16,2025-06-26,98.69,8,3,Pro,Latin America,7.0,False
C-54035,2023-01-11,2023-02-10,86.73,1,2,Pro,North America,9.0,True
C-54036,2024-09-22,2025-06-30,89.36,17,1,Pro,Europe,6.0,False
C-54037,2023-10-04,2025-06-30,33.64,84,5,Basic,Latin America,9.0,False
C-54038,2022-12-19,2025-06-30,170.2,74,1,Enterprise,Latin America,6.0,False
C-54039,2024-08-13,2025-06-30,24.33,17,1,Basic,Europe,9.0,False
C-54040,2023-03-25,2024-02-15,34.09,29,2,Basic,Europe,5.0,False
C-54041,2024-05-29,2025-06-30,59.6,34,0,Pro,Latin America,9.0,False
C-54042,2023-05-12,2023-06-11,23.35,0,0,Basic,Europe,8.0,False
C-54043,2022-09-09,2023-01-22,79.61,6,3,Pro,Asia Pacific,8.0,False
C-54044,2025-01-19,2025-06-30,19.76,79,1,Basic,North America,7.0,True
C-54045,2024-09-06,2025-06-30,19.21,51,1,Basic,Latin America,,True
C-54046,2023-01-14,2024-05-13,34.89,29,3,Basic,North America,6.0,True
C-54047,2024-12-24,2025-06-30,72.57,15,1,Pro,Europe,7.0,False
C-54048,2023-12-31,2024-10-30,24.96,23,2,Basic,Latin America,9.0,False
C-54049,2023-10-20,2023-11-19,95.7,5,2,Pro,Latin America,6.0,False
C-54050,2023-04-04,2024-05-14,197.23,23,2,Enterprise,Europe,8.0,False
C-54051,2022-12-12,2024-04-18,26.49,28,1,Basic,Europe,10.0,True
C-54052,2023-09-19,2024-01-11,73.97,9,0,Pro,North America,8.0,False
C-54053,2024-11-12,2025-03-12,91.84,5,2,Pro,Latin America,5.0,False
C-54054,2023-06-28,2023-12-17,89.76,9,2,Pro,Asia Pacific,8.0,False
C-54055,2023-09-17,2025-06-30,70.1,68,3,Pro,Asia Pacific,10.0,False
C-54056,2023-06-22,2023-07-22,77.92,1,2,Pro,North America,5.0,False
C-54057,2023-01-18,2023-03-16,21.48,1,0,Basic,Asia Pacific,5.0,False
C-54058,2023-06-18,2023-12-21,65.13,16,2,Pro,Europe,4.0,True
C-54059,2024-07-15,2025-06-15,72.94,29,0,Pro,North America,6.0,False
C-54060,2022-12-23,2023-03-24,33.76,7,1,Basic,North America,6.0,False
C-54061,2023-06-11,2023-07-11,,2,1,Basic,North America,8.0,False
C-54062,2023-09-20,2023-11-25,19.33,1,0,Basic,Asia Pacific,9.0,False
C-54063,2024-05-15,2024-08-23,25.47,6,2,Basic,Asia Pacific,9.0,False
C-54064,2022-11-20,2025-06-30,37.25,73,2,Basic,Asia Pacific,7.0,True
C-54065,2023-01-19,2023-07-29,189.68,13,0,Enterprise,Asia Pacific,6.0,False
C-54066,2022-06-03,2022-08-17,202.59,6,0,Enterprise,Asia Pacific,8.0,False
C-54067,2023-02-28,2023-08-30,94.57,14,2,Pro,Asia Pacific,8.0,False
C-54068,2024-04-15,2025-02-03,245.99,18,2,Enterprise,Latin America,8.0,False
C-54069,2023-01-27,2024-06-07,216.32,45,1,Enterprise,North America,4.0,False
C-54070,2024-10-16,2024-11-15,18.74,5,3,Basic,North America,6.0,True
C-54071,2023-05-10,2024-02-21,34.0,19,2,Basic,Latin America,7.0,False
C-54072,2024-02-28,2025-06-30,27.88,48,1,Basic,Europe,8.0,False
C-54073,2024-01-31,2024-04-25,181.1,5,2,Enterprise,Latin America,9.0,False
C-54074,2024-07-18,2025-02-18,28.2,7,2,Basic,Europe,8.0,False
C-54075,2023-12-11,2025-06-30,62.22,45,3,Pro,Asia Pacific,5.0,False
C-54076,2024-11-18,2025-06-30,41.43,31,1,Basic,Asia Pacific,5.0,False
C-54077,2022-11-04,2022-12-04,100.05,0,3,Pro,Latin America,6.0,False
C-54078,2023-07-29,2024-04-08,65.13,15,0,Pro,Latin America,7.0,False
C-54079,2023-11-06,2024-08-30,153.11,24,0,Enterprise,Asia Pacific,10.0,False
C-54080,2022-08-04,2022-09-03,34.88,2,1,Basic,Latin America,,False
C-54081,2024-03-09,2025-06-30,77.18,45,0,Pro,Asia Pacific,6.0,False
C-54082,2022-10-06,2023-07-22,27.48,18,0,Basic,North America,7.0,False
C-54083,2023-06-05,2024-06-20,25.78,20,2,Basic,Asia Pacific,7.0,True
C-54084,2023-04-11,2023-06-09,83.88,4,3,Pro,Asia Pacific,6.0,False
C-54085,2024-06-01,2025-06-30,76.82,43,1,Pro,Asia Pacific,8.0,False
C-54086,2023-07-26,2023-08-25,32.98,0,2,Basic,Asia Pacific,5.0,False
C-54087,2023-08-14,2023-09-13,98.12,2,0,Enterprise,Asia Pacific,6.0,False
C-54088,2023-12-04,2024-05-14,99.79,9,1,Pro,Latin America,8.0,False
C-54089,2022-06-19,2022-09-29,35.05,5,2,Basic,Europe,7.0,False
C-54090,2024-02-03,2024-12-18,30.89,15,0,Basic,Latin America,4.0,False
C-54091,2023-05-08,2023-06-07,25.9,0,4,Basic,Europe,9.0,True
C-54092,2024-10-03,2025-06-30,36.13,31,3,Basic,Europe,6.0,True
C-54093,2024-03-21,2024-09-25,33.59,17,2,Basic,Europe,5.0,False
C-54094,2022-07-17,2023-08-12,22.07,25,0,Basic,North America,4.0,False
C-54095,2024-07-28,2024-10-09,33.63,9,0,Basic,Asia Pacific,8.0,False
C-54096,2022-07-28,2023-05-17,222.08,18,1,Enterprise,North America,6.0,False
C-54097,2022-07-05,2023-04-29,61.6,19,1,Pro,North America,6.0,False
C-54098,2025-01-25,2025-02-24,69.4,2,1,Pro,Latin America,5.0,False
C-54099,2023-06-04,2024-08-31,18.76,29,3,Basic,Latin America,8.0,False
C-54100,2024-10-21,2024-12-21,64.39,4,4,Pro,Asia Pacific,7.0,True
C-54101,2024-06-19,2025-06-30,30.55,32,1,Basic,Latin America,9.0,False
C-54102,2023-08-15,2023-10-21,28.16,4,1,Basic,Latin America,8.0,False
C-54103,2023-08-24,2023-09-23,32.17,1,1,Basic,Latin America,5.0,False
C-54104,2023-11-22,2024-03-22,38.75,6,1,Pro,Asia Pacific,6.0,False
C-54105,2023-03-27,2023-07-04,186.46,3,1,Enterprise,Asia Pacific,8.0,False
C-54106,2023-04-24,2023-06-09,83.94,5,0,Pro,Europe,8.0,False
C-54107,2025-01-14,2025-06-30,73.27,124,4,Pro,Europe,10.0,True
C-54108,2023-02-13,2023-05-18,95.64,5,4,Pro,North America,8.0,False
C-54109,2024-12-14,2025-06-30,83.19,77,2,Pro,North America,5.0,False
C-54110,2023-09-21,2024-11-17,64.37,23,2,Pro,Asia Pacific,7.0,False
C-54111,2024-08-25,2024-12-14,25.41,8,2,Basic,Asia Pacific,8.0,False
C-54112,2022-08-01,2025-06-30,51.85,92,1,Pro,Asia Pacific,6.0,False
C-54113,2024-08-04,2025-03-19,70.95,18,0,Pro,Asia Pacific,5.0,True
C-54114,2023-05-21,2024-08-31,,27,2,Pro,Europe,6.0,False
C-54115,2022-09-16,2022-12-09,,7,2,Basic,Asia Pacific,6.0,False
C-54116,2023-10-02,2024-06-12,92.06,13,3,Pro,Asia Pacific,7.0,False
C-54117,2022-11-01,2024-03-12,189.48,39,0,Enterprise,North America,7.0,True
C-54118,2024-04-17,2025-02-24,66.5,18,0,Pro,Asia Pacific,7.0,True
C-54119,2024-10-20,2024-12-13,45.51,5,2,Pro,Asia Pacific,7.0,False
C-54120,2024-10-07,2025-05-24,79.81,15,2,Pro,Asia Pacific,6.0,False
C-54121,2024-11-28,2025-06-30,26.77,15,2,Basic,Asia Pacific,8.0,False
C-54122,2022-08-30,2023-01-13,29.23,11,1,Basic,Asia Pacific,8.0,False
C-54123,2023-05-11,2023-06-29,28.13,2,0,Basic,Asia Pacific,7.0,False
C-54124,2022-12-31,2023-08-07,174.76,12,3,Enterprise,Asia Pacific,9.0,False
C-54125,2023-11-06,2024-02-21,111.44,5,3,Pro,Asia Pacific,7.0,False
C-54126,2024-05-13,2024-06-20,22.6,5,0,Basic,Asia Pacific,6.0,False
C-54127,2022-08-12,2023-07-23,72.06,20,1,Pro,North America,7.0,False
C-54128,2023-07-18,2023-10-17,17.66,7,0,Basic,North America,8.0,True
C-54129,2022-11-05,2023-01-11,79.07,3,2,Pro,Asia Pacific,9.0,False
C-54130,2023-01-14,2025-06-30,107.75,87,1,Pro,Europe,8.0,False
C-54131,2022-11-01,2023-04-18,97.32,10,1,Pro,Europe,8.0,False
C-54132,2024-06-17,2025-01-01,168.9,21,1,Enterprise,Asia Pacific,7.0,False
C-54133,2022-12-03,2023-04-16,83.37,11,4,Pro,North America,8.0,True
C-54134,2024-05-14,2024-11-06,56.17,12,3,Pro,North America,7.0,False
C-54135,2024-01-19,2024-09-21,53.52,15,1,Pro,Latin America,10.0,False
C-54136,2023-03-29,2023-10-08,77.61,17,2,Pro,Europe,6.0,False
C-54137,2024-12-24,2025-01-23,140.25,3,1,Enterprise,Asia Pacific,8.0,False
C-54138,2024-05-02,2024-12-04,41.69,16,5,Basic,Latin America,10.0,True
C-54139,2024-08-26,2025-06-30,37.56,27,2,Basic,Asia Pacific,6.0,False
C-54140,2023-03-05,2023-08-22,86.17,10,2,Pro,North America,7.0,False
C-54141,2024-12-19,2025-06-30,29.46,93,3,Basic,Asia Pacific,5.0,False
C-54142,2024-01-09,2024-03-18,71.83,2,3,Pro,Europe,8.0,True
C-54143,2022-07-26,2022-12-28,32.98,6,3,Basic,Asia Pacific,6.0,False
C-54144,2024-01-24,2025-06-30,34.54,53,1,Basic,Europe,7.0,False
C-54145,2023-08-19,2025-01-04,89.1,39,0,Pro,Europe,7.0,False
C-54146,2023-08-30,2024-04-17,29.76,9,3,Basic,Asia Pacific,6.0,False
C-54147,2024-10-07,2024-11-06,21.61,3,0,Basic,Latin America,9.0,False
C-54148,2022-08-13,2022-09-15,30.41,0,0,Basic,Europe,4.0,True
C-54149,2023-07-04,2024-08-12,15.49,26,1,Basic,North America,6.0,True
C-54150,2024-05-10,2024-07-28,45.34,8,0,Pro,North America,8.0,False
C-54151,2023-08-25,2023-09-26,30.5,1,0,Basic,North America,8.0,False
C-54152,2022-07-28,2025-04-17,39.84,74,3,Basic,Asia Pacific,8.0,True
C-54153,2024-06-10,2025-06-30,273.15,106,3,Enterprise,Asia Pacific,5.0,False
C-54154,2024-12-15,2025-02-23,254.79,5,1,Enterprise,Europe,9.0,False
C-54155,2023-01-05,2023-02-04,64.13,3,0,Pro,Latin America,7.0,False
C-54156,2023-08-10,2024-08-27,217.27,29,1,Enterprise,Europe,8.0,False
C-54157,2024-06-16,2024-07-23,25.5,3,2,Basic,Asia Pacific,9.0,False
C-54158,2024-06-30,2025-06-30,48.15,51,1,Pro,Asia Pacific,6.0,False
C-54159,2024-06-24,2024-09-26,73.57,6,0,Pro,Europe,8.0,False
C-54160,2024-03-25,2024-04-24,30.45,1,2,Basic,North America,5.0,False
C-54161,2023-06-27,2023-09-28,29.45,11,1,Basic,Asia Pacific,8.0,True
C-54162,2022-10-13,2025-06-30,25.39,62,0,Basic,Europe,5.0,False
C-54163,2023-01-17,2025-06-30,72.98,94,0,Pro,Europe,8.0,False
C-54164,2024-08-04,2025-06-30,68.93,19,0,Pro,Latin America,7.0,False
C-54165,2024-06-23,2024-07-23,76.32,2,3,Pro,North America,5.0,False
C-54166,2025-01-09,2025-06-30,27.89,26,0,Basic,Asia Pacific,7.0,False
C-54167,2023-12-25,2025-06-30,201.62,47,1,Enterprise,Asia Pacific,10.0,True
C-54168,2023-10-23,2023-11-22,38.25,1,1,Basic,Asia Pacific,10.0,True
C-54169,2024-01-12,2025-05-05,92.52,21,0,Pro,North America,7.0,True
C-54170,2024-12-28,2025-06-30,19.57,37,1,Basic,Latin America,5.0,False
C-54171,2023-08-12,2023-10-09,29.31,4,2,Basic,North America,5.0,False
C-54172,2022-08-16,2022-09-15,27.0,3,3,Basic,Europe,5.0,False
C-54173,2024-07-30,2025-06-30,95.4,48,1,Pro,Latin America,8.0,True
C-54174,2023-10-06,2024-03-09,239.05,6,2,Enterprise,Latin America,6.0,True
C-54175,2022-06-12,2022-08-22,61.66,5,2,Pro,Europe,10.0,False
C-54176,2024-03-03,2025-06-30,,21,2,Pro,Latin America,4.0,False
C-54177,2023-09-15,2024-01-25,85.41,3,1,Pro,Europe,6.0,True
C-54178,2023-06-14,2024-02-29,82.03,20,0,Pro,North America,8.0,False
C-54179,2024-02-02,2024-03-27,24.52,3,1,Basic,North America,7.0,False
C-54180,2025-01-09,2025-06-30,103.9,21,2,Pro,Europe,7.0,False
C-54181,2023-10-23,2025-06-30,227.11,54,0,Enterprise,Europe,10.0,False
C-54182,2023-10-06,2023-12-05,31.55,7,0,Basic,Asia Pacific,5.0,False
C-54183,2022-07-29,2022-09-08,24.17,3,0,Basic,Europe,,True
C-54184,2023-04-14,2023-10-08,65.25,12,3,Pro,Asia Pacific,8.0,False
C-54185,2022-12-16,2025-06-30,85.33,76,0,Pro,Europe,9.0,False
C-54186,2023-11-10,2024-01-17,25.05,7,0,Basic,Latin America,6.0,False
C-54187,2022-09-16,2022-10-31,29.05,2,1,Basic,Latin America,6.0,True
C-54188,2023-10-19,2024-06-20,33.87,17,3,Basic,North America,8.0,False
C-54189,2023-03-03,2025-06-30,74.97,58,2,Pro,Europe,7.0,True
C-54190,2023-05-30,2024-10-10,21.1,31,2,Basic,Europe,5.0,False
C-54191,2022-09-12,2023-08-11,30.16,26,0,Basic,Europe,6.0,True
C-54192,2024-03-28,2025-06-30,257.43,49,2,Enterprise,Latin America,8.0,False
C-54193,2022-07-05,2024-05-08,94.13,37,3,Pro,Asia Pacific,6.0,False
C-54194,2022-11-13,2023-01-10,26.16,5,0,Basic,Asia Pacific,8.0,False
C-54195,2022-07-27,2023-11-07,37.61,26,4,Basic,Latin America,9.0,True
C-54196,2023-10-04,2024-09-05,30.94,17,1,Basic,Latin America,10.0,False
C-54197,2023-02-26,2023-10-13,70.43,20,2,Pro,North America,7.0,False
C-54198,2024-06-25,2025-06-30,21.88,43,0,Basic,Latin America,7.0,False
C-54199,2023-01-21,2025-06-30,22.58,55,0,Basic,Europe,7.0,False
C-54200,2022-10-04,2023-09-18,28.98,14,3,Basic,North America,6.0,True
C-54201,2023-12-26,2025-02-06,32.48,29,1,Basic,Latin America,8.0,False
C-54202,2023-11-08,2025-06-30,28.68,37,2,Basic,Asia Pacific,7.0,True
C-54203,2024-12-10,2025-01-09,17.83,3,1,Basic,Europe,8.0,False
C-54204,2024-02-07,2024-05-11,28.8,1,2,Basic,North America,5.0,False
C-54205,2023-05-16,2025-05-17,35.73,47,4,Basic,Europe,6.0,False
C-54206,2023-12-15,2024-05-26,90.28,13,1,Pro,Latin America,4.0,True
C-54207,2024-06-27,2024-08-08,84.08,5,3,Pro,Latin America,7.0,True
C-54208,2024-09-20,2024-10-20,24.29,6,0,Basic,North America,6.0,False
C-54209,2023-01-09,2024-01-16,184.55,24,1,Enterprise,Europe,5.0,True
C-54210,2024-08-14,2024-12-30,29.11,5,1,Basic,Europe,5.0,False
C-54211,2024-11-19,2025-06-30,39.69,31,2,Pro,Asia Pacific,6.0,False
C-54212,2024-01-27,2025-01-05,25.75,31,1,Basic,North America,,True
C-54213,2025-01-01,2025-06-30,30.86,16,3,Basic,North America,7.0,False
C-54214,2024-06-13,2024-12-14,96.02,13,0,Pro,North America,8.0,False
C-54215,2024-02-15,2024-09-12,18.73,10,4,Basic,Latin America,8.0,False
C-54216,2022-11-14,2023-04-03,22.29,6,0,Basic,Asia Pacific,7.0,False
C-54217,2023-01-24,2023-12-23,22.39,17,1,Basic,Europe,7.0,True
C-54218,2024-07-18,2024-09-14,27.94,4,1,Basic,Latin America,8.0,False
C-54219,2022-07-27,2022-11-19,199.41,10,2,Enterprise,Europe,8.0,False
C-54220,2024-10-03,2025-06-30,207.73,38,1,Enterprise,North America,5.0,False
C-54221,2024-07-09,2025-06-30,60.79,32,1,Pro,Latin America,7.0,False
C-54222,2024-03-22,2025-06-30,55.23,27,1,Pro,Asia Pacific,7.0,False
C-54223,2023-09-28,2023-10-28,36.62,1,2,Basic,Asia Pacific,7.0,True
C-54224,2022-11-18,2022-12-18,35.19,0,1,Basic,Asia Pacific,9.0,False
C-54225,2024-02-24,2024-08-13,25.92,13,2,Basic,Asia Pacific,9.0,False
C-54226,2024-02-04,2024-07-05,28.42,10,2,Basic,Latin America,6.0,True
C-54227,2023-09-27,2023-11-01,76.83,4,3,Pro,Latin America,7.0,False
C-54228,2023-02-18,2024-01-08,29.4,17,1,Basic,Asia Pacific,7.0,False
C-54229,2022-12-27,2023-11-19,21.87,19,2,Basic,North America,9.0,False
C-54230,2024-05-02,2025-06-30,89.48,20,1,Pro,Asia Pacific,5.0,False
C-54231,2023-03-07,2024-05-04,87.45,32,0,Pro,Asia Pacific,8.0,False
C-54232,2024-12-29,2025-06-30,71.58,18,1,Pro,North America,7.0,False
C-54233,2023-10-08,2025-06-30,120.73,47,2,Enterprise,Europe,8.0,False
C-54234,2023-12-26,2024-07-14,26.91,15,0,Basic,Latin America,3.0,True
C-54235,2024-05-09,2024-08-14,25.17,7,2,Basic,North America,9.0,False
C-54236,2022-12-16,2023-02-15,100.46,3,4,Pro,Europe,9.0,False
C-54237,2023-10-15,2024-02-13,80.46,3,0,Pro,North America,8.0,False
C-54238,2023-02-22,2023-11-22,28.57,21,0,Basic,Europe,7.0,True
C-54239,2024-06-16,2024-07-16,30.76,0,1,Basic,Latin America,,False
C-54240,2023-05-01,2025-01-17,83.02,37,1,Pro,Europe,6.0,False
C-54241,2023-05-01,2025-01-02,105.02,35,1,Pro,Europe,7.0,True
C-54242,2022-10-26,2025-04-01,210.22,58,2,Enterprise,North America,8.0,False
C-54243,2024-10-25,2024-12-09,223.15,3,0,Enterprise,Asia Pacific,9.0,False
C-54244,2022-11-15,2023-01-06,73.64,9,2,Pro,Europe,6.0,False
C-54245,2023-06-11,2025-06-30,151.02,121,2,Enterprise,North America,8.0,False
C-54246,2022-08-16,2022-09-15,252.0,1,0,Enterprise,Asia Pacific,8.0,False
C-54247,2022-10-30,2023-03-27,87.85,5,3,Pro,Asia Pacific,5.0,False
C-54248,2024-06-30,2025-06-30,85.41,34,0,Pro,Europe,5.0,False
C-54249,2022-06-07,2022-07-07,23.06,2,1,Basic,North America,8.0,False
C-54250,2023-04-05,2025-06-30,64.97,55,4,Pro,Europe,8.0,True
C-54251,2024-05-07,2025-06-30,107.66,29,1,Pro,North America,8.0,False
C-54252,2023-07-25,2023-09-02,34.02,4,1,Basic,Europe,6.0,False
C-54253,2023-04-27,2025-06-30,93.31,57,2,Pro,Europe,5.0,False
C-54254,2024-10-03,2024-11-02,151.2,0,2,Enterprise,North America,8.0,False
C-54255,2024-10-14,2025-04-22,62.01,12,0,Pro,Europe,8.0,False
C-54256,2022-09-03,2023-04-10,31.87,16,0,Basic,Asia Pacific,6.0,True
C-54257,2023-08-25,2023-10-27,46.79,4,4,Pro,North America,6.0,True
C-54258,2025-01-20,2025-06-30,40.29,78,3,Pro,Latin America,6.0,False
C-54259,2023-02-16,2023-03-18,86.72,3,2,Pro,Latin America,6.0,False
C-54260,2023-04-05,2023-12-23,58.08,20,5,Pro,Asia Pacific,8.0,False
C-54261,2023-02-14,2023-08-08,184.65,15,1,Enterprise,Asia Pacific,7.0,True
C-54262,2024-08-09,2025-06-30,39.92,34,0,Basic,Europe,9.0,False
C-54263,2024-10-28,2025-06-30,217.37,23,1,Enterprise,Europe,5.0,False
C-54264,2022-11-02,2023-05-01,83.03,10,1,Pro,North America,5.0,False
C-54265,2022-10-22,2025-06-30,36.53,121,2,Basic,North America,5.0,False
C-54266,2023-07-07,2024-11-07,23.84,33,2,Basic,North America,9.0,True
C-54267,2023-04-03,2023-07-23,,5,1,Basic,Latin America,6.0,True
C-54268,2023-09-10,2025-05-22,194.55,46,1,Enterprise,Europe,9.0,False
C-54269,2023-02-05,2023-04-10,27.56,5,0,Basic,North America,10.0,True
C-54270,2023-09-06,2025-06-30,35.0,65,1,Basic,Latin America,6.0,False
C-54271,2024-01-18,2024-05-26,97.04,13,1,Pro,Latin America,9.0,False
C-54272,2023-02-26,2025-06-21,236.24,55,3,Enterprise,North America,5.0,True
C-54273,2022-08-14,2023-05-23,192.39,21,4,Enterprise,North America,8.0,True
C-54274,2024-03-26,2025-06-30,32.93,49,3,Basic,Asia Pacific,9.0,False
C-54275,2024-10-19,2024-11-18,39.34,2,2,Basic,Asia Pacific,7.0,False
C-54276,2022-07-06,2022-09-10,20.98,6,2,Basic,Latin America,9.0,False
C-54277,2024-10-24,2025-06-30,86.3,34,0,Pro,Asia Pacific,4.0,False
C-54278,2022-08-31,2023-06-10,31.23,21,1,Basic,Latin America,8.0,True
C-54279,2023-02-27,2025-06-30,28.4,53,0,Basic,Asia Pacific,5.0,False
C-54280,2024-02-22,2024-08-01,24.89,11,1,Basic,Asia Pacific,5.0,True
C-54281,2022-12-22,2023-05-29,7.61,10,2,Basic,North America,6.0,True
C-54282,2024-02-23,2025-06-30,24.56,52,2,Basic,North America,6.0,False
C-54283,2022-11-17,2025-06-25,207.21,51,0,Enterprise,Europe,7.0,False
C-54284,2024-12-22,2025-02-21,27.23,7,1,Basic,Europe,7.0,True
C-54285,2024-01-03,2024-06-01,20.44,11,5,Basic,North America,4.0,True
C-54286,2022-06-09,2022-10-06,209.99,9,1,Enterprise,Asia Pacific,7.0,True
C-54287,2022-12-24,2023-05-05,30.76,7,1,Basic,Asia Pacific,8.0,True
C-54288,2024-05-04,2025-06-30,198.23,43,2,Enterprise,Asia Pacific,7.0,False
C-54289,2023-05-15,2023-08-02,28.47,6,0,Basic,Europe,6.0,True
C-54290,2024-09-28,2025-01-20,92.26,7,1,Pro,Europe,9.0,False
C-54291,2024-05-03,2025-06-30,264.03,63,0,Enterprise,North America,7.0,False
C-54292,2024-07-17,2025-06-30,15.42,30,1,Basic,Latin America,6.0,False
C-54293,2023-08-06,2025-06-30,24.05,64,1,Basic,Europe,7.0,False
C-54294,2023-04-26,2023-06-23,270.02,3,1,Enterprise,Europe,7.0,True
C-54295,2024-02-07,2025-06-30,216.18,32,3,Enterprise,Asia Pacific,8.0,False
C-54296,2024-07-10,2024-08-09,78.45,3,3,Pro,Latin America,7.0,False
C-54297,2022-06-18,2023-05-28,66.0,24,0,Pro,Asia Pacific,8.0,False
C-54298,2023-03-26,2025-06-30,32.2,97,1,Basic,Europe,5.0,False
C-54299,2024-12-18,2025-06-30,22.63,45,1,Basic,Latin America,6.0,False
C-54300,2024-10-09,2025-06-30,78.69,107,2,Pro,North America,9.0,False
C-54301,2024-09-28,2024-11-22,79.69,6,1,Pro,Europe,8.0,False
C-54302,2023-08-12,2025-06-30,31.48,76,1,Basic,Latin America,6.0,True
C-54303,2022-12-23,2024-07-22,22.52,40,2,Basic,Asia Pacific,7.0,False
C-54304,2022-06-18,2022-10-07,28.69,7,0,Basic,North America,7.0,False
C-54305,2023-07-04,2025-05-14,75.42,51,3,Pro,Asia Pacific,5.0,False
C-54306,2023-04-10,2023-05-10,50.0,1,3,Pro,Latin America,6.0,False
C-54307,2023-07-30,2023-10-27,77.65,5,4,Pro,Latin America,4.0,False
C-54308,2023-06-21,2024-05-27,143.97,23,2,Enterprise,Latin America,9.0,False
C-54309,2024-08-15,2025-04-06,30.33,16,1,Basic,North America,6.0,True
C-54310,2023-10-07,2023-11-06,28.43,1,0,Basic,Asia Pacific,7.0,False
C-54311,2023-12-11,2025-06-30,136.59,81,0,Enterprise,Europe,6.0,False
C-54312,2024-08-08,2025-06-30,34.58,16,2,Basic,Asia Pacific,10.0,False
C-54313,2023-10-29,2025-06-30,36.63,107,1,Basic,North America,7.0,True
C-54314,2024-08-07,2025-03-14,31.63,18,2,Basic,Latin America,7.0,False
C-54315,2024-09-11,2024-10-11,42.22,1,2,Basic,Europe,8.0,False
C-54316,2024-04-27,2025-06-30,33.11,38,2,Basic,North America,7.0,True
C-54317,2023-06-24,2024-09-25,30.11,38,3,Basic,Asia Pacific,8.0,False
C-54318,2024-06-16,2025-01-28,27.63,19,1,Basic,Europe,9.0,False
C-54319,2022-10-09,2024-03-01,221.78,26,1,Enterprise,Asia Pacific,9.0,False
C-54320,2022-06-02,2023-05-22,135.86,26,1,Enterprise,Asia Pacific,4.0,False
C-54321,2022-09-19,2023-03-05,28.43,11,0,Basic,Europe,6.0,False
C-54322,2023-01-11,2023-08-05,28.32,11,4,Basic,Europe,6.0,False
C-54323,2022-08-05,2024-06-01,53.01,43,1,Pro,Latin America,,False
C-54324,2024-11-26,2025-06-30,35.93,28,1,Basic,Asia Pacific,7.0,False
C-54325,2022-06-01,2023-03-30,77.59,21,1,Pro,North America,9.0,False
C-54326,2024-02-19,2024-05-07,98.64,5,0,Pro,Europe,8.0,True
C-54327,2023-07-04,2024-02-26,93.74,16,1,Pro,Europe,,False
C-54328,2022-08-09,2022-11-15,176.97,6,2,Enterprise,Europe,8.0,False
C-54329,2023-03-23,2025-06-30,222.87,108,3,Enterprise,North America,10.0,True
C-54330,2024-03-07,2025-05-02,31.6,26,5,Basic,Europe,8.0,True
C-54331,2024-03-05,2024-05-18,81.37,5,1,Pro,Europe,7.0,False
C-54332,2024-07-13,2025-03-02,28.55,15,1,Basic,Latin America,6.0,False
C-54333,2023-06-19,2023-09-09,30.86,9,1,Basic,North America,7.0,False
C-54334,2024-05-20,2025-03-04,19.46,15,4,Basic,Latin America,6.0,False
C-54335,2023-09-09,2024-07-10,26.85,26,3,Basic,Europe,4.0,False
C-54336,2024-12-31,2025-04-03,92.74,4,2,Pro,Latin America,8.0,True
C-54337,2023-11-04,2024-06-14,23.91,14,2,Basic,Europe,8.0,False
C-54338,2022-08-24,2022-11-16,24.45,6,1,Basic,North America,6.0,False
C-54339,2024-07-31,2025-06-30,80.87,31,1,Pro,Europe,6.0,True
C-54340,2022-08-19,2023-01-18,202.5,7,4,Enterprise,North America,8.0,False
C-54341,2022-10-12,2024-08-06,206.97,44,3,Enterprise,Latin America,5.0,False
C-54342,2024-11-30,2025-06-30,23.4,39,1,Basic,North America,6.0,False
C-54343,2022-12-31,2023-12-18,67.24,31,0,Pro,Asia Pacific,7.0,False
C-54344,2023-03-08,2023-07-03,25.42,6,1,Basic,Asia Pacific,8.0,False
C-54345,2022-10-01,2023-08-13,191.95,15,1,Enterprise,Europe,9.0,True
C-54346,2024-11-29,2025-06-27,91.03,10,1,Enterprise,Latin America,6.0,False
C-54347,2023-10-14,2024-05-16,18.46,21,0,Basic,Europe,7.0,False
C-54348,2023-09-05,2023-10-19,36.29,3,0,Basic,Europe,7.0,False
C-54349,2024-12-01,2025-01-24,62.0,0,1,Pro,Asia Pacific,8.0,False
C-54350,2024-01-12,2025-06-06,86.92,29,2,Pro,Europe,8.0,False
C-54351,2022-06-02,2023-03-31,55.45,21,1,Pro,Europe,5.0,False
C-54352,2023-04-12,2023-10-10,21.53,13,1,Basic,Europe,7.0,False
C-54353,2022-11-21,2023-09-24,25.39,19,2,Basic,Asia Pacific,5.0,True
C-54354,2023-02-04,2023-03-22,36.05,5,1,Basic,Asia Pacific,6.0,False
C-54355,2024-06-12,2024-10-04,20.21,7,0,Basic,Asia Pacific,8.0,False
C-54356,2024-09-06,2024-12-04,28.0,5,2,Basic,Europe,4.0,True
C-54357,2023-08-23,2023-09-30,33.89,1,3,Basic,North America,6.0,True
C-54358,2024-01-29,2025-04-01,,28,3,Pro,North America,,False
C-54359,2024-08-30,2025-04-20,33.8,10,3,Basic,Asia Pacific,6.0,False
C-54360,2023-03-09,2023-04-08,32.98,2,1,Basic,Europe,6.0,False
C-54361,2023-04-23,2023-08-29,37.85,10,4,Basic,Asia Pacific,3.0,False
C-54362,2023-01-31,2023-04-02,30.08,3,3,Basic,Latin America,5.0,False
C-54363,2024-05-26,2024-08-23,57.7,5,1,Pro,North America,8.0,False
C-54364,2024-12-17,2025-03-28,92.22,6,0,Pro,Europe,10.0,False
C-54365,2024-11-20,2025-05-18,28.48,13,2,Basic,Europe,7.0,True
C-54366,2024-01-31,2025-04-12,65.11,31,3,Pro,Asia Pacific,7.0,False
C-54367,2023-05-21,2023-09-17,160.25,10,0,Enterprise,Asia Pacific,7.0,True
C-54368,2023-02-07,2023-07-05,38.51,15,3,Basic,Asia Pacific,7.0,False
C-54369,2023-03-22,2023-07-19,24.13,10,1,Basic,Latin America,8.0,False
C-54370,2024-01-06,2024-06-30,23.73,9,1,Basic,North America,7.0,True
C-54371,2025-01-08,2025-05-24,36.7,7,1,Basic,Latin America,6.0,False
C-54372,2023-04-22,2023-09-21,31.0,9,1,Basic,Latin America,9.0,False
C-54373,2023-04-27,2023-09-25,17.34,8,1,Basic,Europe,7.0,False
C-54374,2023-03-22,2023-07-04,268.33,8,3,Enterprise,Asia Pacific,8.0,False
C-54375,2023-05-15,2025-06-30,96.62,63,1,Pro,Latin America,7.0,False
C-54376,2023-08-06,2024-06-18,48.92,22,2,Pro,North America,8.0,False
C-54377,2024-04-24,2025-06-30,111.5,70,3,Pro,Asia Pacific,9.0,False
C-54378,2022-07-18,2022-12-06,36.98,3,5,Basic,Asia Pacific,6.0,False
C-54379,2022-08-22,2024-10-16,255.85,65,0,Enterprise,Latin America,8.0,False
C-54380,2024-06-28,2025-03-11,68.17,7,0,Pro,Europe,,False
C-54381,2024-04-12,2024-05-12,89.91,4,1,Pro,Asia Pacific,9.0,False
C-54382,2024-10-03,2025-02-02,219.75,3,3,Enterprise,Asia Pacific,8.0,True
C-54383,2024-04-20,2025-01-14,123.95,20,1,Enterprise,North America,7.0,True
C-54384,2023-11-11,2024-01-10,172.02,6,2,Enterprise,Latin America,6.0,False
C-54385,2023-04-05,2025-06-30,25.5,83,5,Basic,Asia Pacific,7.0,False
C-54386,2023-11-15,2024-05-09,36.92,8,0,Basic,Asia Pacific,6.0,False
C-54387,2024-05-26,2025-06-27,90.78,16,2,Pro,Asia Pacific,6.0,False
C-54388,2024-01-08,2024-06-13,24.06,9,0,Basic,Europe,8.0,False
C-54389,2024-12-03,2025-02-11,167.92,11,2,Enterprise,North America,7.0,False
C-54390,2024-09-16,2025-01-19,278.88,9,3,Enterprise,Asia Pacific,6.0,False
C-54391,2022-10-19,2024-04-23,57.8,42,0,Pro,Asia Pacific,8.0,False
C-54392,2025-01-28,2025-02-27,27.83,1,1,Basic,Asia Pacific,6.0,False
C-54393,2022-12-10,2023-12-20,22.44,20,3,Basic,Latin America,8.0,False
C-54394,2024-08-18,2025-06-30,187.1,53,1,Enterprise,Europe,7.0,False
C-54395,2022-10-27,2023-04-11,101.0,8,1,Pro,Europe,,True
C-54396,2023-05-17,2025-06-30,200.95,68,3,Enterprise,North America,6.0,False
C-54397,2023-10-27,2024-12-22,75.77,36,3,Pro,Latin America,8.0,False
C-54398,2023-09-28,2025-04-18,29.08,38,1,Basic,Asia Pacific,5.0,True
C-54399,2022-08-30,2025-06-30,206.83,75,2,Enterprise,Latin America,5.0,False
C-54400,2024-08-27,2024-09-26,21.86,2,1,Basic,Europe,6.0,False
C-54401,2023-03-09,2023-04-08,29.88,4,1,Basic,Latin America,5.0,False
C-54402,2023-08-15,2024-08-12,77.16,24,2,Pro,Latin America,5.0,False
C-54403,2024-02-09,2024-07-19,80.22,9,0,Pro,Europe,9.0,False
C-54404,2022-07-13,2023-02-18,74.21,18,2,Pro,Latin America,7.0,False
C-54405,2024-11-07,2025-06-30,28.89,46,1,Basic,North America,6.0,True
C-54406,2024-01-12,2024-08-08,73.6,16,0,Pro,Europe,8.0,False
C-54407,2023-09-01,2024-06-09,87.04,13,2,Pro,Asia Pacific,6.0,False
C-54408,2023-08-26,2024-07-31,101.14,26,1,Pro,Europe,5.0,False
C-54409,2023-12-31,2024-07-08,35.19,9,0,Basic,North America,7.0,False
C-54410,2024-09-15,2024-12-13,36.5,2,4,Basic,Europe,9.0,True
C-54411,2022-10-15,2023-03-27,61.73,9,1,Pro,Latin America,9.0,False
C-54412,2023-10-16,2024-11-13,31.04,16,2,Basic,North America,6.0,True
C-54413,2023-04-24,2024-11-09,33.18,38,1,Basic,Europe,7.0,False
C-54414,2024-11-17,2025-06-30,36.76,41,0,Basic,Latin America,7.0,False
C-54415,2022-11-24,2023-02-22,35.19,7,0,Basic,North America,6.0,False
C-54416,2023-08-31,2023-11-19,197.33,8,1,Enterprise,Latin America,6.0,False
C-54417,2023-06-22,2025-06-30,207.75,71,1,Enterprise,Europe,8.0,False
C-54418,2023-06-25,2023-08-01,26.02,2,3,Basic,North America,6.0,False
C-54419,2023-12-16,2025-06-30,28.19,52,4,Basic,Latin America,4.0,True
C-54420,2023-11-04,2025-06-30,55.31,46,0,Pro,Latin America,8.0,False
C-54421,2022-10-02,2024-06-04,19.6,38,0,Basic,Asia Pacific,9.0,False
C-54422,2022-08-01,2024-10-22,64.33,42,2,Pro,Europe,7.0,False
C-54423,2024-10-19,2025-06-30,57.84,25,0,Pro,Asia Pacific,8.0,False
C-54424,2024-08-02,2024-09-12,27.38,3,0,Basic,North America,6.0,False
C-54425,2023-02-24,2023-05-27,217.93,5,1,Enterprise,Asia Pacific,,False
C-54426,2023-12-25,2024-07-21,27.33,10,1,Basic,Latin America,8.0,False
C-54427,2023-01-03,2023-03-10,20.39,3,1,Basic,Asia Pacific,8.0,False
C-54428,2023-12-04,2025-06-30,82.89,48,0,Pro,Asia Pacific,8.0,True
C-54429,2023-06-28,2024-11-30,29.28,42,1,Basic,North America,8.0,False
C-54430,2023-07-20,2023-09-01,25.29,1,2,Basic,Asia Pacific,6.0,False
C-54431,2023-07-21,2024-01-03,104.42,10,2,Pro,Latin America,7.0,False
C-54432,2023-09-05,2025-01-22,31.76,35,1,Basic,Latin America,6.0,False
C-54433,2022-11-09,2023-10-13,29.81,18,4,Basic,North America,5.0,True
C-54434,2023-05-10,2023-12-13,23.45,19,1,Basic,Asia Pacific,6.0,False
C-54435,2024-05-12,2024-12-01,70.41,12,2,Pro,North America,6.0,False
C-54436,2024-02-12,2025-06-26,26.52,32,3,Basic,Asia Pacific,9.0,False
C-54437,2022-07-25,2023-03-29,34.21,11,1,Basic,Europe,7.0,True
C-54438,2025-01-26,2025-06-30,29.76,16,0,Basic,Asia Pacific,7.0,False
C-54439,2024-10-13,2025-06-30,71.4,47,2,Pro,Europe,6.0,False
C-54440,2024-10-10,2025-02-09,23.24,8,0,Basic,North America,7.0,False
C-54441,2024-08-13,2025-06-30,83.78,31,1,Pro,Europe,7.0,False
C-54442,2025-01-17,2025-03-18,27.32,4,0,Basic,North America,9.0,False
C-54443,2024-11-27,2025-06-30,85.61,46,1,Pro,Asia Pacific,9.0,False
C-54444,2023-04-14,2025-06-30,41.44,95,1,Basic,North America,8.0,False
C-54445,2022-12-20,2024-04-21,25.9,31,2,Basic,Latin America,5.0,False
C-54446,2024-06-04,2024-07-04,27.14,2,1,Basic,Asia Pacific,8.0,False
C-54447,2024-12-30,2025-06-03,95.07,11,1,Pro,Latin America,7.0,False
C-54448,2023-09-28,2024-09-02,80.99,24,2,Pro,Asia Pacific,4.0,True
C-54449,2023-04-29,2025-06-30,98.05,116,1,Pro,North America,7.0,False
C-54450,2024-11-29,2025-01-18,86.32,2,2,Pro,Latin America,8.0,False
C-54451,2023-10-30,2024-09-03,175.74,17,1,Enterprise,Europe,7.0,False
C-54452,2022-07-31,2023-12-05,20.24,33,0,Basic,Latin America,7.0,False
C-54453,2022-10-04,2023-01-02,69.6,4,3,Pro,Latin America,6.0,False
C-54454,2023-11-14,2024-01-19,50.48,2,1,Pro,Latin America,5.0,True
C-54455,2023-08-18,2023-10-30,56.78,4,2,Pro,North America,9.0,False
C-54456,2024-11-14,2025-06-04,30.01,15,0,Basic,Asia Pacific,8.0,False
C-54457,2022-12-18,2023-11-20,89.97,18,0,Pro,Europe,5.0,False
C-54458,2024-09-05,2025-02-20,30.48,9,1,Basic,North America,9.0,False
C-54459,2024-12-19,2025-06-30,31.19,14,1,Basic,Europe,7.0,False
C-54460,2022-12-28,2023-07-26,25.48,15,5,Basic,Latin America,8.0,False
C-54461,2024-07-09,2025-06-30,27.55,27,1,Basic,Latin America,5.0,True
C-54462,2022-06-11,2023-04-13,76.43,24,1,Pro,Latin America,5.0,True
C-54463,2023-12-23,2025-01-01,31.36,27,1,Basic,Latin America,6.0,False
C-54464,2024-08-23,2024-09-29,23.31,6,0,Basic,Latin America,6.0,False
C-54465,2024-01-16,2024-03-08,20.66,3,1,Basic,Latin America,8.0,False
C-54466,2024-08-09,2025-06-30,32.5,69,0,Basic,Europe,7.0,False
C-54467,2022-11-26,2023-11-28,98.68,17,3,Pro,Asia Pacific,7.0,False
C-54468,2024-08-05,2024-09-28,70.31,4,1,Pro,Asia Pacific,9.0,False
C-54469,2023-06-28,2024-01-30,24.75,13,2,Basic,Latin America,8.0,False
C-54470,2024-10-09,2025-06-30,66.59,33,0,Pro,North America,7.0,False
C-54471,2023-07-26,2025-06-30,24.02,51,4,Basic,Asia Pacific,9.0,True
C-54472,2023-10-09,2024-12-03,24.38,30,2,Basic,North America,7.0,True
C-54473,2024-02-01,2024-03-02,34.65,8,0,Basic,North America,7.0,False
C-54474,2024-08-19,2025-02-20,173.96,11,1,Enterprise,Asia Pacific,7.0,False
C-54475,2023-09-03,2024-04-23,70.26,20,1,Pro,Asia Pacific,8.0,False
C-54476,2022-10-16,2025-06-30,55.67,89,0,Pro,Latin America,7.0,True
C-54477,2022-12-19,2023-10-14,93.85,14,0,Pro,Latin America,8.0,False
C-54478,2023-12-14,2024-01-13,33.71,2,1,Basic,Europe,7.0,False
C-54479,2025-01-10,2025-06-30,24.92,26,2,Basic,Latin America,9.0,False
C-54480,2024-02-02,2025-06-29,285.1,29,3,Enterprise,North America,7.0,False
C-54481,2024-07-11,2024-08-10,26.97,1,0,Basic,Europe,5.0,False
C-54482,2022-09-12,2023-01-16,107.7,8,3,Pro,North America,6.0,True
C-54483,2022-07-18,2025-04-17,65.75,65,1,Pro,Europe,7.0,False
C-54484,2023-06-21,2024-04-05,24.51,21,1,Basic,Latin America,3.0,True
C-54485,2022-11-08,2023-10-25,86.07,33,1,Pro,Asia Pacific,9.0,False
C-54486,2022-06-17,2023-07-27,82.76,25,1,Pro,Latin America,8.0,False
C-54487,2023-02-03,2023-03-05,28.31,4,0,Basic,Europe,5.0,False
C-54488,2023-05-06,2023-07-03,259.74,1,1,Enterprise,North America,8.0,False
C-54489,2024-01-26,2024-03-02,29.31,2,0,Basic,North America,7.0,False
C-54490,2024-02-10,2024-03-11,272.08,4,3,Enterprise,Europe,7.0,False
C-54491,2024-01-02,2024-03-15,213.52,1,1,Enterprise,Asia Pacific,8.0,False
C-54492,2025-01-14,2025-06-30,22.98,19,1,Basic,North America,5.0,True
C-54493,2022-11-27,2023-04-23,165.68,18,3,Enterprise,North America,6.0,False
C-54494,2024-04-08,2024-05-08,34.68,1,2,Basic,North America,6.0,False
C-54495,2024-03-15,2024-07-15,68.95,6,0,Pro,Europe,9.0,False
C-54496,2023-09-09,2025-05-22,37.77,42,0,Basic,North America,7.0,True
C-54497,2022-07-28,2022-08-27,26.7,5,1,Basic,Latin America,6.0,False
C-54498,2024-09-03,2024-11-03,186.78,8,1,Enterprise,Latin America,7.0,False
C-54499,2024-02-09,2024-07-14,33.34,7,0,Basic,Asia Pacific,4.0,False
C-54500,2025-01-15,2025-06-23,79.54,11,0,Pro,Latin America,6.0,True
C-54501,2024-02-26,2024-09-15,83.37,14,1,Pro,Latin America,8.0,False
C-54502,2024-12-17,2025-06-30,42.72,40,3,Basic,Asia Pacific,7.0,False
C-54503,2022-08-18,2024-07-08,90.66,56,0,Pro,Europe,7.0,False
C-54504,2024-11-25,2025-01-05,26.83,2,2,Basic,North America,7.0,True
C-54505,2024-08-27,2025-06-30,35.08,25,1,Basic,Europe,3.0,True
C-54506,2022-07-20,2022-11-01,107.06,7,0,Enterprise,Europe,9.0,False
C-54507,2022-07-06,2023-02-14,83.71,20,0,Pro,Latin America,6.0,False
C-54508,2023-07-31,2024-12-05,178.11,32,1,Enterprise,Asia Pacific,10.0,False
C-54509,2022-10-15,2024-01-19,215.73,26,0,Enterprise,Asia Pacific,5.0,False
C-54510,2024-11-30,2025-01-15,39.44,1,1,Basic,North America,7.0,False
C-54511,2023-11-11,2024-04-13,148.67,9,2,Enterprise,Asia Pacific,6.0,False
C-54512,2022-11-18,2023-04-09,31.26,8,0,Basic,Latin America,8.0,False
C-54513,2023-05-10,2023-08-02,,9,0,Basic,Europe,8.0,False
C-54514,2024-02-21,2025-06-30,24.59,72,5,Basic,North America,6.0,False
C-54515,2025-01-06,2025-06-30,22.0,25,0,Basic,Latin America,7.0,False
C-54516,2023-10-06,2025-06-30,97.3,53,2,Pro,Latin America,6.0,False
C-54517,2023-08-20,2025-03-14,31.23,46,3,Basic,Asia Pacific,5.0,False
C-54518,2023-12-01,2024-07-16,183.4,14,1,Enterprise,North America,10.0,True
C-54519,2022-07-23,2023-04-09,31.69,23,0,Basic,Asia Pacific,9.0,True
C-54520,2024-08-06,2025-01-27,87.13,12,1,Pro,Asia Pacific,6.0,False
C-54521,2022-12-14,2025-01-30,81.08,40,0,Pro,Latin America,8.0,False
C-54522,2023-12-28,2025-06-30,57.03,81,2,Pro,Europe,6.0,False
C-54523,2023-06-09,2024-04-15,196.83,27,1,Enterprise,Latin America,7.0,False
C-54524,2023-02-03,2024-08-08,215.39,43,3,Enterprise,North America,5.0,False
C-54525,2023-03-24,2024-04-26,30.13,27,1,Basic,Europe,7.0,False
C-54526,2024-11-18,2025-06-30,22.76,31,2,Basic,Latin America,10.0,False
C-54527,2024-11-14,2025-04-23,95.52,12,0,Pro,Latin America,6.0,False
C-54528,2023-12-29,2025-06-30,,44,0,Enterprise,Asia Pacific,5.0,False
C-54529,2023-02-17,2023-04-20,199.92,3,0,Enterprise,North America,8.0,False
C-54530,2022-11-12,2023-01-21,34.82,2,2,Basic,North America,7.0,False
C-54531,2024-09-16,2025-06-30,109.71,40,1,Enterprise,North America,9.0,False
C-54532,2022-06-20,2023-04-10,,23,1,Pro,Latin America,6.0,False
C-54533,2022-11-05,2022-12-06,70.46,1,0,Pro,Europe,8.0,False
C-54534,2024-06-01,2025-01-21,241.83,14,1,Enterprise,North America,6.0,False
C-54535,2023-03-23,2024-04-14,88.61,27,1,Pro,North America,6.0,False
C-54536,2024-07-01,2024-07-31,34.74,1,1,Basic,Europe,10.0,False
C-54537,2024-12-08,2025-06-30,17.25,34,3,Basic,North America,,False
C-54538,2023-02-12,2023-07-20,27.99,8,4,Basic,North America,6.0,False
C-54539,2024-02-13,2025-03-30,30.19,23,1,Basic,North America,7.0,False
C-54540,2023-09-17,2024-10-19,36.2,24,1,Basic,North America,7.0,False
C-54541,2024-08-10,2025-06-30,25.86,43,3,Basic,Europe,7.0,False
C-54542,2024-11-29,2025-01-25,23.07,3,1,Basic,Europe,8.0,False
C-54543,2022-09-09,2023-12-30,30.71,33,1,Basic,Asia Pacific,8.0,True
C-54544,2022-08-20,2022-09-19,30.03,4,2,Basic,North America,7.0,False
C-54545,2024-10-05,2024-11-04,70.33,2,2,Pro,Asia Pacific,8.0,True
C-54546,2023-11-14,2024-05-13,33.09,14,1,Basic,Europe,8.0,True
C-54547,2022-07-10,2022-11-24,24.17,5,3,Basic,Latin America,6.0,False
C-54548,2023-05-07,2023-06-17,28.97,3,1,Basic,Asia Pacific,7.0,False
C-54549,2024-03-23,2024-11-19,218.37,17,1,Enterprise,Latin America,10.0,False
C-54550,2024-02-23,2024-03-24,123.6,2,0,Pro,Latin America,5.0,False
C-54551,2022-11-22,2023-02-07,33.11,4,1,Basic,North America,9.0,False
C-54552,2023-04-09,2023-12-17,26.58,19,2,Basic,Europe,9.0,False
C-54553,2024-12-27,2025-06-30,24.95,33,1,Basic,Asia Pacific,8.0,False
C-54554,2024-10-04,2025-01-16,70.93,3,0,Pro,Latin America,7.0,True
C-54555,2022-11-19,2023-02-27,76.12,8,0,Pro,North America,3.0,True
C-54556,2024-06-08,2024-07-18,27.67,3,2,Basic,North America,5.0,False
C-54557,2023-09-15,2023-10-15,44.27,2,3,Pro,North America,8.0,False
C-54558,2024-11-28,2025-06-30,41.24,7,1,Pro,Europe,10.0,True
C-54559,2023-08-04,2023-12-18,36.82,5,0,Basic,Asia Pacific,9.0,True
C-54560,2025-01-29,2025-06-03,72.63,10,1,Pro,Asia Pacific,8.0,False
C-54561,2024-05-06,2024-07-13,42.2,5,1,Basic,Latin America,7.0,True
C-54562,2024-10-29,2025-06-30,94.02,25,0,Pro,Asia Pacific,10.0,False
C-54563,2024-04-08,2024-06-17,19.26,4,0,Basic,Asia Pacific,6.0,False
C-54564,2024-06-19,2025-06-30,20.9,80,2,Basic,Europe,8.0,True
C-54565,2024-07-24,2024-09-18,98.68,4,0,Pro,North America,8.0,False
C-54566,2024-04-27,2025-06-30,176.58,32,1,Enterprise,Europe,9.0,False
C-54567,2022-10-31,2023-11-12,71.93,22,0,Pro,Asia Pacific,8.0,False
C-54568,2024-12-15,2025-06-30,38.36,58,3,Basic,North America,7.0,False
C-54569,2022-07-11,2022-12-31,30.18,15,1,Basic,Asia Pacific,6.0,False
C-54570,2024-12-16,2025-01-15,22.68,1,2,Basic,Europe,7.0,True
C-54571,2023-12-23,2024-02-04,31.7,4,1,Basic,Latin America,6.0,False
C-54572,2024-07-03,2024-10-25,20.03,10,0,Basic,Latin America,7.0,False
C-54573,2023-02-26,2023-10-22,23.18,12,0,Basic,Europe,6.0,False
C-54574,2024-01-24,2024-02-23,92.77,2,2,Pro,Latin America,5.0,True
C-54575,2024-05-18,2024-06-20,154.9,4,0,Enterprise,Europe,8.0,False
C-54576,2024-09-03,2024-10-03,229.63,5,1,Enterprise,Europe,6.0,False
C-54577,2023-07-25,2024-11-30,74.94,45,2,Pro,Asia Pacific,9.0,False
C-54578,2022-08-03,2023-10-31,78.07,34,0,Pro,Europe,8.0,False
C-54579,2025-01-19,2025-06-30,45.39,64,3,Pro,North America,9.0,False
C-54580,2022-07-23,2022-08-28,27.95,3,1,Basic,Latin America,9.0,False
C-54581,2024-06-19,2025-06-30,34.94,35,0,Basic,Latin America,6.0,False
C-54582,2024-03-26,2025-06-30,29.76,31,2,Basic,Latin America,5.0,False
C-54583,2024-02-05,2024-11-02,16.61,25,1,Basic,Latin America,9.0,False
C-54584,2025-01-19,2025-06-08,195.98,8,2,Enterprise,Asia Pacific,10.0,False
C-54585,2022-11-05,2023-01-18,28.95,6,1,Basic,North America,7.0,False
C-54586,2023-09-05,2023-11-29,30.69,8,3,Basic,Latin America,7.0,False
C-54587,2023-08-02,2025-06-30,65.24,89,0,Pro,Asia Pacific,9.0,False
C-54588,2024-01-04,2024-07-07,23.45,9,4,Basic,Europe,8.0,True
C-54589,2024-10-07,2025-06-30,29.27,34,4,Basic,Europe,8.0,True
C-54590,2023-11-02,2025-06-30,14.43,55,2,Basic,Europe,6.0,False
C-54591,2023-04-30,2025-06-30,26.78,50,2,Basic,Europe,5.0,False
C-54592,2022-07-02,2023-12-26,32.92,32,3,Basic,Asia Pacific,10.0,False
C-54593,2024-04-14,2025-06-30,60.48,63,2,Pro,Latin America,7.0,False
C-54594,2023-11-07,2024-02-18,85.61,6,1,Pro,North America,7.0,False
C-54595,2023-10-13,2023-11-21,72.77,4,2,Pro,Asia Pacific,6.0,False
C-54596,2022-06-19,2022-12-24,27.9,15,0,Basic,Latin America,7.0,False
C-54597,2023-07-17,2024-03-01,91.42,21,3,Pro,Europe,9.0,False
C-54598,2024-07-09,2024-10-14,35.12,6,2,Basic,North America,4.0,True
C-54599,2023-09-20,2025-04-20,93.82,38,5,Pro,North America,6.0,True
C-54600,2024-12-03,2025-06-30,71.18,14,1,Pro,North America,9.0,False
C-54601,2022-10-09,2022-12-19,29.93,5,1,Basic,Europe,8.0,False
C-54602,2023-08-27,2025-02-07,26.78,31,0,Basic,Asia Pacific,9.0,False
C-54603,2023-04-22,2023-10-16,19.62,14,2,Basic,Europe,5.0,False
C-54604,2022-06-06,2024-01-25,282.25,37,2,Enterprise,Europe,6.0,False
C-54605,2023-05-24,2024-01-13,30.46,16,3,Basic,Asia Pacific,5.0,False
C-54606,2022-08-01,2022-08-31,220.63,1,0,Enterprise,Asia Pacific,8.0,False
C-54607,2024-05-25,2025-06-30,84.9,97,0,Pro,Asia Pacific,8.0,False
C-54608,2024-12-25,2025-04-19,28.22,13,0,Basic,Latin America,10.0,False
C-54609,2023-06-12,2023-07-12,83.0,1,0,Pro,Europe,8.0,False
C-54610,2022-07-03,2023-01-27,31.07,12,0,Basic,North America,,True
C-54611,2024-07-16,2024-09-30,33.98,9,1,Basic,Latin America,5.0,False
C-54612,2024-03-25,2025-06-30,33.32,36,2,Basic,Europe,9.0,False
C-54613,2022-10-12,2024-01-19,32.91,20,1,Basic,Asia Pacific,6.0,False
C-54614,2023-12-31,2025-06-25,30.57,46,2,Basic,Asia Pacific,7.0,False
C-54615,2023-03-14,2023-05-12,210.77,7,5,Enterprise,Asia Pacific,7.0,False
C-54616,2023-08-27,2024-04-06,226.46,14,1,Enterprise,Asia Pacific,8.0,False
C-54617,2024-04-02,2025-06-30,99.88,47,1,Pro,Latin America,7.0,False
C-54618,2023-12-17,2024-04-06,76.53,7,0,Pro,North America,7.0,False
C-54619,2024-07-18,2025-06-30,25.66,62,1,Basic,North America,7.0,False
C-54620,2022-11-27,2025-06-30,69.36,89,0,Pro,Asia Pacific,7.0,False
C-54621,2024-02-24,2025-06-30,48.41,46,1,Pro,North America,8.0,False
C-54622,2024-12-09,2025-01-08,24.44,2,2,Basic,Europe,5.0,True
C-54623,2023-03-27,2023-10-10,76.32,17,1,Pro,North America,7.0,True
C-54624,2023-05-21,2024-05-30,28.1,26,4,Basic,North America,9.0,False
C-54625,2025-01-02,2025-06-10,85.9,12,3,Pro,Latin America,10.0,False
C-54626,2023-04-21,2023-11-16,32.88,21,1,Basic,Latin America,9.0,False
C-54627,2023-04-19,2024-01-09,,20,1,Basic,Latin America,7.0,False
C-54628,2023-11-12,2025-06-30,22.33,36,1,Basic,Europe,8.0,False
C-54629,2024-08-16,2024-09-23,80.65,3,1,Pro,Asia Pacific,8.0,False
C-54630,2022-10-24,2023-04-21,162.64,14,0,Enterprise,North America,10.0,False
C-54631,2023-11-29,2024-03-18,88.65,6,1,Pro,Latin America,7.0,False
C-54632,2024-02-24,2024-05-10,91.02,8,0,Pro,Europe,6.0,False
C-54633,2023-05-18,2023-10-04,86.09,7,3,Pro,Latin America,8.0,False
C-54634,2023-11-12,2024-02-05,81.1,9,1,Pro,Latin America,5.0,False
C-54635,2022-08-02,2022-11-08,29.57,4,2,Basic,Latin America,9.0,False
C-54636,2022-06-14,2022-12-23,88.09,10,2,Pro,Latin America,5.0,True
C-54637,2023-08-18,2023-10-10,25.69,6,4,Basic,Asia Pacific,8.0,False
C-54638,2024-11-19,2024-12-19,23.78,1,5,Basic,Latin America,6.0,False
C-54639,2022-08-10,2022-12-16,81.88,6,0,Pro,Europe,8.0,False
C-54640,2024-10-03,2025-01-08,78.78,14,5,Pro,Latin America,5.0,False
C-54641,2024-09-10,2024-10-10,40.8,2,2,Basic,Europe,8.0,False
C-54642,2024-03-04,2025-06-30,94.53,37,3,Pro,Europe,7.0,False
C-54643,2024-03-20,2024-07-29,30.41,10,1,Basic,North America,10.0,False
C-54644,2024-11-27,2025-03-04,128.31,9,0,Enterprise,Europe,6.0,False
C-54645,2024-01-03,2025-06-30,34.87,35,2,Basic,Latin America,7.0,False
C-54646,2024-04-18,2025-06-30,29.72,23,3,Basic,Latin America,8.0,True
C-54647,2023-03-30,2024-11-04,86.77,38,2,Pro,Europe,6.0,False
C-54648,2022-11-29,2023-04-17,67.74,7,3,Pro,Asia Pacific,4.0,True
C-54649,2025-01-20,2025-03-03,30.62,5,3,Basic,North America,5.0,False
C-54650,2024-01-13,2024-11-11,35.83,17,1,Basic,North America,8.0,False
C-54651,2022-11-24,2023-03-21,56.7,13,3,Pro,Latin America,5.0,False
C-54652,2024-08-30,2025-05-14,187.91,13,2,Enterprise,North America,7.0,False
C-54653,2025-01-26,2025-03-03,22.45,1,0,Basic,North America,7.0,False
C-54654,2023-03-07,2023-04-06,25.87,4,2,Basic,North America,10.0,False
C-54655,2024-11-01,2025-03-12,31.0,7,2,Basic,Latin America,5.0,False
C-54656,2023-04-09,2024-05-05,87.59,35,4,Pro,North America,8.0,False
C-54657,2022-08-18,2024-04-07,83.93,38,5,Pro,Latin America,7.0,False
C-54658,2023-02-12,2024-07-30,30.15,38,2,Basic,Latin America,7.0,False
C-54659,2023-12-30,2024-02-25,21.85,4,2,Basic,Asia Pacific,8.0,False
C-54660,2023-08-31,2024-06-03,22.78,12,2,Basic,Latin America,8.0,False
C-54661,2023-09-04,2023-10-11,237.5,2,1,Enterprise,Asia Pacific,7.0,False
C-54662,2024-12-07,2025-06-30,90.34,24,4,Pro,Europe,8.0,False
C-54663,2023-09-12,2025-05-19,187.48,42,0,Enterprise,Latin America,5.0,False
C-54664,2023-07-20,2025-06-30,207.84,74,0,Enterprise,Europe,6.0,False
C-54665,2023-05-03,2024-08-01,37.13,24,2,Basic,Latin America,8.0,False
C-54666,2023-11-04,2025-06-30,27.71,71,0,Basic,North America,6.0,False
C-54667,2024-12-15,2025-06-30,182.52,44,1,Enterprise,North America,8.0,True
C-54668,2024-02-26,2024-05-21,133.53,16,2,Enterprise,Asia Pacific,6.0,True
C-54669,2023-07-06,2023-09-29,25.52,2,0,Basic,North America,7.0,True
C-54670,2024-07-26,2025-06-30,24.03,53,2,Basic,Asia Pacific,6.0,False
C-54671,2022-10-22,2022-12-30,71.8,6,2,Pro,North America,7.0,False
C-54672,2023-12-27,2025-06-30,29.3,130,0,Basic,Europe,5.0,False
C-54673,2023-07-23,2024-11-14,70.46,36,2,Pro,Latin America,6.0,False
C-54674,2024-01-02,2024-12-30,69.86,27,0,Pro,North America,5.0,False
C-54675,2023-06-18,2024-07-29,99.94,27,1,Pro,Europe,8.0,True
C-54676,2023-12-20,2024-07-04,20.72,12,0,Basic,Latin America,6.0,False
C-54677,2024-05-19,2024-10-17,34.83,11,0,Basic,Europe,8.0,False
C-54678,2023-12-12,2024-12-22,200.98,25,2,Enterprise,Asia Pacific,9.0,False
C-54679,2024-04-28,2024-09-10,21.91,10,2,Basic,Asia Pacific,6.0,False
C-54680,2024-12-16,2025-06-30,26.29,25,2,Basic,Europe,7.0,False
C-54681,2023-07-26,2025-06-30,36.78,72,3,Basic,North America,8.0,True
C-54682,2023-09-22,2024-06-19,230.87,19,1,Enterprise,Asia Pacific,7.0,False
C-54683,2024-09-27,2025-05-11,139.0,18,0,Enterprise,Asia Pacific,6.0,True
C-54684,2024-07-27,2024-12-29,25.39,9,0,Basic,Europe,9.0,True
C-54685,2023-08-30,2024-08-29,27.21,19,0,Basic,Latin America,,False
C-54686,2023-04-24,2024-07-07,49.72,38,2,Pro,North America,6.0,True
C-54687,2022-08-03,2025-02-11,33.78,85,2,Basic,Europe,6.0,False
C-54688,2024-11-09,2025-06-30,40.5,21,2,Basic,North America,9.0,False
C-54689,2022-09-19,2022-12-01,101.47,6,3,Pro,Europe,6.0,False
C-54690,2023-03-02,2023-08-26,85.33,16,1,Pro,North America,4.0,True
C-54691,2024-11-10,2025-03-06,25.54,10,0,Basic,Asia Pacific,7.0,False
C-54692,2023-09-27,2023-12-09,72.36,6,0,Pro,Asia Pacific,6.0,False
C-54693,2022-12-11,2023-04-12,83.25,7,0,Pro,Europe,10.0,False
C-54694,2024-08-14,2025-04-24,27.04,13,0,Basic,Asia Pacific,6.0,False
C-54695,2023-12-06,2024-07-07,184.04,10,2,Enterprise,Europe,6.0,False
C-54696,2024-03-08,2024-09-14,63.66,10,3,Pro,North America,8.0,True
C-54697,2025-01-17,2025-06-30,72.72,20,1,Pro,Latin America,,False
C-54698,2022-12-22,2023-09-25,19.87,18,1,Basic,Asia Pacific,5.0,False
C-54699,2024-05-15,2025-06-30,39.54,92,1,Basic,Latin America,7.0,False
C-54700,2024-08-27,2025-06-30,26.97,26,0,Basic,Europe,7.0,False
C-54701,2023-02-15,2023-11-11,80.45,23,0,Pro,North America,7.0,False
C-54702,2024-12-29,2025-04-12,96.83,9,0,Pro,North America,6.0,False
C-54703,2023-06-20,2023-11-03,15.72,10,2,Basic,North America,4.0,True
C-54704,2022-08-25,2022-10-28,95.75,7,2,Pro,Europe,8.0,False
C-54705,2022-08-15,2022-09-14,28.03,0,1,Basic,Asia Pacific,7.0,False
C-54706,2023-06-28,2024-12-30,156.02,39,2,Enterprise,Asia Pacific,8.0,False
C-54707,2025-01-02,2025-02-16,30.58,4,3,Basic,Latin America,5.0,False
C-54708,2024-03-13,2024-11-27,177.27,14,1,Enterprise,Latin America,6.0,False
C-54709,2024-04-20,2024-09-23,26.67,14,1,Basic,Asia Pacific,8.0,False
C-54710,2024-02-23,2025-06-30,22.32,70,2,Basic,North America,8.0,False
C-54711,2023-07-03,2025-06-30,21.83,107,0,Basic,Asia Pacific,7.0,False
C-54712,2022-06-10,2023-05-02,89.11,26,0,Pro,Europe,5.0,False
C-54713,2024-12-05,2025-04-06,55.24,7,0,Pro,Asia Pacific,5.0,False
C-54714,2023-06-03,2024-09-16,197.62,28,1,Enterprise,Asia Pacific,7.0,False
C-54715,2024-08-11,2025-06-30,19.41,38,0,Basic,Asia Pacific,8.0,False
C-54716,2022-08-27,2024-07-19,19.69,41,1,Basic,North America,6.0,False
C-54717,2024-03-31,2025-06-30,193.17,71,3,Enterprise,Latin America,6.0,False
C-54718,2023-12-26,2024-06-16,56.92,9,1,Pro,North America,6.0,True
C-54719,2023-05-17,2024-07-12,15.26,27,0,Basic,Asia Pacific,10.0,False
C-54720,2023-02-03,2023-03-31,72.1,1,2,Pro,North America,5.0,False
C-54721,2023-03-06,2023-10-17,30.79,20,1,Basic,Asia Pacific,9.0,True
C-54722,2023-06-28,2025-06-22,88.07,48,1,Pro,North America,5.0,False
C-54723,2024-09-12,2025-06-30,39.49,35,4,Basic,Latin America,5.0,False
C-54724,2023-03-31,2025-05-02,19.31,51,2,Basic,Latin America,9.0,True
C-54725,2022-06-06,2024-04-14,36.79,51,2,Basic,North America,8.0,False
C-54726,2024-05-07,2024-06-06,28.0,3,1,Basic,Asia Pacific,6.0,False
C-54727,2024-09-09,2025-06-30,39.16,45,1,Basic,Latin America,4.0,False
C-54728,2024-02-17,2024-05-13,60.14,2,3,Pro,Asia Pacific,6.0,False
C-54729,2024-03-16,2024-05-04,31.62,4,2,Basic,Asia Pacific,7.0,False
C-54730,2025-01-02,2025-05-09,184.09,10,1,Enterprise,Latin America,6.0,False
C-54731,2023-04-30,2025-06-30,198.33,81,1,Enterprise,Latin America,7.0,False
C-54732,2022-07-30,2025-06-30,28.63,103,3,Basic,Latin America,5.0,False
C-54733,2024-10-11,2025-06-30,35.46,48,2,Basic,North America,6.0,True
C-54734,2023-12-09,2024-06-09,90.12,15,1,Pro,Latin America,6.0,False
C-54735,2022-07-06,2022-10-13,20.22,14,3,Basic,Europe,8.0,True
C-54736,2022-07-09,2022-12-15,22.85,17,2,Basic,North America,9.0,False
C-54737,2022-06-30,2022-09-16,81.63,4,0,Pro,North America,8.0,False
C-54738,2023-09-27,2024-12-05,43.76,33,3,Pro,Latin America,8.0,False
C-54739,2023-07-18,2024-02-28,38.91,15,3,Basic,North America,8.0,True
C-54740,2023-07-07,2024-01-03,82.38,10,2,Pro,Asia Pacific,8.0,False
C-54741,2025-01-15,2025-04-08,28.41,6,2,Basic,North America,6.0,True
C-54742,2025-01-31,2025-06-30,37.88,27,2,Basic,Europe,7.0,False
C-54743,2023-07-04,2025-01-01,298.66,40,1,Enterprise,Latin America,7.0,False
C-54744,2022-08-30,2023-02-23,33.15,20,4,Basic,North America,6.0,True
C-54745,2024-09-09,2025-06-30,213.15,26,1,Enterprise,North America,7.0,True
C-54746,2024-09-30,2025-06-30,16.15,31,1,Basic,Asia Pacific,7.0,False
C-54747,2023-02-14,2024-05-31,209.22,32,3,Enterprise,Europe,9.0,False
C-54748,2025-01-18,2025-06-30,24.9,57,0,Basic,Europe,5.0,False
C-54749,2025-01-17,2025-06-30,61.97,62,0,Pro,Europe,5.0,True
C-54750,2023-12-02,2024-01-01,28.34,2,1,Basic,North America,6.0,True
C-54751,2024-09-07,2024-12-17,,8,0,Pro,Asia Pacific,6.0,False
C-54752,2023-02-07,2023-03-09,31.88,1,1,Basic,Asia Pacific,6.0,True
C-54753,2024-10-21,2025-06-30,178.32,19,2,Enterprise,Asia Pacific,6.0,False
C-54754,2024-01-18,2024-03-17,24.15,4,0,Basic,Europe,7.0,False
C-54755,2024-06-30,2024-10-05,34.07,8,3,Basic,Asia Pacific,7.0,True
C-54756,2024-02-19,2025-06-30,105.75,73,1,Pro,Asia Pacific,9.0,False
C-54757,2024-10-21,2025-06-30,97.19,115,0,Pro,Europe,4.0,True
C-54758,2024-03-31,2025-05-21,20.73,19,1,Basic,Europe,7.0,False
C-54759,2025-01-30,2025-06-30,24.46,28,2,Basic,Asia Pacific,7.0,False
C-54760,2024-06-05,2024-07-05,32.0,2,1,Basic,North America,8.0,False
C-54761,2024-03-22,2025-06-30,23.58,46,1,Basic,Latin America,5.0,False
C-54762,2024-07-20,2025-06-30,267.81,26,0,Enterprise,Asia Pacific,6.0,False
C-54763,2024-11-26,2025-06-24,28.27,9,1,Basic,North America,6.0,False
C-54764,2023-07-27,2024-01-13,217.8,11,1,Enterprise,Europe,8.0,False
C-54765,2023-05-07,2024-01-03,73.21,17,3,Pro,Latin America,8.0,False
C-54766,2023-09-02,2024-10-20,60.19,25,5,Pro,Europe,7.0,False
C-54767,2023-08-25,2024-10-09,32.35,20,1,Basic,Latin America,6.0,False
C-54768,2023-08-17,2024-01-15,62.88,10,0,Pro,Asia Pacific,7.0,False
C-54769,2022-12-14,2023-01-13,20.31,0,0,Basic,North America,8.0,False
C-54770,2023-04-16,2023-07-24,74.57,7,0,Pro,Latin America,9.0,False
C-54771,2024-02-08,2024-05-08,98.2,3,4,Pro,Asia Pacific,7.0,False
C-54772,2024-07-23,2025-01-07,29.32,10,3,Basic,Europe,7.0,False
C-54773,2023-10-20,2023-11-24,25.53,4,2,Basic,Asia Pacific,9.0,False
C-54774,2024-09-12,2024-10-12,95.03,4,0,Pro,North America,5.0,False
C-54775,2023-10-15,2023-11-14,229.0,1,2,Enterprise,Asia Pacific,5.0,False
C-54776,2024-01-28,2024-03-17,25.61,5,2,Basic,North America,5.0,True
C-54777,2023-10-27,2025-01-25,34.35,24,0,Basic,Europe,7.0,False
C-54778,2023-04-16,2024-02-25,25.36,33,0,Basic,Asia Pacific,6.0,False
C-54779,2023-10-03,2024-06-15,25.55,15,2,Basic,Asia Pacific,6.0,False
C-54780,2024-04-22,2025-01-21,75.13,20,4,Pro,Latin America,6.0,True
C-54781,2023-04-06,2024-03-26,103.43,25,1,Pro,Europe,6.0,False
C-54782,2023-04-16,2023-05-27,21.48,4,0,Basic,Asia Pacific,8.0,False
C-54783,2023-09-30,2023-12-31,74.79,5,3,Pro,Asia Pacific,7.0,True
C-54784,2022-07-21,2024-09-17,32.14,52,1,Basic,Latin America,6.0,True
C-54785,2022-08-11,2023-06-25,196.54,17,3,Enterprise,Asia Pacific,3.0,True
C-54786,2022-12-07,2025-06-30,29.18,80,3,Basic,North America,5.0,False
C-54787,2022-06-05,2024-02-23,26.49,42,2,Basic,Latin America,6.0,False
C-54788,2022-06-22,2023-06-30,78.4,21,1,Pro,Asia Pacific,7.0,False
C-54789,2024-10-05,2025-06-30,27.08,42,2,Basic,Asia Pacific,7.0,False
C-54790,2023-12-16,2025-06-30,60.15,47,1,Pro,Asia Pacific,7.0,True
C-54791,2025-01-29,2025-03-15,35.16,3,0,Pro,Europe,8.0,False
C-54792,2022-11-06,2024-09-04,19.6,47,0,Basic,Asia Pacific,10.0,False
C-54793,2023-02-10,2023-11-20,67.05,20,2,Pro,Asia Pacific,8.0,False
C-54794,2022-08-17,2023-03-11,69.65,12,5,Pro,Asia Pacific,8.0,False
C-54795,2022-08-24,2022-12-07,74.13,7,5,Pro,North America,9.0,True
C-54796,2024-07-10,2024-08-09,94.65,1,3,Pro,Latin America,6.0,False
C-54797,2022-07-18,2023-12-27,36.42,42,3,Basic,Europe,6.0,False
C-54798,2022-08-14,2023-10-18,34.55,30,2,Basic,North America,7.0,False
C-54799,2022-07-18,2022-12-21,106.46,12,2,Pro,Europe,7.0,False
C-54800,2024-03-14,2024-05-05,183.28,1,2,Enterprise,North America,5.0,False
C-54801,2023-02-19,2023-08-31,27.75,12,3,Basic,Asia Pacific,8.0,True
C-54802,2023-07-19,2024-05-08,74.67,20,1,Pro,Latin America,7.0,False
C-54803,2022-10-04,2025-06-30,78.55,65,1,Pro,North America,5.0,False
C-54804,2024-02-15,2025-02-19,99.59,28,1,Pro,Europe,9.0,False
C-54805,2022-11-29,2023-11-10,191.5,19,1,Enterprise,Asia Pacific,7.0,True
C-54806,2024-08-06,2025-06-30,27.39,26,0,Basic,Europe,7.0,False
C-54807,2022-12-27,2023-03-19,32.93,6,1,Basic,Europe,8.0,False
C-54808,2023-06-20,2023-11-02,63.59,8,2,Pro,Europe,8.0,False
C-54809,2022-07-06,2022-08-05,26.1,5,1,Basic,North America,8.0,False
C-54810,2022-06-14,2023-11-24,54.67,38,1,Pro,North America,9.0,False
C-54811,2024-05-12,2024-06-11,90.0,0,1,Pro,North America,7.0,False
C-54812,2022-06-19,2023-11-28,114.05,38,2,Pro,North America,9.0,False
C-54813,2022-11-07,2022-12-07,49.15,1,1,Pro,Latin America,6.0,False
C-54814,2023-03-28,2024-02-01,78.55,23,1,Pro,Europe,8.0,False
C-54815,2022-09-05,2024-11-11,79.38,54,2,Pro,Europe,9.0,False
C-54816,2022-06-15,2023-03-05,27.4,18,1,Basic,Asia Pacific,8.0,False
C-54817,2024-12-16,2025-06-30,23.41,86,2,Basic,Asia Pacific,9.0,True
C-54818,2022-12-23,2025-06-30,52.08,121,3,Pro,Europe,5.0,False
C-54819,2025-01-12,2025-06-30,57.64,54,1,Pro,Latin America,9.0,False
C-54820,2023-09-18,2024-01-30,76.78,15,2,Pro,Europe,7.0,False
C-54821,2023-09-15,2024-08-31,94.59,29,2,Pro,Asia Pacific,8.0,False
C-54822,2024-11-19,2025-06-30,151.73,76,3,Enterprise,Asia Pacific,8.0,False
C-54823,2023-03-15,2023-05-18,29.41,2,2,Basic,North America,7.0,True
C-54824,2022-11-25,2023-07-12,64.07,9,0,Pro,Asia Pacific,7.0,False
C-54825,2024-11-29,2025-01-07,31.93,1,1,Basic,Latin America,8.0,False
C-54826,2024-07-13,2025-06-30,107.49,77,4,Pro,North America,6.0,False
C-54827,2024-03-17,2024-05-05,59.3,6,4,Pro,North America,6.0,False
C-54828,2023-03-16,2025-03-30,40.81,53,1,Basic,Asia Pacific,8.0,False
C-54829,2024-07-13,2025-06-30,24.61,84,3,Basic,North America,6.0,False
C-54830,2023-04-01,2023-12-23,28.81,18,1,Basic,Europe,9.0,False
C-54831,2024-11-21,2025-06-30,34.94,75,2,Basic,Latin America,8.0,False
C-54832,2024-08-25,2024-09-24,76.21,3,3,Pro,North America,6.0,False
C-54833,2023-03-04,2024-02-25,20.18,22,2,Basic,North America,8.0,False
C-54834,2023-07-15,2023-12-15,76.5,12,0,Pro,North America,8.0,False
C-54835,2023-07-27,2023-12-14,89.47,11,1,Pro,Latin America,8.0,False
C-54836,2024-11-30,2025-03-05,94.64,8,1,Pro,Europe,5.0,False
C-54837,2023-09-03,2025-06-30,36.21,56,3,Basic,Asia Pacific,7.0,False
C-54838,2023-07-16,2023-09-26,113.65,7,0,Pro,Europe,6.0,False
C-54839,2024-05-03,2024-06-12,242.36,5,0,Enterprise,Latin America,8.0,False
C-54840,2024-12-22,2025-06-30,83.42,33,2,Pro,Asia Pacific,7.0,False
C-54841,2023-11-16,2025-06-30,37.98,46,1,Basic,Latin America,7.0,False
C-54842,2024-12-13,2025-01-13,188.88,3,1,Enterprise,Europe,10.0,False
C-54843,2022-12-03,2024-07-23,93.55,40,2,Pro,Europe,4.0,True
C-54844,2023-09-01,2023-10-01,31.95,1,1,Basic,Asia Pacific,8.0,False
C-54845,2024-07-21,2025-06-30,26.32,22,0,Basic,North America,6.0,False
C-54846,2022-07-10,2024-04-26,36.1,46,3,Basic,Latin America,7.0,False
C-54847,2024-10-01,2025-02-28,30.88,9,1,Basic,Europe,8.0,True
C-54848,2024-12-16,2025-05-24,,14,1,Pro,Europe,9.0,False
C-54849,2025-01-04,2025-06-30,118.41,70,1,Enterprise,Europe,6.0,False
C-54850,2024-10-29,2025-04-14,88.93,9,0,Pro,Asia Pacific,,False
C-54851,2023-12-03,2025-04-21,31.74,23,1,Basic,Latin America,7.0,False
C-54852,2024-10-13,2025-04-07,79.67,8,2,Pro,Asia Pacific,7.0,True
C-54853,2024-12-04,2025-06-30,28.04,18,1,Basic,Europe,4.0,False
C-54854,2024-11-12,2025-06-30,23.41,27,1,Basic,Asia Pacific,5.0,True
C-54855,2024-10-03,2024-11-02,27.87,1,2,Basic,Latin America,5.0,False
C-54856,2025-01-15,2025-06-30,201.74,53,1,Enterprise,North America,7.0,False
C-54857,2024-03-22,2025-06-30,61.16,102,1,Pro,Latin America,,False
C-54858,2022-08-31,2023-06-02,67.53,24,1,Pro,North America,8.0,False
C-54859,2023-05-21,2023-07-01,20.99,3,0,Basic,Latin America,8.0,False
C-54860,2024-06-18,2025-06-30,32.12,93,3,Basic,North America,6.0,False
C-54861,2024-07-06,2025-06-30,24.12,54,1,Basic,Latin America,8.0,False
C-54862,2023-12-07,2025-06-30,32.28,64,2,Basic,North America,7.0,False
C-54863,2023-12-11,2024-02-13,30.12,3,2,Basic,Asia Pacific,6.0,False
C-54864,2023-01-28,2023-02-27,23.58,4,2,Basic,Europe,8.0,False
C-54865,2022-10-21,2023-07-22,33.01,16,2,Basic,Asia Pacific,5.0,False
C-54866,2024-12-01,2025-06-30,29.28,65,0,Basic,Latin America,6.0,False
C-54867,2022-08-12,2023-09-24,27.83,32,0,Basic,Asia Pacific,7.0,False
C-54868,2023-09-27,2024-07-07,83.1,21,0,Pro,Asia Pacific,10.0,False
C-54869,2024-01-09,2024-11-05,35.56,16,1,Basic,North America,4.0,False
C-54870,2024-05-04,2024-06-03,46.61,5,2,Pro,North America,6.0,False
C-54871,2024-12-03,2025-01-31,93.61,5,1,Pro,Asia Pacific,10.0,False
C-54872,2023-08-12,2025-03-02,28.58,36,2,Basic,Europe,5.0,False
C-54873,2022-06-07,2023-08-30,245.17,44,1,Enterprise,Latin America,6.0,False
C-54874,2022-12-26,2023-01-25,20.53,4,4,Basic,Asia Pacific,8.0,True
C-54875,2024-06-24,2024-08-13,30.45,3,1,Basic,Asia Pacific,5.0,False
C-54876,2024-05-28,2025-05-08,69.04,20,2,Pro,Asia Pacific,6.0,False
C-54877,2024-07-03,2024-10-18,21.0,12,1,Basic,Latin America,9.0,True
C-54878,2024-03-12,2025-01-30,25.08,18,1,Basic,Latin America,8.0,False
C-54879,2024-09-07,2025-06-30,24.82,39,0,Basic,Europe,7.0,True
C-54880,2023-07-18,2023-09-06,24.01,2,4,Basic,Asia Pacific,6.0,True
C-54881,2023-09-09,2024-09-04,54.68,19,1,Pro,Latin America,8.0,False
C-54882,2024-11-12,2025-06-30,27.1,51,1,Basic,Asia Pacific,4.0,False
C-54883,2024-01-06,2024-06-23,32.19,9,3,Basic,Latin America,8.0,False
C-54884,2024-02-17,2024-03-18,96.37,0,0,Pro,Latin America,7.0,False
C-54885,2024-09-30,2025-06-30,67.71,42,3,Pro,North America,8.0,False
C-54886,2023-06-23,2024-06-21,44.38,21,2,Basic,Europe,6.0,True
C-54887,2022-09-25,2024-02-13,73.79,30,0,Pro,Asia Pacific,5.0,False
C-54888,2024-05-18,2025-06-30,36.7,29,1,Basic,Asia Pacific,10.0,True
C-54889,2024-01-04,2025-06-30,105.1,80,1,Pro,Asia Pacific,5.0,False
C-54890,2023-08-29,2025-01-08,37.82,31,2,Basic,North America,6.0,True
C-54891,2024-04-09,2024-12-22,25.66,10,1,Basic,Asia Pacific,7.0,True
C-54892,2024-09-25,2025-01-01,81.07,7,3,Pro,North America,8.0,False
C-54893,2022-12-19,2023-03-07,118.14,6,4,Enterprise,North America,9.0,False
C-54894,2024-03-12,2024-10-18,30.28,13,1,Basic,Latin America,9.0,False
C-54895,2023-03-18,2025-06-30,94.02,95,0,Pro,Asia Pacific,7.0,False
C-54896,2024-03-21,2025-04-24,36.14,22,2,Basic,Asia Pacific,8.0,False
C-54897,2024-04-23,2025-02-01,65.79,16,2,Pro,North America,8.0,False
C-54898,2023-06-22,2025-06-30,172.32,63,6,Enterprise,Asia Pacific,6.0,True
C-54899,2022-08-30,2022-09-29,34.67,0,0,Basic,North America,7.0,True
C-54900,2024-03-28,2025-06-30,60.18,25,0,Pro,Latin America,8.0,False
C-54901,2024-04-19,2024-11-25,36.65,18,2,Basic,Latin America,9.0,False
C-54902,2024-01-06,2025-06-30,60.98,30,4,Pro,Asia Pacific,7.0,False
C-54903,2023-02-12,2023-12-19,211.36,21,3,Enterprise,North America,9.0,False
C-54904,2023-07-16,2025-03-21,31.97,44,2,Basic,Asia Pacific,5.0,False
C-54905,2023-10-30,2023-11-29,34.91,4,2,Basic,North America,7.0,False
C-54906,2024-04-23,2024-09-10,21.64,12,3,Basic,Europe,5.0,False
C-54907,2023-09-10,2025-06-30,59.92,44,2,Pro,Europe,4.0,False
C-54908,2023-04-30,2023-09-30,89.69,5,1,Pro,North America,8.0,False
C-54909,2023-10-02,2024-07-12,209.01,22,1,Enterprise,North America,8.0,False
C-54910,2023-09-19,2024-02-06,14.25,8,4,Basic,Asia Pacific,9.0,False
C-54911,2023-08-03,2025-05-29,93.25,49,1,Pro,Latin America,6.0,False
C-54912,2022-12-07,2023-01-19,94.37,4,3,Pro,Latin America,7.0,False
C-54913,2023-09-19,2025-03-21,195.0,38,2,Enterprise,North America,7.0,False
C-54914,2024-12-09,2025-06-30,25.16,60,2,Basic,Europe,5.0,False
C-54915,2023-04-02,2023-05-09,64.17,1,4,Pro,Europe,8.0,False
C-54916,2022-08-09,2022-09-22,16.57,2,3,Basic,North America,7.0,False
C-54917,2024-03-05,2024-04-16,247.6,1,1,Enterprise,Asia Pacific,5.0,False
C-54918,2024-04-08,2024-06-24,33.29,5,0,Basic,North America,5.0,False
C-54919,2023-11-08,2025-06-13,67.59,40,3,Pro,Asia Pacific,8.0,False
C-54920,2024-07-02,2025-03-22,84.43,24,4,Pro,North America,9.0,True
C-54921,2023-05-05,2023-08-05,31.29,5,1,Basic,Latin America,7.0,False
C-54922,2024-12-12,2025-05-29,53.51,15,1,Pro,Asia Pacific,7.0,False
C-54923,2023-10-05,2024-05-06,214.35,12,2,Enterprise,Latin America,5.0,False
C-54924,2023-04-09,2023-10-06,179.9,15,2,Enterprise,Latin America,8.0,False
C-54925,2022-07-24,2023-05-12,88.42,32,2,Pro,Asia Pacific,7.0,True
C-54926,2022-08-29,2023-01-17,30.5,10,0,Basic,North America,6.0,False
C-54927,2022-12-08,2023-09-25,173.87,13,0,Enterprise,North America,9.0,False
C-54928,2023-01-29,2023-02-28,170.76,2,0,Enterprise,Europe,9.0,False
C-54929,2022-06-28,2022-11-28,164.09,6,3,Enterprise,North America,5.0,False
C-54930,2025-01-13,2025-06-30,76.68,107,0,Pro,North America,10.0,False
C-54931,2023-04-02,2023-05-02,29.47,0,2,Basic,Latin America,6.0,True
C-54932,2024-06-08,2024-09-21,190.8,7,3,Enterprise,Latin America,8.0,False
C-54933,2023-05-21,2023-10-09,92.15,10,1,Pro,Europe,6.0,False
C-54934,2022-11-11,2025-01-03,60.09,56,0,Pro,Latin America,8.0,False
C-54935,2023-05-03,2024-04-06,82.24,19,0,Pro,Europe,8.0,False
C-54936,2022-09-18,2022-11-23,88.44,2,2,Pro,Latin America,7.0,False
C-54937,2023-04-03,2025-06-30,31.1,153,0,Basic,Latin America,9.0,False
C-54938,2023-05-27,2023-07-29,28.18,3,1,Basic,Latin America,7.0,False
C-54939,2024-01-22,2024-03-17,25.07,4,0,Basic,Europe,8.0,False
C-54940,2023-02-20,2025-06-30,208.85,71,1,Enterprise,Asia Pacific,6.0,False
C-54941,2023-03-16,2023-08-04,43.39,13,5,Basic,Europe,10.0,True
C-54942,2024-06-19,2024-12-27,188.24,14,2,Enterprise,Asia Pacific,6.0,False
C-54943,2024-03-18,2025-02-17,35.18,25,2,Basic,Europe,7.0,True
C-54944,2022-11-19,2023-02-20,167.94,5,0,Enterprise,North America,7.0,False
C-54945,2023-08-02,2025-01-18,23.98,30,0,Basic,Latin America,9.0,True
C-54946,2024-01-14,2024-05-22,75.81,10,1,Pro,North America,6.0,False
C-54947,2023-09-06,2023-12-16,194.75,7,1,Enterprise,Latin America,7.0,False
C-54948,2023-04-15,2023-05-15,257.54,3,1,Enterprise,North America,6.0,False
C-54949,2023-09-19,2023-12-21,33.93,6,4,Basic,Europe,7.0,True
C-54950,2023-04-18,2024-07-22,27.78,22,2,Basic,North America,7.0,False
C-54951,2023-09-10,2024-03-27,34.24,16,2,Basic,Europe,8.0,False
C-54952,2024-08-25,2025-05-27,28.03,14,3,Basic,Latin America,7.0,True
C-54953,2024-06-21,2025-03-06,177.88,16,3,Enterprise,Latin America,7.0,False
C-54954,2024-02-06,2025-06-30,22.86,62,1,Basic,Latin America,5.0,False
C-54955,2023-02-16,2025-06-30,220.76,106,1,Enterprise,Asia Pacific,6.0,False
C-54956,2022-08-25,2022-10-04,77.8,2,0,Pro,Latin America,8.0,False
C-54957,2024-03-29,2025-01-13,32.22,24,2,Basic,North America,7.0,False
C-54958,2024-06-23,2025-06-30,91.53,44,1,Pro,Europe,7.0,False
C-54959,2023-02-23,2024-01-09,78.24,26,1,Pro,North America,8.0,False
C-54960,2024-12-27,2025-03-19,23.57,6,0,Basic,Europe,9.0,False
C-54961,2024-08-18,2025-02-07,32.91,17,2,Basic,North America,9.0,False
C-54962,2023-08-23,2023-12-07,66.77,10,1,Pro,Latin America,9.0,False
C-54963,2024-04-23,2024-05-25,25.01,1,1,Basic,North America,8.0,False
C-54964,2024-09-15,2025-06-30,33.77,29,5,Basic,North America,7.0,True
C-54965,2023-11-30,2024-03-02,29.26,6,3,Basic,North America,5.0,True
C-54966,2022-06-04,2022-07-12,,4,2,Pro,North America,8.0,False
C-54967,2024-11-02,2025-06-30,68.17,21,1,Pro,Asia Pacific,8.0,True
C-54968,2022-06-23,2022-09-04,68.31,5,1,Pro,North America,4.0,False
C-54969,2024-10-27,2025-06-30,31.79,25,0,Basic,Latin America,5.0,False
C-54970,2024-03-03,2024-05-02,30.42,4,0,Basic,Asia Pacific,7.0,False
C-54971,2023-07-07,2024-03-15,30.46,16,3,Basic,Latin America,9.0,True
C-54972,2022-12-19,2023-02-28,96.68,5,1,Pro,Europe,5.0,False
C-54973,2025-01-13,2025-02-12,58.67,0,2,Pro,Europe,10.0,False
C-54974,2024-02-02,2025-06-30,49.01,118,1,Pro,Latin America,5.0,False
C-54975,2023-05-11,2023-07-21,26.27,7,2,Basic,Latin America,9.0,False
C-54976,2023-07-06,2024-03-15,28.12,17,1,Basic,Latin America,8.0,False
C-54977,2024-07-06,2024-10-11,36.66,8,2,Basic,Asia Pacific,7.0,True
C-54978,2023-04-22,2023-05-22,208.73,3,3,Enterprise,North America,7.0,False
C-54979,2022-09-03,2023-06-12,80.69,16,1,Pro,Asia Pacific,7.0,False
C-54980,2022-09-06,2023-09-03,20.97,32,0,Basic,Latin America,8.0,False
C-54981,2024-04-24,2025-06-30,26.96,37,1,Basic,Europe,8.0,False
C-54982,2023-10-15,2024-06-20,,21,4,Pro,Europe,6.0,True
C-54983,2024-06-17,2024-10-26,21.24,13,1,Basic,Asia Pacific,5.0,False
C-54984,2022-10-20,2024-01-27,24.41,26,1,Basic,Latin America,9.0,False
C-54985,2024-06-12,2025-01-26,63.53,16,3,Pro,Europe,8.0,False
C-54986,2023-04-04,2023-07-27,29.58,10,0,Basic,North America,8.0,False
C-54987,2023-12-11,2025-06-30,121.78,55,2,Enterprise,Asia Pacific,8.0,False
C-54988,2022-06-27,2023-04-18,32.01,18,1,Basic,Asia Pacific,6.0,False
C-54989,2022-12-07,2023-01-06,48.33,0,0,Pro,North America,7.0,False
C-54990,2024-11-23,2025-02-27,30.94,7,1,Basic,Latin America,7.0,False
C-54991,2023-08-07,2023-12-04,24.42,9,3,Basic,Europe,6.0,False
C-54992,2023-07-22,2024-12-22,33.72,32,1,Basic,North America,6.0,True
C-54993,2023-10-27,2025-06-30,69.46,46,3,Pro,Asia Pacific,7.0,False
C-54994,2024-08-30,2024-11-10,27.53,6,1,Basic,Latin America,7.0,True
C-54995,2022-06-08,2022-08-12,77.05,4,2,Pro,Asia Pacific,6.0,False
C-54996,2023-01-16,2023-05-24,201.79,9,1,Enterprise,North America,10.0,False
C-54997,2023-07-22,2024-02-16,68.17,10,1,Pro,Latin America,8.0,False
C-54998,2024-10-26,2025-06-30,146.5,26,2,Enterprise,Europe,6.0,False
C-54999,2022-08-22,2023-03-30,27.64,11,2,Basic,Asia Pacific,6.0,False
